run_id,run_ts_utc,row_index,set_id,number_norm,product_name,set,number,pk_id,pk_name,pk_set_code,pk_set_name,tcg_market,tcg_low,tcg_high,cmk_trend,cmk_avg,cmk_low,price_source,found,served_from,match_method
2026-10-02-174218,2026-10-02T15:42:18Z,111,-113,54,Slowpoke,Lost Thunder,54,pk_9b9fe22100e70672186dfdb505cd2ed667b77f1de013bb0ae56029f6e2a89f01854855aa51934ba33116a44421,Shelgon - 054/113 (Delta Species),DS,Delta Species,2.76,1,33.38,,,,both,True,,set:name_exact+card:number
2026-10-02-174218,2026-10-02T15:42:18Z,85,-240,702,Captain Pikachu (Poke Ball Pattern) (CN),Gem Pack,0702/09,,,,,,,,,,,,False,,set:name_partial+card:none
2026-10-02-174218,2026-10-02T15:42:18Z,86,-242,103,Captain Pikachu (Star Reverse Holo) (CN),Gem Pack Vol. 5,0103/07,,,,,,,,,,,,False,,set:name_exact+card:none
2026-10-02-174218,2026-10-02T15:42:18Z,1,-38,90,Roaring Moon ex (JP),Ancient Roar,090/066,pk_9066173ef42770eb02120f7ccab62b8962ef2af7af9fa4b99cca904b09b49de09082410863b24caf8c03774edcee02,Staryu - 038/190,SV4a,SV4a: Shiny Treasure ex,0.12,0.01,1.35,,,,both,True,,set:name_exact+card:approx
2026-10-02-174218,2026-10-02T15:42:18Z,190,-42,80,Gastly (JP),Wild Force,080/071,pk_3bd4a1937b9058b66ebc675ccd6496ace7c5d5a821d3b89a56265da5fe9008f144ce14aebe0a8a5381ba1f8619849b,Medicham ex - 080/142,SCR,SV07: Stellar Crown,0.73,0.21,50,,,,both,True,,set:name_exact+card:number
2026-10-02-174218,2026-10-02T15:42:18Z,6,,96,Drowzee (JP),Base Set (Japanese),096,,,,,,,,,,,,False,,set:none
2026-10-02-174218,2026-10-02T15:42:18Z,7,,62,Poliwrath (JP),Base Set (Japanese),062,,,,,,,,,,,,False,,set:none
2026-10-02-174218,2026-10-02T15:42:18Z,25,,53,Deoxys VMAX,Brave Stars (Charm),053/127,,,,,,,,,,,,False,,set:none
2026-10-02-174218,2026-10-02T15:42:18Z,26,,19,Raichu V,Brave Stars (Charm),019/127,,,,,,,,,,,,False,,set:none
2026-10-02-174218,2026-10-02T15:42:18Z,27,,129,Solrock,Brave Stars (Charm),129/127,,,,,,,,,,,,False,,set:none
2026-10-02-174218,2026-10-02T15:42:18Z,28,,27,Zeraora V,Brave Stars (Charm),027/127,,,,,,,,,,,,False,,set:none
2026-10-02-174218,2026-10-02T15:42:18Z,29,,113,Oranguru V,Brave Stars (Courage),113/128,,,,,,,,,,,,False,,set:none
2026-10-02-174218,2026-10-02T15:42:18Z,30,,4,Radiant Venusaur,Brave Stars (Courage),004/128,,,,,,,,,,,,False,,set:none
2026-10-02-174218,2026-10-02T15:42:18Z,31,,33,Serperior VSTAR,Brave Stars (Courage),033/128,,,,,,,,,,,,False,,set:none
2026-10-02-174218,2026-10-02T15:42:18Z,87,,38,Blaine's Ninetales (JP),Gym Challenge (Japanese),038,,,,,,,,,,,,False,,set:none
2026-10-02-174218,2026-10-02T15:42:18Z,93,,117,Misty's Seadra (JP),Gym Heroes (Japanese),117,,,,,,,,,,,,False,,set:none
2026-10-02-174218,2026-10-02T15:42:18Z,131,,95,Onix (JP),Neo Genesis (Japanese),095,,,,,,,,,,,,False,,set:none
2026-10-02-174218,2026-10-02T15:42:18Z,186,,60,Poliwag (JP),Vending Series 1 (Blue),060,,,,,,,,,,,,False,,set:none
2026-10-02-174531,2026-10-02T15:45:31Z,111,-113,54,Slowpoke,Lost Thunder,54,2d03e057e6e3be88c6cd23dbfbd0afc4d3d3a0fc1142f1170129ef5d2eb28d9e,Slowpoke,LOT,,,,,,,,cardmarket,True,,set:name_exact+card:name_number
2026-10-02-174531,2026-10-02T15:45:31Z,85,-240,702,Captain Pikachu (Poke Ball Pattern) (CN),Gem Pack,0702/09,,,,,,,,,,,,False,,set:name_partial+card:none
2026-10-02-174531,2026-10-02T15:45:31Z,86,-242,103,Captain Pikachu (Star Reverse Holo) (CN),Gem Pack Vol. 5,0103/07,,,,,,,,,,,,False,,set:name_exact+card:none
2026-10-02-174531,2026-10-02T15:45:31Z,1,-38,90,Roaring Moon ex (JP),Ancient Roar,090/066,,,,,,,,,,,,False,,set:name_exact+card:reject
2026-10-02-174531,2026-10-02T15:45:31Z,190,-42,80,Gastly (JP),Wild Force,080/071,,,,,,,,,,,,False,,set:name_exact+card:reject
2026-10-02-174531,2026-10-02T15:45:31Z,168,1373,17,Rainbow Energy (17),Team Rocket,17,pk_f3e9793a32fe072f5632e5f156bba775f9cb692b953be769991b53d4aed0a9d5dbc6910ad76ca744be005452,Rainbow Energy (17),TR,Team Rocket,40.67,31.11,471.34,,,,both,True,,set:name_exact+card:name_number
2026-10-02-174531,2026-10-02T15:45:31Z,107,1374,67,Abra,Legendary Collection,67,64758a9fba72ea94ca400f3642dfd462047ce2832943d1b05790c8a24daf7c4f,Abra,LC,,,,,,,,cardmarket,True,,set:name_exact+card:name_number
2026-10-02-174531,2026-10-02T15:45:31Z,108,1374,69,Caterpie,Legendary Collection,69,0bff60d5f45980ce17d24f5825446e36c780b53bf24085665b5920ccf4116652,Caterpie,LC,,,,,,,,cardmarket,True,,set:name_exact+card:name_number
2026-10-02-174531,2026-10-02T15:45:31Z,6,,96,Drowzee (JP),Base Set (Japanese),096,,,,,,,,,,,,False,,set:none
2026-10-02-174531,2026-10-02T15:45:31Z,7,,62,Poliwrath (JP),Base Set (Japanese),062,,,,,,,,,,,,False,,set:none
2026-10-02-174531,2026-10-02T15:45:31Z,25,,53,Deoxys VMAX,Brave Stars (Charm),053/127,,,,,,,,,,,,False,,set:none
2026-10-02-174531,2026-10-02T15:45:31Z,26,,19,Raichu V,Brave Stars (Charm),019/127,,,,,,,,,,,,False,,set:none
2026-10-02-174531,2026-10-02T15:45:31Z,27,,129,Solrock,Brave Stars (Charm),129/127,,,,,,,,,,,,False,,set:none
2026-10-02-174531,2026-10-02T15:45:31Z,28,,27,Zeraora V,Brave Stars (Charm),027/127,,,,,,,,,,,,False,,set:none
2026-10-02-174531,2026-10-02T15:45:31Z,29,,113,Oranguru V,Brave Stars (Courage),113/128,,,,,,,,,,,,False,,set:none
2026-10-02-174531,2026-10-02T15:45:31Z,30,,4,Radiant Venusaur,Brave Stars (Courage),004/128,,,,,,,,,,,,False,,set:none
2026-10-02-174531,2026-10-02T15:45:31Z,31,,33,Serperior VSTAR,Brave Stars (Courage),033/128,,,,,,,,,,,,False,,set:none
2026-10-02-174531,2026-10-02T15:45:31Z,87,,38,Blaine's Ninetales (JP),Gym Challenge (Japanese),038,,,,,,,,,,,,False,,set:none
2026-10-02-174531,2026-10-02T15:45:31Z,93,,117,Misty's Seadra (JP),Gym Heroes (Japanese),117,,,,,,,,,,,,False,,set:none
2026-10-02-174531,2026-10-02T15:45:31Z,131,,95,Onix (JP),Neo Genesis (Japanese),095,,,,,,,,,,,,False,,set:none
2026-10-02-174531,2026-10-02T15:45:31Z,186,,60,Poliwag (JP),Vending Series 1 (Blue),060,,,,,,,,,,,,False,,set:none
2026-10-02-174626,2026-10-02T15:46:26Z,111,-113,54,Slowpoke,Lost Thunder,54,2d03e057e6e3be88c6cd23dbfbd0afc4d3d3a0fc1142f1170129ef5d2eb28d9e,Slowpoke,LOT,,,,,,,,cardmarket,True,,set:name_exact+card:name_number
2026-10-02-174626,2026-10-02T15:46:26Z,85,-240,702,Captain Pikachu (Poke Ball Pattern) (CN),Gem Pack,0702/09,,,,,,,,,,,,False,,set:name_partial+card:none
2026-10-02-174626,2026-10-02T15:46:26Z,86,-242,103,Captain Pikachu (Star Reverse Holo) (CN),Gem Pack Vol. 5,0103/07,,,,,,,,,,,,False,,set:name_exact+card:none
2026-10-02-174626,2026-10-02T15:46:26Z,1,-38,90,Roaring Moon ex (JP),Ancient Roar,090/066,pk_b15b78a21cb16a19c9934d004b37011522a8e8b52386bb71544a8e585b45952c55bf11d1852e051cbd9a110a02c8c5,Roaring Moon ex - 090/066,SV4K,SV4K: Ancient Roar,40.63,38,70,,,,both,True,,set:name_exact+card:name_number
2026-10-02-174626,2026-10-02T15:46:26Z,190,-42,80,Gastly (JP),Wild Force,080/071,pk_51b7bb31edf1939b662c9533110216e8a78391e1406d01d0d33503aad9131294e8038a7e215494b2508f352fe7f9ef,Gastly - 080/071,SV5K,SV5K: Wild Force,37.36,33,200,,,,both,True,,set:name_exact+card:name_number
2026-10-02-174626,2026-10-02T15:46:26Z,168,1373,17,Rainbow Energy (17),Team Rocket,17,pk_f3e9793a32fe072f5632e5f156bba775f9cb692b953be769991b53d4aed0a9d5dbc6910ad76ca744be005452,Rainbow Energy (17),TR,Team Rocket,40.67,31.11,471.34,,,,both,True,,set:name_exact+card:name_number
2026-10-02-174626,2026-10-02T15:46:26Z,107,1374,67,Abra,Legendary Collection,67,64758a9fba72ea94ca400f3642dfd462047ce2832943d1b05790c8a24daf7c4f,Abra,LC,,,,,,,,cardmarket,True,,set:name_exact+card:name_number
2026-10-02-174626,2026-10-02T15:46:26Z,108,1374,69,Caterpie,Legendary Collection,69,0bff60d5f45980ce17d24f5825446e36c780b53bf24085665b5920ccf4116652,Caterpie,LC,,,,,,,,cardmarket,True,,set:name_exact+card:name_number
2026-10-02-174626,2026-10-02T15:46:26Z,6,,96,Drowzee (JP),Base Set (Japanese),096,,,,,,,,,,,,False,,set:none
2026-10-02-174626,2026-10-02T15:46:26Z,7,,62,Poliwrath (JP),Base Set (Japanese),062,,,,,,,,,,,,False,,set:none
2026-10-02-174626,2026-10-02T15:46:26Z,25,,53,Deoxys VMAX,Brave Stars (Charm),053/127,,,,,,,,,,,,False,,set:none
2026-10-02-174626,2026-10-02T15:46:26Z,26,,19,Raichu V,Brave Stars (Charm),019/127,,,,,,,,,,,,False,,set:none
2026-10-02-174626,2026-10-02T15:46:26Z,27,,129,Solrock,Brave Stars (Charm),129/127,,,,,,,,,,,,False,,set:none
2026-10-02-174626,2026-10-02T15:46:26Z,28,,27,Zeraora V,Brave Stars (Charm),027/127,,,,,,,,,,,,False,,set:none
2026-10-02-174626,2026-10-02T15:46:26Z,29,,113,Oranguru V,Brave Stars (Courage),113/128,,,,,,,,,,,,False,,set:none
2026-10-02-174626,2026-10-02T15:46:26Z,30,,4,Radiant Venusaur,Brave Stars (Courage),004/128,,,,,,,,,,,,False,,set:none
2026-10-02-174626,2026-10-02T15:46:26Z,31,,33,Serperior VSTAR,Brave Stars (Courage),033/128,,,,,,,,,,,,False,,set:none
2026-10-02-174626,2026-10-02T15:46:26Z,87,,38,Blaine's Ninetales (JP),Gym Challenge (Japanese),038,,,,,,,,,,,,False,,set:none
2026-10-02-174626,2026-10-02T15:46:26Z,93,,117,Misty's Seadra (JP),Gym Heroes (Japanese),117,,,,,,,,,,,,False,,set:none
2026-10-02-174626,2026-10-02T15:46:26Z,131,,95,Onix (JP),Neo Genesis (Japanese),095,,,,,,,,,,,,False,,set:none
2026-10-02-174626,2026-10-02T15:46:26Z,186,,60,Poliwag (JP),Vending Series 1 (Blue),060,,,,,,,,,,,,False,,set:none
2026-10-02-174840,2026-10-02T15:48:40Z,111,-113,54,Slowpoke,Lost Thunder,54,2d03e057e6e3be88c6cd23dbfbd0afc4d3d3a0fc1142f1170129ef5d2eb28d9e,Slowpoke,LOT,,,,,,,,cardmarket,True,cache,set:name_exact+card:name_number
2026-10-02-174840,2026-10-02T15:48:40Z,1,-38,90,Roaring Moon ex (JP),Ancient Roar,090/066,pk_b15b78a21cb16a19c9934d004b37011522a8e8b52386bb71544a8e585b45952c55bf11d1852e051cbd9a110a02c8c5,Roaring Moon ex - 090/066,SV4K,SV4K: Ancient Roar,40.63,38,70,,,,both,True,cache,set:name_exact+card:name_number
2026-10-02-174840,2026-10-02T15:48:40Z,190,-42,80,Gastly (JP),Wild Force,080/071,pk_51b7bb31edf1939b662c9533110216e8a78391e1406d01d0d33503aad9131294e8038a7e215494b2508f352fe7f9ef,Gastly - 080/071,SV5K,SV5K: Wild Force,37.36,33,200,,,,both,True,cache,set:name_exact+card:name_number
2026-10-02-174840,2026-10-02T15:48:40Z,168,1373,17,Rainbow Energy (17),Team Rocket,17,pk_f3e9793a32fe072f5632e5f156bba775f9cb692b953be769991b53d4aed0a9d5dbc6910ad76ca744be005452,Rainbow Energy (17),TR,Team Rocket,40.67,31.11,471.34,,,,both,True,cache,set:name_exact+card:name_number
2026-10-02-174840,2026-10-02T15:48:40Z,107,1374,67,Abra,Legendary Collection,67,64758a9fba72ea94ca400f3642dfd462047ce2832943d1b05790c8a24daf7c4f,Abra,LC,,,,,,,,cardmarket,True,cache,set:name_exact+card:name_number
2026-10-02-174840,2026-10-02T15:48:40Z,108,1374,69,Caterpie,Legendary Collection,69,0bff60d5f45980ce17d24f5825446e36c780b53bf24085665b5920ccf4116652,Caterpie,LC,,,,,,,,cardmarket,True,cache,set:name_exact+card:name_number
2026-10-02-174840,2026-10-02T15:48:40Z,85,-240,702,Captain Pikachu (Poke Ball Pattern) (CN),Gem Pack,0702/09,,,,,,,,,,,,False,miss,set:name_partial+card:none
2026-10-02-174840,2026-10-02T15:48:40Z,86,-242,103,Captain Pikachu (Star Reverse Holo) (CN),Gem Pack Vol. 5,0103/07,,,,,,,,,,,,False,miss,set:name_exact+card:none
2026-10-02-174840,2026-10-02T15:48:40Z,161,1384,8,Rayquaza C,Supreme Victors,8,pk_53542c3fd04fb92cd5a82cfa2eba564153cd487d9c80bcc1b4aca190c302f9b06d3c1c4a6a4411b8,Rayquaza C,SV,Supreme Victors,70.62,399,499.99,,,,both,True,fetched,set:name_exact+card:name_number
2026-10-02-174840,2026-10-02T15:48:40Z,142,1385,73,Terrakion,Noble Victories,73,pk_29af6af6f1579d15f2dc8fbf301d7dcced9a1799b83987267e30342e1bf204df419ec41619e15fae2397df4146,Terrakion,NVI,Noble Victories,2.43,1.9,32.84,,,,both,True,fetched,set:name_exact+card:name_number
2026-10-02-174840,2026-10-02T15:48:40Z,141,1385,84,Cobalion,Noble Victories,84,pk_33cb896ef57cbbe0d68f0df0b617bba574ae49a5bfbf93d1d417586c12beeb4c46097213d6aee86acd292a0134,Cobalion,NVI,Noble Victories,1.62,1,27.24,,,,both,True,fetched,set:name_exact+card:name_number
2026-10-02-174840,2026-10-02T15:48:40Z,191,1387,68,Sableye,XY Base Set,68,pk_b3f70dbc61dfa59040555de8fcd10439bad07c0f7bdbaeb1c250913f148f6e29693e771be436b2bfb1686c893d,Sableye,XY,XY Base Set,0.53,0.2,14.99,,,,both,True,fetched,set:name_exact+card:name_number
2026-10-02-174840,2026-10-02T15:48:40Z,132,1389,17,Entei (17),Neo Revelation,17,pk_a2178f6bd72942e0f3deafa700ac9da07409e5cbf5963f2060b67cd7203d72234ad97eec6e40d85b96bb966f,Entei (17),N3,Neo Revelation,82.23,35.89,848.84,,,,tcgplayer,True,fetched,set:name_exact+card:name_number
2026-10-02-174840,2026-10-02T15:48:40Z,133,1389,18,Ho-oh,Neo Revelation,18,pk_5218d78169cd302950269c4fb4739d0b3b2cce7dd477873ff2a2aa22516b021157b28dd95285f629eec7237d,Ho-oh (18),N3,Neo Revelation,117.89,54.99,9999,,,,tcgplayer,True,fetched,set:name_exact+card:name_number
2026-10-02-174840,2026-10-02T15:48:40Z,134,1389,20,Lugia,Neo Revelation,20,pk_7c352b230d2d259ab112797b5bef75c9e41525839963501e22b576261acc1cc20d71efc7b969dbae14e3170d,Lugia,N3,Neo Revelation,62.57,35,9999,,,,tcgplayer,True,fetched,set:name_exact+card:name_number
2026-10-02-174840,2026-10-02T15:48:40Z,72,1395,64,Squirtle (64),EX Crystal Guardians,64,pk_5a4bc5089043695ae6d3c18175d66b321dc2d9fdc445cdf61812a7b102de446b767e5d2e6e62f07d30f9e11549,Squirtle - 064/100,CG,Crystal Guardians,17.2,4.18,96.27,,,,both,True,fetched,set:name_fuzzy+card:name_number
2026-10-02-174840,2026-10-02T15:48:40Z,126,1396,57,Cyndaquil (57),Neo Genesis,57,pk_bfb8cfc6531175cd476d1b1f977a2a11de55edc419b184e945db3318471dfa971345194ed7aefa51384457c1aa,Cyndaquil (57),N1,Neo Genesis,14.09,2.5,96.95,,,,tcgplayer,True,fetched,set:name_exact+card:name_number
2026-10-02-174840,2026-10-02T15:48:40Z,128,1396,65,Mareep,Neo Genesis,65,pk_e4adcb9d0a11061a1d241a92586f8bed99896ce37b6ce0be661494253bd9e9ed4f003a8c0c73874ed687b0fd2a,Mareep,N1,Neo Genesis,3.65,1.8,30,,,,tcgplayer,True,fetched,set:name_exact+card:name_number
2026-10-02-174840,2026-10-02T15:48:40Z,129,1396,74,Snubbull,Neo Genesis,74,pk_aa787e8dc3ff3a4203b1e0768eb14cae7e9d09efa6b30aa1221901f2ac59f1ec943c7ebc9cc5ae5b03ba23e0e3,Snubbull,N1,Neo Genesis,2.27,1,50,,,,tcgplayer,True,fetched,set:name_exact+card:name_number
2026-10-02-174840,2026-10-02T15:48:40Z,127,1396,8,Kingdra,Neo Genesis,8,,,,,,,,,,,,False,miss,set:name_exact+card:reject
2026-10-02-174840,2026-10-02T15:48:40Z,130,1396,80,Totodile (80),Neo Genesis,80,pk_fa6f1636ccd356a500d6a2af0720eda65816adaebd1fbacefaaa34f8e4f912587436ef87cfa8cf2ecd11ec4af1,Totodile (80),N1,Neo Genesis,1.92,0.4,90,,,,tcgplayer,True,fetched,set:name_exact+card:name_number
2026-10-02-174840,2026-10-02T15:48:40Z,82,1398,27,Ho-oh,EX Unseen Forces,27/115,pk_62eed384aebb3470749ae32f6182b79013e340eb290a373b098b18c57f3b0f8b4d47084c06d64b7320270e40a3,Ho-Oh,UF,Unseen Forces,7.81,6.77,74.74,,,,both,True,fetched,set:name_fuzzy+card:name_number
2026-10-02-174840,2026-10-02T15:48:40Z,81,1398,54,Cyndaquil,EX Unseen Forces,54/115,pk_00f37841c6bd4ab2ce421090745d1f2d849d935d0039943b7d9e8b3cf7f0d4e20abd27dcf2a93ad167fd7c7444,Cyndaquil,UF,Unseen Forces,2.6,0.4,44.6,,,,both,True,fetched,set:name_fuzzy+card:name_number
2026-10-02-174840,2026-10-02T15:48:40Z,185,1403,10,Umbreon,Undaunted,10,pk_a2bba8e9e05f3edc963632ced6b84410adfb96ba54c9d82dc7b6cbbaba99d12fb7ead9923ba1651bd0bbc06b,Umbreon,UD,Undaunted,96.83,90,679.34,,,,both,True,fetched,set:name_exact+card:name_number
2026-10-02-174840,2026-10-02T15:48:40Z,109,1409,15,Virizion,Legendary Treasures,15,pk_b6ec8b056fe45cccee2b5c65490dff417cde2717807cf5a3f2118655482d11fc65ffaced33f37c4a1c70ddf8fb,Virizion,LTR,Legendary Treasures,1.7,0.99,49.99,,,,both,True,fetched,set:name_exact+card:name_number
2026-10-02-174840,2026-10-02T15:48:40Z,74,1410,102,Fire Energy,EX Emerald,102,pk_2d41fe6f6139544ef4c99bbda7da1321e6c2473445123eba8fb5665a1ac2c34d3c87ba43f30fdc46876ce8b5b577,Fire Energy,EM,Emerald,17.6,12.65,184.24,,,,both,True,fetched,set:name_fuzzy+card:name_number
2026-10-02-174840,2026-10-02T15:48:40Z,156,1413,126,Virbank City Gym,Plasma Storm,126,pk_de79b0b95e8292740c0042a5d1a751ba4b4488dd327a543d06b2e9e4e855427d379c79dd1d83ed3284d479d87410,Virbank City Gym,PLS,Plasma Storm,5.13,3,47.14,,,,both,True,fetched,set:name_exact+card:name_number
2026-10-02-174840,2026-10-02T15:48:40Z,77,1416,60,Doduo,EX Hidden Legends,60,pk_fd55e9b969ae651b8fa7e8e5266a9b19f4878b62f396394f68617090ad2e35707fdf137feef3622030025b6357,Doduo,HL,Hidden Legends,0.36,0.1,19.82,,,,both,True,fetched,set:name_fuzzy+card:name_number
2026-10-02-174840,2026-10-02T15:48:40Z,110,1417,52,Dragonair,Legends Awakened,52,pk_8a5b982b9d66dfb7a2f80c28eb6f28939fe2bb3d8f9bc9ce315cb685e007f425185a8c93eb6253e66d5521401a,Dragonair,LA,Legends Awakened,12.96,6.2,109.74,,,,both,True,fetched,set:name_exact+card:name_number
2026-10-02-174840,2026-10-02T15:48:40Z,75,1419,46,Poliwhirl,EX FireRed & LeafGreen,46,pk_7e69972295f1bdf2aa0b87d8423ec9f4692d6bf91ea90b3fcf9bca02ce73f96421c30587a05530932f6f8bf58d,Poliwhirl,RG,FireRed & LeafGreen,4.62,4.91,35,,,,both,True,fetched,set:name_fuzzy+card:name_number
2026-10-02-174840,2026-10-02T15:48:40Z,76,1419,78,Seel,EX FireRed & LeafGreen,78,pk_4f7665e05b3800de8173476326fccbe6afe2f7dc2ddfd0483eddc541869cdcda3a3001ea292dbe2986c919a6e7,Seel,RG,FireRed & LeafGreen,0.49,0.1,16.7,,,,both,True,fetched,set:name_fuzzy+card:name_number
2026-10-02-174840,2026-10-02T15:48:40Z,73,1429,41,Dragonair,EX Delta Species,41,dc964117624a66a340572753e70c3911df2a612d13b00a1a1a81a2b5fe867f45,Dragonair δ Delta Species,DS,,,,,,,,cardmarket,True,fetched,set:name_fuzzy+card:set_number
2026-10-02-174840,2026-10-02T15:48:40Z,54,1430,117,Energy Search,Diamond and Pearl,117,pk_627f265dd3440d20a05ef0dcd6bbec10d568ec410646c19b78dbbc823804e63489ab9dfeb34e931ccfe78ad24e16,Energy Search,DP,Diamond and Pearl,0.18,0.02,19.82,,,,both,True,fetched,set:name_exact+card:name_number
2026-10-02-174840,2026-10-02T15:48:40Z,55,1430,117,Energy Search,Diamond and Pearl,117,pk_627f265dd3440d20a05ef0dcd6bbec10d568ec410646c19b78dbbc823804e63489ab9dfeb34e931ccfe78ad24e16,Energy Search,DP,Diamond and Pearl,0.18,0.02,19.82,,,,both,True,fetched,set:name_exact+card:name_number
2026-10-02-174840,2026-10-02T15:48:40Z,53,1430,43,Budew,Diamond and Pearl,43,pk_edbbf2c21eaaaefb3f0d1d60c919372329675b3d2bb64627fab910861cdacd46e47871441b8082e8d8dfb3e8c4,Budew,DP,Diamond and Pearl,4.57,0.99,52.94,,,,both,True,fetched,set:name_exact+card:name_number
2026-10-02-174840,2026-10-02T15:48:40Z,125,1434,32,Umbreon (32),Neo Discovery,32,pk_ed3624519e47271257a82a3f6a3f932f50dad08b11a8244c3c2ca9103cd37f6356994c8ee8228cd98a12a01b,Umbreon (32),N2,Neo Discovery,300,300,499.98,,,,tcgplayer,True,fetched,set:name_exact+card:name_number
2026-10-02-174840,2026-10-02T15:48:40Z,124,1434,66,Tyrogue,Neo Discovery,66,pk_cac6e18a7e92b7abc0fad72666632c2ab9ea52faae88fb360ae74fccd6961a2fba8edf81f3deee1731ec78be,Tyrogue,N2,Neo Discovery,3.29,1.86,32.12,,,,tcgplayer,True,fetched,set:name_exact+card:name_number
2026-10-02-174840,2026-10-02T15:48:40Z,89,1441,106,Brock's Training Method,Gym Heroes,106,pk_6b727457ca0fe15c2fc1455db4d1de85bc326f2dede3de89c8e16022f7b6e5d6c5f6651d12bc8ea471b8267db956,Brock's Training Method,G1,Gym Heroes,1.14,0.35,5,,,,tcgplayer,True,fetched,set:name_exact+card:name_number
2026-10-02-174840,2026-10-02T15:48:40Z,92,1441,123,Misty's Duel,Gym Heroes,123,pk_1f77393ac0c2cff342ce80e4f83d4b039d455da883d5c5279fddab9181415ee12a7a859d522a2813dc92f31dccc6,Misty's Duel,G1,Gym Heroes,5.42,2.2,52.94,,,,tcgplayer,True,fetched,set:name_exact+card:name_number
2026-10-02-174840,2026-10-02T15:48:40Z,6,,96,Drowzee (JP),Base Set (Japanese),096,,,,,,,,,,,,False,orphan,set:none
2026-10-02-174840,2026-10-02T15:48:40Z,7,,62,Poliwrath (JP),Base Set (Japanese),062,,,,,,,,,,,,False,orphan,set:none
2026-10-02-174840,2026-10-02T15:48:40Z,25,,53,Deoxys VMAX,Brave Stars (Charm),053/127,,,,,,,,,,,,False,orphan,set:none
2026-10-02-174840,2026-10-02T15:48:40Z,26,,19,Raichu V,Brave Stars (Charm),019/127,,,,,,,,,,,,False,orphan,set:none
2026-10-02-174840,2026-10-02T15:48:40Z,27,,129,Solrock,Brave Stars (Charm),129/127,,,,,,,,,,,,False,orphan,set:none
2026-10-02-174840,2026-10-02T15:48:40Z,28,,27,Zeraora V,Brave Stars (Charm),027/127,,,,,,,,,,,,False,orphan,set:none
2026-10-02-174840,2026-10-02T15:48:40Z,29,,113,Oranguru V,Brave Stars (Courage),113/128,,,,,,,,,,,,False,orphan,set:none
2026-10-02-174840,2026-10-02T15:48:40Z,30,,4,Radiant Venusaur,Brave Stars (Courage),004/128,,,,,,,,,,,,False,orphan,set:none
2026-10-02-174840,2026-10-02T15:48:40Z,31,,33,Serperior VSTAR,Brave Stars (Courage),033/128,,,,,,,,,,,,False,orphan,set:none
2026-10-02-174840,2026-10-02T15:48:40Z,87,,38,Blaine's Ninetales (JP),Gym Challenge (Japanese),038,,,,,,,,,,,,False,orphan,set:none
2026-10-02-174840,2026-10-02T15:48:40Z,93,,117,Misty's Seadra (JP),Gym Heroes (Japanese),117,,,,,,,,,,,,False,orphan,set:none
2026-10-02-174840,2026-10-02T15:48:40Z,131,,95,Onix (JP),Neo Genesis (Japanese),095,,,,,,,,,,,,False,orphan,set:none
2026-10-02-174840,2026-10-02T15:48:40Z,186,,60,Poliwag (JP),Vending Series 1 (Blue),060,,,,,,,,,,,,False,orphan,set:none
2026-10-02-175019,2026-10-02T15:50:19Z,111,-113,54,Slowpoke,Lost Thunder,54,2d03e057e6e3be88c6cd23dbfbd0afc4d3d3a0fc1142f1170129ef5d2eb28d9e,Slowpoke,LOT,,,,,,,,cardmarket,True,cache,set:name_exact+card:name_number
2026-10-02-175019,2026-10-02T15:50:19Z,1,-38,90,Roaring Moon ex (JP),Ancient Roar,090/066,pk_b15b78a21cb16a19c9934d004b37011522a8e8b52386bb71544a8e585b45952c55bf11d1852e051cbd9a110a02c8c5,Roaring Moon ex - 090/066,SV4K,SV4K: Ancient Roar,40.63,38,70,,,,both,True,cache,set:name_exact+card:name_number
2026-10-02-175019,2026-10-02T15:50:19Z,190,-42,80,Gastly (JP),Wild Force,080/071,pk_51b7bb31edf1939b662c9533110216e8a78391e1406d01d0d33503aad9131294e8038a7e215494b2508f352fe7f9ef,Gastly - 080/071,SV5K,SV5K: Wild Force,37.36,33,200,,,,both,True,cache,set:name_exact+card:name_number
2026-10-02-175019,2026-10-02T15:50:19Z,168,1373,17,Rainbow Energy (17),Team Rocket,17,pk_f3e9793a32fe072f5632e5f156bba775f9cb692b953be769991b53d4aed0a9d5dbc6910ad76ca744be005452,Rainbow Energy (17),TR,Team Rocket,40.67,31.11,471.34,,,,both,True,cache,set:name_exact+card:name_number
2026-10-02-175019,2026-10-02T15:50:19Z,107,1374,67,Abra,Legendary Collection,67,64758a9fba72ea94ca400f3642dfd462047ce2832943d1b05790c8a24daf7c4f,Abra,LC,,,,,,,,cardmarket,True,cache,set:name_exact+card:name_number
2026-10-02-175019,2026-10-02T15:50:19Z,108,1374,69,Caterpie,Legendary Collection,69,0bff60d5f45980ce17d24f5825446e36c780b53bf24085665b5920ccf4116652,Caterpie,LC,,,,,,,,cardmarket,True,cache,set:name_exact+card:name_number
2026-10-02-175019,2026-10-02T15:50:19Z,161,1384,8,Rayquaza C,Supreme Victors,8,pk_53542c3fd04fb92cd5a82cfa2eba564153cd487d9c80bcc1b4aca190c302f9b06d3c1c4a6a4411b8,Rayquaza C,SV,Supreme Victors,70.62,399,499.99,,,,both,True,cache,set:name_exact+card:name_number
2026-10-02-175019,2026-10-02T15:50:19Z,142,1385,73,Terrakion,Noble Victories,73,pk_29af6af6f1579d15f2dc8fbf301d7dcced9a1799b83987267e30342e1bf204df419ec41619e15fae2397df4146,Terrakion,NVI,Noble Victories,2.43,1.9,32.84,,,,both,True,cache,set:name_exact+card:name_number
2026-10-02-175019,2026-10-02T15:50:19Z,141,1385,84,Cobalion,Noble Victories,84,pk_33cb896ef57cbbe0d68f0df0b617bba574ae49a5bfbf93d1d417586c12beeb4c46097213d6aee86acd292a0134,Cobalion,NVI,Noble Victories,1.62,1,27.24,,,,both,True,cache,set:name_exact+card:name_number
2026-10-02-175019,2026-10-02T15:50:19Z,191,1387,68,Sableye,XY Base Set,68,pk_b3f70dbc61dfa59040555de8fcd10439bad07c0f7bdbaeb1c250913f148f6e29693e771be436b2bfb1686c893d,Sableye,XY,XY Base Set,0.53,0.2,14.99,,,,both,True,cache,set:name_exact+card:name_number
2026-10-02-175019,2026-10-02T15:50:19Z,132,1389,17,Entei (17),Neo Revelation,17,pk_a2178f6bd72942e0f3deafa700ac9da07409e5cbf5963f2060b67cd7203d72234ad97eec6e40d85b96bb966f,Entei (17),N3,Neo Revelation,82.23,35.89,848.84,,,,tcgplayer,True,cache,set:name_exact+card:name_number
2026-10-02-175019,2026-10-02T15:50:19Z,133,1389,18,Ho-oh,Neo Revelation,18,pk_5218d78169cd302950269c4fb4739d0b3b2cce7dd477873ff2a2aa22516b021157b28dd95285f629eec7237d,Ho-oh (18),N3,Neo Revelation,117.89,54.99,9999,,,,tcgplayer,True,cache,set:name_exact+card:name_number
2026-10-02-175019,2026-10-02T15:50:19Z,134,1389,20,Lugia,Neo Revelation,20,pk_7c352b230d2d259ab112797b5bef75c9e41525839963501e22b576261acc1cc20d71efc7b969dbae14e3170d,Lugia,N3,Neo Revelation,62.57,35,9999,,,,tcgplayer,True,cache,set:name_exact+card:name_number
2026-10-02-175019,2026-10-02T15:50:19Z,72,1395,64,Squirtle (64),EX Crystal Guardians,64,pk_5a4bc5089043695ae6d3c18175d66b321dc2d9fdc445cdf61812a7b102de446b767e5d2e6e62f07d30f9e11549,Squirtle - 064/100,CG,Crystal Guardians,17.2,4.18,96.27,,,,both,True,cache,set:name_fuzzy+card:name_number
2026-10-02-175019,2026-10-02T15:50:19Z,126,1396,57,Cyndaquil (57),Neo Genesis,57,pk_bfb8cfc6531175cd476d1b1f977a2a11de55edc419b184e945db3318471dfa971345194ed7aefa51384457c1aa,Cyndaquil (57),N1,Neo Genesis,14.09,2.5,96.95,,,,tcgplayer,True,cache,set:name_exact+card:name_number
2026-10-02-175019,2026-10-02T15:50:19Z,128,1396,65,Mareep,Neo Genesis,65,pk_e4adcb9d0a11061a1d241a92586f8bed99896ce37b6ce0be661494253bd9e9ed4f003a8c0c73874ed687b0fd2a,Mareep,N1,Neo Genesis,3.65,1.8,30,,,,tcgplayer,True,cache,set:name_exact+card:name_number
2026-10-02-175019,2026-10-02T15:50:19Z,129,1396,74,Snubbull,Neo Genesis,74,pk_aa787e8dc3ff3a4203b1e0768eb14cae7e9d09efa6b30aa1221901f2ac59f1ec943c7ebc9cc5ae5b03ba23e0e3,Snubbull,N1,Neo Genesis,2.27,1,50,,,,tcgplayer,True,cache,set:name_exact+card:name_number
2026-10-02-175019,2026-10-02T15:50:19Z,130,1396,80,Totodile (80),Neo Genesis,80,pk_fa6f1636ccd356a500d6a2af0720eda65816adaebd1fbacefaaa34f8e4f912587436ef87cfa8cf2ecd11ec4af1,Totodile (80),N1,Neo Genesis,1.92,0.4,90,,,,tcgplayer,True,cache,set:name_exact+card:name_number
2026-10-02-175019,2026-10-02T15:50:19Z,82,1398,27,Ho-oh,EX Unseen Forces,27/115,pk_62eed384aebb3470749ae32f6182b79013e340eb290a373b098b18c57f3b0f8b4d47084c06d64b7320270e40a3,Ho-Oh,UF,Unseen Forces,7.81,6.77,74.74,,,,both,True,cache,set:name_fuzzy+card:name_number
2026-10-02-175019,2026-10-02T15:50:19Z,81,1398,54,Cyndaquil,EX Unseen Forces,54/115,pk_00f37841c6bd4ab2ce421090745d1f2d849d935d0039943b7d9e8b3cf7f0d4e20abd27dcf2a93ad167fd7c7444,Cyndaquil,UF,Unseen Forces,2.6,0.4,44.6,,,,both,True,cache,set:name_fuzzy+card:name_number
2026-10-02-175019,2026-10-02T15:50:19Z,185,1403,10,Umbreon,Undaunted,10,pk_a2bba8e9e05f3edc963632ced6b84410adfb96ba54c9d82dc7b6cbbaba99d12fb7ead9923ba1651bd0bbc06b,Umbreon,UD,Undaunted,96.83,90,679.34,,,,both,True,cache,set:name_exact+card:name_number
2026-10-02-175019,2026-10-02T15:50:19Z,109,1409,15,Virizion,Legendary Treasures,15,pk_b6ec8b056fe45cccee2b5c65490dff417cde2717807cf5a3f2118655482d11fc65ffaced33f37c4a1c70ddf8fb,Virizion,LTR,Legendary Treasures,1.7,0.99,49.99,,,,both,True,cache,set:name_exact+card:name_number
2026-10-02-175019,2026-10-02T15:50:19Z,74,1410,102,Fire Energy,EX Emerald,102,pk_2d41fe6f6139544ef4c99bbda7da1321e6c2473445123eba8fb5665a1ac2c34d3c87ba43f30fdc46876ce8b5b577,Fire Energy,EM,Emerald,17.6,12.65,184.24,,,,both,True,cache,set:name_fuzzy+card:name_number
2026-10-02-175019,2026-10-02T15:50:19Z,156,1413,126,Virbank City Gym,Plasma Storm,126,pk_de79b0b95e8292740c0042a5d1a751ba4b4488dd327a543d06b2e9e4e855427d379c79dd1d83ed3284d479d87410,Virbank City Gym,PLS,Plasma Storm,5.13,3,47.14,,,,both,True,cache,set:name_exact+card:name_number
2026-10-02-175019,2026-10-02T15:50:19Z,77,1416,60,Doduo,EX Hidden Legends,60,pk_fd55e9b969ae651b8fa7e8e5266a9b19f4878b62f396394f68617090ad2e35707fdf137feef3622030025b6357,Doduo,HL,Hidden Legends,0.36,0.1,19.82,,,,both,True,cache,set:name_fuzzy+card:name_number
2026-10-02-175019,2026-10-02T15:50:19Z,110,1417,52,Dragonair,Legends Awakened,52,pk_8a5b982b9d66dfb7a2f80c28eb6f28939fe2bb3d8f9bc9ce315cb685e007f425185a8c93eb6253e66d5521401a,Dragonair,LA,Legends Awakened,12.96,6.2,109.74,,,,both,True,cache,set:name_exact+card:name_number
2026-10-02-175019,2026-10-02T15:50:19Z,75,1419,46,Poliwhirl,EX FireRed & LeafGreen,46,pk_7e69972295f1bdf2aa0b87d8423ec9f4692d6bf91ea90b3fcf9bca02ce73f96421c30587a05530932f6f8bf58d,Poliwhirl,RG,FireRed & LeafGreen,4.62,4.91,35,,,,both,True,cache,set:name_fuzzy+card:name_number
2026-10-02-175019,2026-10-02T15:50:19Z,76,1419,78,Seel,EX FireRed & LeafGreen,78,pk_4f7665e05b3800de8173476326fccbe6afe2f7dc2ddfd0483eddc541869cdcda3a3001ea292dbe2986c919a6e7,Seel,RG,FireRed & LeafGreen,0.49,0.1,16.7,,,,both,True,cache,set:name_fuzzy+card:name_number
2026-10-02-175019,2026-10-02T15:50:19Z,73,1429,41,Dragonair,EX Delta Species,41,dc964117624a66a340572753e70c3911df2a612d13b00a1a1a81a2b5fe867f45,Dragonair δ Delta Species,DS,,,,,,,,cardmarket,True,cache,set:name_fuzzy+card:set_number
2026-10-02-175019,2026-10-02T15:50:19Z,54,1430,117,Energy Search,Diamond and Pearl,117,pk_627f265dd3440d20a05ef0dcd6bbec10d568ec410646c19b78dbbc823804e63489ab9dfeb34e931ccfe78ad24e16,Energy Search,DP,Diamond and Pearl,0.18,0.02,19.82,,,,both,True,cache,set:name_exact+card:name_number
2026-10-02-175019,2026-10-02T15:50:19Z,55,1430,117,Energy Search,Diamond and Pearl,117,pk_627f265dd3440d20a05ef0dcd6bbec10d568ec410646c19b78dbbc823804e63489ab9dfeb34e931ccfe78ad24e16,Energy Search,DP,Diamond and Pearl,0.18,0.02,19.82,,,,both,True,cache,set:name_exact+card:name_number
2026-10-02-175019,2026-10-02T15:50:19Z,53,1430,43,Budew,Diamond and Pearl,43,pk_edbbf2c21eaaaefb3f0d1d60c919372329675b3d2bb64627fab910861cdacd46e47871441b8082e8d8dfb3e8c4,Budew,DP,Diamond and Pearl,4.57,0.99,52.94,,,,both,True,cache,set:name_exact+card:name_number
2026-10-02-175019,2026-10-02T15:50:19Z,125,1434,32,Umbreon (32),Neo Discovery,32,pk_ed3624519e47271257a82a3f6a3f932f50dad08b11a8244c3c2ca9103cd37f6356994c8ee8228cd98a12a01b,Umbreon (32),N2,Neo Discovery,300,300,499.98,,,,tcgplayer,True,cache,set:name_exact+card:name_number
2026-10-02-175019,2026-10-02T15:50:19Z,124,1434,66,Tyrogue,Neo Discovery,66,pk_cac6e18a7e92b7abc0fad72666632c2ab9ea52faae88fb360ae74fccd6961a2fba8edf81f3deee1731ec78be,Tyrogue,N2,Neo Discovery,3.29,1.86,32.12,,,,tcgplayer,True,cache,set:name_exact+card:name_number
2026-10-02-175019,2026-10-02T15:50:19Z,89,1441,106,Brock's Training Method,Gym Heroes,106,pk_6b727457ca0fe15c2fc1455db4d1de85bc326f2dede3de89c8e16022f7b6e5d6c5f6651d12bc8ea471b8267db956,Brock's Training Method,G1,Gym Heroes,1.14,0.35,5,,,,tcgplayer,True,cache,set:name_exact+card:name_number
2026-10-02-175019,2026-10-02T15:50:19Z,92,1441,123,Misty's Duel,Gym Heroes,123,pk_1f77393ac0c2cff342ce80e4f83d4b039d455da883d5c5279fddab9181415ee12a7a859d522a2813dc92f31dccc6,Misty's Duel,G1,Gym Heroes,5.42,2.2,52.94,,,,tcgplayer,True,cache,set:name_exact+card:name_number
2026-10-02-175019,2026-10-02T15:50:19Z,6,,96,Drowzee (JP),Base Set (Japanese),096,,,,,,,,,,,,False,orphan,set:none
2026-10-02-175019,2026-10-02T15:50:19Z,7,,62,Poliwrath (JP),Base Set (Japanese),062,,,,,,,,,,,,False,orphan,set:none
2026-10-02-175019,2026-10-02T15:50:19Z,25,,53,Deoxys VMAX,Brave Stars (Charm),053/127,,,,,,,,,,,,False,orphan,set:none
2026-10-02-175019,2026-10-02T15:50:19Z,26,,19,Raichu V,Brave Stars (Charm),019/127,,,,,,,,,,,,False,orphan,set:none
2026-10-02-175019,2026-10-02T15:50:19Z,27,,129,Solrock,Brave Stars (Charm),129/127,,,,,,,,,,,,False,orphan,set:none
2026-10-02-175019,2026-10-02T15:50:19Z,28,,27,Zeraora V,Brave Stars (Charm),027/127,,,,,,,,,,,,False,orphan,set:none
2026-10-02-175019,2026-10-02T15:50:19Z,29,,113,Oranguru V,Brave Stars (Courage),113/128,,,,,,,,,,,,False,orphan,set:none
2026-10-02-175019,2026-10-02T15:50:19Z,30,,4,Radiant Venusaur,Brave Stars (Courage),004/128,,,,,,,,,,,,False,orphan,set:none
2026-10-02-175019,2026-10-02T15:50:19Z,31,,33,Serperior VSTAR,Brave Stars (Courage),033/128,,,,,,,,,,,,False,orphan,set:none
2026-10-02-175019,2026-10-02T15:50:19Z,87,,38,Blaine's Ninetales (JP),Gym Challenge (Japanese),038,,,,,,,,,,,,False,orphan,set:none
2026-10-02-175019,2026-10-02T15:50:19Z,93,,117,Misty's Seadra (JP),Gym Heroes (Japanese),117,,,,,,,,,,,,False,orphan,set:none
2026-10-02-175019,2026-10-02T15:50:19Z,131,,95,Onix (JP),Neo Genesis (Japanese),095,,,,,,,,,,,,False,orphan,set:none
2026-10-02-175019,2026-10-02T15:50:19Z,186,,60,Poliwag (JP),Vending Series 1 (Blue),060,,,,,,,,,,,,False,orphan,set:none
2026-10-02-175033,2026-10-02T15:50:33Z,111,-113,54,Slowpoke,Lost Thunder,54,2d03e057e6e3be88c6cd23dbfbd0afc4d3d3a0fc1142f1170129ef5d2eb28d9e,Slowpoke,LOT,,,,,,,,cardmarket,True,cache,set:name_exact+card:name_number
2026-10-02-175033,2026-10-02T15:50:33Z,1,-38,90,Roaring Moon ex (JP),Ancient Roar,090/066,pk_b15b78a21cb16a19c9934d004b37011522a8e8b52386bb71544a8e585b45952c55bf11d1852e051cbd9a110a02c8c5,Roaring Moon ex - 090/066,SV4K,SV4K: Ancient Roar,40.63,38,70,,,,both,True,cache,set:name_exact+card:name_number
2026-10-02-175033,2026-10-02T15:50:33Z,190,-42,80,Gastly (JP),Wild Force,080/071,pk_51b7bb31edf1939b662c9533110216e8a78391e1406d01d0d33503aad9131294e8038a7e215494b2508f352fe7f9ef,Gastly - 080/071,SV5K,SV5K: Wild Force,37.36,33,200,,,,both,True,cache,set:name_exact+card:name_number
2026-10-02-175033,2026-10-02T15:50:33Z,168,1373,17,Rainbow Energy (17),Team Rocket,17,pk_f3e9793a32fe072f5632e5f156bba775f9cb692b953be769991b53d4aed0a9d5dbc6910ad76ca744be005452,Rainbow Energy (17),TR,Team Rocket,40.67,31.11,471.34,,,,both,True,cache,set:name_exact+card:name_number
2026-10-02-175033,2026-10-02T15:50:33Z,107,1374,67,Abra,Legendary Collection,67,64758a9fba72ea94ca400f3642dfd462047ce2832943d1b05790c8a24daf7c4f,Abra,LC,,,,,,,,cardmarket,True,cache,set:name_exact+card:name_number
2026-10-02-175033,2026-10-02T15:50:33Z,108,1374,69,Caterpie,Legendary Collection,69,0bff60d5f45980ce17d24f5825446e36c780b53bf24085665b5920ccf4116652,Caterpie,LC,,,,,,,,cardmarket,True,cache,set:name_exact+card:name_number
2026-10-02-175033,2026-10-02T15:50:33Z,161,1384,8,Rayquaza C,Supreme Victors,8,pk_53542c3fd04fb92cd5a82cfa2eba564153cd487d9c80bcc1b4aca190c302f9b06d3c1c4a6a4411b8,Rayquaza C,SV,Supreme Victors,70.62,399,499.99,,,,both,True,cache,set:name_exact+card:name_number
2026-10-02-175033,2026-10-02T15:50:33Z,142,1385,73,Terrakion,Noble Victories,73,pk_29af6af6f1579d15f2dc8fbf301d7dcced9a1799b83987267e30342e1bf204df419ec41619e15fae2397df4146,Terrakion,NVI,Noble Victories,2.43,1.9,32.84,,,,both,True,cache,set:name_exact+card:name_number
2026-10-02-175033,2026-10-02T15:50:33Z,141,1385,84,Cobalion,Noble Victories,84,pk_33cb896ef57cbbe0d68f0df0b617bba574ae49a5bfbf93d1d417586c12beeb4c46097213d6aee86acd292a0134,Cobalion,NVI,Noble Victories,1.62,1,27.24,,,,both,True,cache,set:name_exact+card:name_number
2026-10-02-175033,2026-10-02T15:50:33Z,191,1387,68,Sableye,XY Base Set,68,pk_b3f70dbc61dfa59040555de8fcd10439bad07c0f7bdbaeb1c250913f148f6e29693e771be436b2bfb1686c893d,Sableye,XY,XY Base Set,0.53,0.2,14.99,,,,both,True,cache,set:name_exact+card:name_number
2026-10-02-175033,2026-10-02T15:50:33Z,132,1389,17,Entei (17),Neo Revelation,17,pk_a2178f6bd72942e0f3deafa700ac9da07409e5cbf5963f2060b67cd7203d72234ad97eec6e40d85b96bb966f,Entei (17),N3,Neo Revelation,82.23,35.89,848.84,,,,tcgplayer,True,cache,set:name_exact+card:name_number
2026-10-02-175033,2026-10-02T15:50:33Z,133,1389,18,Ho-oh,Neo Revelation,18,pk_5218d78169cd302950269c4fb4739d0b3b2cce7dd477873ff2a2aa22516b021157b28dd95285f629eec7237d,Ho-oh (18),N3,Neo Revelation,117.89,54.99,9999,,,,tcgplayer,True,cache,set:name_exact+card:name_number
2026-10-02-175033,2026-10-02T15:50:33Z,134,1389,20,Lugia,Neo Revelation,20,pk_7c352b230d2d259ab112797b5bef75c9e41525839963501e22b576261acc1cc20d71efc7b969dbae14e3170d,Lugia,N3,Neo Revelation,62.57,35,9999,,,,tcgplayer,True,cache,set:name_exact+card:name_number
2026-10-02-175033,2026-10-02T15:50:33Z,72,1395,64,Squirtle (64),EX Crystal Guardians,64,pk_5a4bc5089043695ae6d3c18175d66b321dc2d9fdc445cdf61812a7b102de446b767e5d2e6e62f07d30f9e11549,Squirtle - 064/100,CG,Crystal Guardians,17.2,4.18,96.27,,,,both,True,cache,set:name_fuzzy+card:name_number
2026-10-02-175033,2026-10-02T15:50:33Z,126,1396,57,Cyndaquil (57),Neo Genesis,57,pk_bfb8cfc6531175cd476d1b1f977a2a11de55edc419b184e945db3318471dfa971345194ed7aefa51384457c1aa,Cyndaquil (57),N1,Neo Genesis,14.09,2.5,96.95,,,,tcgplayer,True,cache,set:name_exact+card:name_number
2026-10-02-175033,2026-10-02T15:50:33Z,128,1396,65,Mareep,Neo Genesis,65,pk_e4adcb9d0a11061a1d241a92586f8bed99896ce37b6ce0be661494253bd9e9ed4f003a8c0c73874ed687b0fd2a,Mareep,N1,Neo Genesis,3.65,1.8,30,,,,tcgplayer,True,cache,set:name_exact+card:name_number
2026-10-02-175033,2026-10-02T15:50:33Z,129,1396,74,Snubbull,Neo Genesis,74,pk_aa787e8dc3ff3a4203b1e0768eb14cae7e9d09efa6b30aa1221901f2ac59f1ec943c7ebc9cc5ae5b03ba23e0e3,Snubbull,N1,Neo Genesis,2.27,1,50,,,,tcgplayer,True,cache,set:name_exact+card:name_number
2026-10-02-175033,2026-10-02T15:50:33Z,130,1396,80,Totodile (80),Neo Genesis,80,pk_fa6f1636ccd356a500d6a2af0720eda65816adaebd1fbacefaaa34f8e4f912587436ef87cfa8cf2ecd11ec4af1,Totodile (80),N1,Neo Genesis,1.92,0.4,90,,,,tcgplayer,True,cache,set:name_exact+card:name_number
2026-10-02-175033,2026-10-02T15:50:33Z,82,1398,27,Ho-oh,EX Unseen Forces,27/115,pk_62eed384aebb3470749ae32f6182b79013e340eb290a373b098b18c57f3b0f8b4d47084c06d64b7320270e40a3,Ho-Oh,UF,Unseen Forces,7.81,6.77,74.74,,,,both,True,cache,set:name_fuzzy+card:name_number
2026-10-02-175033,2026-10-02T15:50:33Z,81,1398,54,Cyndaquil,EX Unseen Forces,54/115,pk_00f37841c6bd4ab2ce421090745d1f2d849d935d0039943b7d9e8b3cf7f0d4e20abd27dcf2a93ad167fd7c7444,Cyndaquil,UF,Unseen Forces,2.6,0.4,44.6,,,,both,True,cache,set:name_fuzzy+card:name_number
2026-10-02-175033,2026-10-02T15:50:33Z,185,1403,10,Umbreon,Undaunted,10,pk_a2bba8e9e05f3edc963632ced6b84410adfb96ba54c9d82dc7b6cbbaba99d12fb7ead9923ba1651bd0bbc06b,Umbreon,UD,Undaunted,96.83,90,679.34,,,,both,True,cache,set:name_exact+card:name_number
2026-10-02-175033,2026-10-02T15:50:33Z,109,1409,15,Virizion,Legendary Treasures,15,pk_b6ec8b056fe45cccee2b5c65490dff417cde2717807cf5a3f2118655482d11fc65ffaced33f37c4a1c70ddf8fb,Virizion,LTR,Legendary Treasures,1.7,0.99,49.99,,,,both,True,cache,set:name_exact+card:name_number
2026-10-02-175033,2026-10-02T15:50:33Z,74,1410,102,Fire Energy,EX Emerald,102,pk_2d41fe6f6139544ef4c99bbda7da1321e6c2473445123eba8fb5665a1ac2c34d3c87ba43f30fdc46876ce8b5b577,Fire Energy,EM,Emerald,17.6,12.65,184.24,,,,both,True,cache,set:name_fuzzy+card:name_number
2026-10-02-175033,2026-10-02T15:50:33Z,156,1413,126,Virbank City Gym,Plasma Storm,126,pk_de79b0b95e8292740c0042a5d1a751ba4b4488dd327a543d06b2e9e4e855427d379c79dd1d83ed3284d479d87410,Virbank City Gym,PLS,Plasma Storm,5.13,3,47.14,,,,both,True,cache,set:name_exact+card:name_number
2026-10-02-175033,2026-10-02T15:50:33Z,77,1416,60,Doduo,EX Hidden Legends,60,pk_fd55e9b969ae651b8fa7e8e5266a9b19f4878b62f396394f68617090ad2e35707fdf137feef3622030025b6357,Doduo,HL,Hidden Legends,0.36,0.1,19.82,,,,both,True,cache,set:name_fuzzy+card:name_number
2026-10-02-175033,2026-10-02T15:50:33Z,110,1417,52,Dragonair,Legends Awakened,52,pk_8a5b982b9d66dfb7a2f80c28eb6f28939fe2bb3d8f9bc9ce315cb685e007f425185a8c93eb6253e66d5521401a,Dragonair,LA,Legends Awakened,12.96,6.2,109.74,,,,both,True,cache,set:name_exact+card:name_number
2026-10-02-175033,2026-10-02T15:50:33Z,75,1419,46,Poliwhirl,EX FireRed & LeafGreen,46,pk_7e69972295f1bdf2aa0b87d8423ec9f4692d6bf91ea90b3fcf9bca02ce73f96421c30587a05530932f6f8bf58d,Poliwhirl,RG,FireRed & LeafGreen,4.62,4.91,35,,,,both,True,cache,set:name_fuzzy+card:name_number
2026-10-02-175033,2026-10-02T15:50:33Z,76,1419,78,Seel,EX FireRed & LeafGreen,78,pk_4f7665e05b3800de8173476326fccbe6afe2f7dc2ddfd0483eddc541869cdcda3a3001ea292dbe2986c919a6e7,Seel,RG,FireRed & LeafGreen,0.49,0.1,16.7,,,,both,True,cache,set:name_fuzzy+card:name_number
2026-10-02-175033,2026-10-02T15:50:33Z,73,1429,41,Dragonair,EX Delta Species,41,dc964117624a66a340572753e70c3911df2a612d13b00a1a1a81a2b5fe867f45,Dragonair δ Delta Species,DS,,,,,,,,cardmarket,True,cache,set:name_fuzzy+card:set_number
2026-10-02-175033,2026-10-02T15:50:33Z,54,1430,117,Energy Search,Diamond and Pearl,117,pk_627f265dd3440d20a05ef0dcd6bbec10d568ec410646c19b78dbbc823804e63489ab9dfeb34e931ccfe78ad24e16,Energy Search,DP,Diamond and Pearl,0.18,0.02,19.82,,,,both,True,cache,set:name_exact+card:name_number
2026-10-02-175033,2026-10-02T15:50:33Z,55,1430,117,Energy Search,Diamond and Pearl,117,pk_627f265dd3440d20a05ef0dcd6bbec10d568ec410646c19b78dbbc823804e63489ab9dfeb34e931ccfe78ad24e16,Energy Search,DP,Diamond and Pearl,0.18,0.02,19.82,,,,both,True,cache,set:name_exact+card:name_number
2026-10-02-175033,2026-10-02T15:50:33Z,53,1430,43,Budew,Diamond and Pearl,43,pk_edbbf2c21eaaaefb3f0d1d60c919372329675b3d2bb64627fab910861cdacd46e47871441b8082e8d8dfb3e8c4,Budew,DP,Diamond and Pearl,4.57,0.99,52.94,,,,both,True,cache,set:name_exact+card:name_number
2026-10-02-175033,2026-10-02T15:50:33Z,125,1434,32,Umbreon (32),Neo Discovery,32,pk_ed3624519e47271257a82a3f6a3f932f50dad08b11a8244c3c2ca9103cd37f6356994c8ee8228cd98a12a01b,Umbreon (32),N2,Neo Discovery,300,300,499.98,,,,tcgplayer,True,cache,set:name_exact+card:name_number
2026-10-02-175033,2026-10-02T15:50:33Z,124,1434,66,Tyrogue,Neo Discovery,66,pk_cac6e18a7e92b7abc0fad72666632c2ab9ea52faae88fb360ae74fccd6961a2fba8edf81f3deee1731ec78be,Tyrogue,N2,Neo Discovery,3.29,1.86,32.12,,,,tcgplayer,True,cache,set:name_exact+card:name_number
2026-10-02-175033,2026-10-02T15:50:33Z,89,1441,106,Brock's Training Method,Gym Heroes,106,pk_6b727457ca0fe15c2fc1455db4d1de85bc326f2dede3de89c8e16022f7b6e5d6c5f6651d12bc8ea471b8267db956,Brock's Training Method,G1,Gym Heroes,1.14,0.35,5,,,,tcgplayer,True,cache,set:name_exact+card:name_number
2026-10-02-175033,2026-10-02T15:50:33Z,92,1441,123,Misty's Duel,Gym Heroes,123,pk_1f77393ac0c2cff342ce80e4f83d4b039d455da883d5c5279fddab9181415ee12a7a859d522a2813dc92f31dccc6,Misty's Duel,G1,Gym Heroes,5.42,2.2,52.94,,,,tcgplayer,True,cache,set:name_exact+card:name_number
2026-10-02-175033,2026-10-02T15:50:33Z,6,,96,Drowzee (JP),Base Set (Japanese),096,,,,,,,,,,,,False,orphan,set:none
2026-10-02-175033,2026-10-02T15:50:33Z,7,,62,Poliwrath (JP),Base Set (Japanese),062,,,,,,,,,,,,False,orphan,set:none
2026-10-02-175033,2026-10-02T15:50:33Z,25,,53,Deoxys VMAX,Brave Stars (Charm),053/127,,,,,,,,,,,,False,orphan,set:none
2026-10-02-175033,2026-10-02T15:50:33Z,26,,19,Raichu V,Brave Stars (Charm),019/127,,,,,,,,,,,,False,orphan,set:none
2026-10-02-175033,2026-10-02T15:50:33Z,27,,129,Solrock,Brave Stars (Charm),129/127,,,,,,,,,,,,False,orphan,set:none
2026-10-02-175033,2026-10-02T15:50:33Z,28,,27,Zeraora V,Brave Stars (Charm),027/127,,,,,,,,,,,,False,orphan,set:none
2026-10-02-175033,2026-10-02T15:50:33Z,29,,113,Oranguru V,Brave Stars (Courage),113/128,,,,,,,,,,,,False,orphan,set:none
2026-10-02-175033,2026-10-02T15:50:33Z,30,,4,Radiant Venusaur,Brave Stars (Courage),004/128,,,,,,,,,,,,False,orphan,set:none
2026-10-02-175033,2026-10-02T15:50:33Z,31,,33,Serperior VSTAR,Brave Stars (Courage),033/128,,,,,,,,,,,,False,orphan,set:none
2026-10-02-175033,2026-10-02T15:50:33Z,87,,38,Blaine's Ninetales (JP),Gym Challenge (Japanese),038,,,,,,,,,,,,False,orphan,set:none
2026-10-02-175033,2026-10-02T15:50:33Z,93,,117,Misty's Seadra (JP),Gym Heroes (Japanese),117,,,,,,,,,,,,False,orphan,set:none
2026-10-02-175033,2026-10-02T15:50:33Z,131,,95,Onix (JP),Neo Genesis (Japanese),095,,,,,,,,,,,,False,orphan,set:none
2026-10-02-175033,2026-10-02T15:50:33Z,186,,60,Poliwag (JP),Vending Series 1 (Blue),060,,,,,,,,,,,,False,orphan,set:none
2026-10-02-180534,2026-10-02T16:05:34Z,111,-113,54,Slowpoke,Lost Thunder,54,2d03e057e6e3be88c6cd23dbfbd0afc4d3d3a0fc1142f1170129ef5d2eb28d9e,Slowpoke,LOT,,,,,,,,cardmarket,True,cache,set:name_exact+card:name_number
2026-10-02-180534,2026-10-02T16:05:34Z,1,-38,90,Roaring Moon ex (JP),Ancient Roar,090/066,pk_b15b78a21cb16a19c9934d004b37011522a8e8b52386bb71544a8e585b45952c55bf11d1852e051cbd9a110a02c8c5,Roaring Moon ex - 090/066,SV4K,SV4K: Ancient Roar,40.63,38,70,,,,both,True,cache,set:name_exact+card:name_number
2026-10-02-180534,2026-10-02T16:05:34Z,190,-42,80,Gastly (JP),Wild Force,080/071,pk_51b7bb31edf1939b662c9533110216e8a78391e1406d01d0d33503aad9131294e8038a7e215494b2508f352fe7f9ef,Gastly - 080/071,SV5K,SV5K: Wild Force,37.36,33,200,,,,both,True,cache,set:name_exact+card:name_number
2026-10-02-180534,2026-10-02T16:05:34Z,168,1373,17,Rainbow Energy (17),Team Rocket,17,pk_f3e9793a32fe072f5632e5f156bba775f9cb692b953be769991b53d4aed0a9d5dbc6910ad76ca744be005452,Rainbow Energy (17),TR,Team Rocket,40.67,31.11,471.34,,,,both,True,cache,set:name_exact+card:name_number
2026-10-02-180534,2026-10-02T16:05:34Z,107,1374,67,Abra,Legendary Collection,67,64758a9fba72ea94ca400f3642dfd462047ce2832943d1b05790c8a24daf7c4f,Abra,LC,,,,,,,,cardmarket,True,cache,set:name_exact+card:name_number
2026-10-02-180534,2026-10-02T16:05:34Z,108,1374,69,Caterpie,Legendary Collection,69,0bff60d5f45980ce17d24f5825446e36c780b53bf24085665b5920ccf4116652,Caterpie,LC,,,,,,,,cardmarket,True,cache,set:name_exact+card:name_number
2026-10-02-180534,2026-10-02T16:05:34Z,161,1384,8,Rayquaza C,Supreme Victors,8,pk_53542c3fd04fb92cd5a82cfa2eba564153cd487d9c80bcc1b4aca190c302f9b06d3c1c4a6a4411b8,Rayquaza C,SV,Supreme Victors,70.62,399,499.99,,,,both,True,cache,set:name_exact+card:name_number
2026-10-02-180534,2026-10-02T16:05:34Z,142,1385,73,Terrakion,Noble Victories,73,pk_29af6af6f1579d15f2dc8fbf301d7dcced9a1799b83987267e30342e1bf204df419ec41619e15fae2397df4146,Terrakion,NVI,Noble Victories,2.43,1.9,32.84,,,,both,True,cache,set:name_exact+card:name_number
2026-10-02-180534,2026-10-02T16:05:34Z,141,1385,84,Cobalion,Noble Victories,84,pk_33cb896ef57cbbe0d68f0df0b617bba574ae49a5bfbf93d1d417586c12beeb4c46097213d6aee86acd292a0134,Cobalion,NVI,Noble Victories,1.62,1,27.24,,,,both,True,cache,set:name_exact+card:name_number
2026-10-02-180534,2026-10-02T16:05:34Z,191,1387,68,Sableye,XY Base Set,68,pk_b3f70dbc61dfa59040555de8fcd10439bad07c0f7bdbaeb1c250913f148f6e29693e771be436b2bfb1686c893d,Sableye,XY,XY Base Set,0.53,0.2,14.99,,,,both,True,cache,set:name_exact+card:name_number
2026-10-02-180534,2026-10-02T16:05:34Z,132,1389,17,Entei (17),Neo Revelation,17,pk_a2178f6bd72942e0f3deafa700ac9da07409e5cbf5963f2060b67cd7203d72234ad97eec6e40d85b96bb966f,Entei (17),N3,Neo Revelation,82.23,35.89,848.84,,,,tcgplayer,True,cache,set:name_exact+card:name_number
2026-10-02-180534,2026-10-02T16:05:34Z,133,1389,18,Ho-oh,Neo Revelation,18,pk_5218d78169cd302950269c4fb4739d0b3b2cce7dd477873ff2a2aa22516b021157b28dd95285f629eec7237d,Ho-oh (18),N3,Neo Revelation,117.89,54.99,9999,,,,tcgplayer,True,cache,set:name_exact+card:name_number
2026-10-02-180534,2026-10-02T16:05:34Z,134,1389,20,Lugia,Neo Revelation,20,pk_7c352b230d2d259ab112797b5bef75c9e41525839963501e22b576261acc1cc20d71efc7b969dbae14e3170d,Lugia,N3,Neo Revelation,62.57,35,9999,,,,tcgplayer,True,cache,set:name_exact+card:name_number
2026-10-02-180534,2026-10-02T16:05:34Z,72,1395,64,Squirtle (64),EX Crystal Guardians,64,pk_5a4bc5089043695ae6d3c18175d66b321dc2d9fdc445cdf61812a7b102de446b767e5d2e6e62f07d30f9e11549,Squirtle - 064/100,CG,Crystal Guardians,17.2,4.18,96.27,,,,both,True,cache,set:name_fuzzy+card:name_number
2026-10-02-180534,2026-10-02T16:05:34Z,126,1396,57,Cyndaquil (57),Neo Genesis,57,pk_bfb8cfc6531175cd476d1b1f977a2a11de55edc419b184e945db3318471dfa971345194ed7aefa51384457c1aa,Cyndaquil (57),N1,Neo Genesis,14.09,2.5,96.95,,,,tcgplayer,True,cache,set:name_exact+card:name_number
2026-10-02-180534,2026-10-02T16:05:34Z,128,1396,65,Mareep,Neo Genesis,65,pk_e4adcb9d0a11061a1d241a92586f8bed99896ce37b6ce0be661494253bd9e9ed4f003a8c0c73874ed687b0fd2a,Mareep,N1,Neo Genesis,3.65,1.8,30,,,,tcgplayer,True,cache,set:name_exact+card:name_number
2026-10-02-180534,2026-10-02T16:05:34Z,129,1396,74,Snubbull,Neo Genesis,74,pk_aa787e8dc3ff3a4203b1e0768eb14cae7e9d09efa6b30aa1221901f2ac59f1ec943c7ebc9cc5ae5b03ba23e0e3,Snubbull,N1,Neo Genesis,2.27,1,50,,,,tcgplayer,True,cache,set:name_exact+card:name_number
2026-10-02-180534,2026-10-02T16:05:34Z,130,1396,80,Totodile (80),Neo Genesis,80,pk_fa6f1636ccd356a500d6a2af0720eda65816adaebd1fbacefaaa34f8e4f912587436ef87cfa8cf2ecd11ec4af1,Totodile (80),N1,Neo Genesis,1.92,0.4,90,,,,tcgplayer,True,cache,set:name_exact+card:name_number
2026-10-02-180534,2026-10-02T16:05:34Z,82,1398,27,Ho-oh,EX Unseen Forces,27/115,pk_62eed384aebb3470749ae32f6182b79013e340eb290a373b098b18c57f3b0f8b4d47084c06d64b7320270e40a3,Ho-Oh,UF,Unseen Forces,7.81,6.77,74.74,,,,both,True,cache,set:name_fuzzy+card:name_number
2026-10-02-180534,2026-10-02T16:05:34Z,81,1398,54,Cyndaquil,EX Unseen Forces,54/115,pk_00f37841c6bd4ab2ce421090745d1f2d849d935d0039943b7d9e8b3cf7f0d4e20abd27dcf2a93ad167fd7c7444,Cyndaquil,UF,Unseen Forces,2.6,0.4,44.6,,,,both,True,cache,set:name_fuzzy+card:name_number
2026-10-02-180534,2026-10-02T16:05:34Z,185,1403,10,Umbreon,Undaunted,10,pk_a2bba8e9e05f3edc963632ced6b84410adfb96ba54c9d82dc7b6cbbaba99d12fb7ead9923ba1651bd0bbc06b,Umbreon,UD,Undaunted,96.83,90,679.34,,,,both,True,cache,set:name_exact+card:name_number
2026-10-02-180534,2026-10-02T16:05:34Z,109,1409,15,Virizion,Legendary Treasures,15,pk_b6ec8b056fe45cccee2b5c65490dff417cde2717807cf5a3f2118655482d11fc65ffaced33f37c4a1c70ddf8fb,Virizion,LTR,Legendary Treasures,1.7,0.99,49.99,,,,both,True,cache,set:name_exact+card:name_number
2026-10-02-180534,2026-10-02T16:05:34Z,74,1410,102,Fire Energy,EX Emerald,102,pk_2d41fe6f6139544ef4c99bbda7da1321e6c2473445123eba8fb5665a1ac2c34d3c87ba43f30fdc46876ce8b5b577,Fire Energy,EM,Emerald,17.6,12.65,184.24,,,,both,True,cache,set:name_fuzzy+card:name_number
2026-10-02-180534,2026-10-02T16:05:34Z,156,1413,126,Virbank City Gym,Plasma Storm,126,pk_de79b0b95e8292740c0042a5d1a751ba4b4488dd327a543d06b2e9e4e855427d379c79dd1d83ed3284d479d87410,Virbank City Gym,PLS,Plasma Storm,5.13,3,47.14,,,,both,True,cache,set:name_exact+card:name_number
2026-10-02-180534,2026-10-02T16:05:34Z,77,1416,60,Doduo,EX Hidden Legends,60,pk_fd55e9b969ae651b8fa7e8e5266a9b19f4878b62f396394f68617090ad2e35707fdf137feef3622030025b6357,Doduo,HL,Hidden Legends,0.36,0.1,19.82,,,,both,True,cache,set:name_fuzzy+card:name_number
2026-10-02-180534,2026-10-02T16:05:34Z,110,1417,52,Dragonair,Legends Awakened,52,pk_8a5b982b9d66dfb7a2f80c28eb6f28939fe2bb3d8f9bc9ce315cb685e007f425185a8c93eb6253e66d5521401a,Dragonair,LA,Legends Awakened,12.96,6.2,109.74,,,,both,True,cache,set:name_exact+card:name_number
2026-10-02-180534,2026-10-02T16:05:34Z,75,1419,46,Poliwhirl,EX FireRed & LeafGreen,46,pk_7e69972295f1bdf2aa0b87d8423ec9f4692d6bf91ea90b3fcf9bca02ce73f96421c30587a05530932f6f8bf58d,Poliwhirl,RG,FireRed & LeafGreen,4.62,4.91,35,,,,both,True,cache,set:name_fuzzy+card:name_number
2026-10-02-180534,2026-10-02T16:05:34Z,76,1419,78,Seel,EX FireRed & LeafGreen,78,pk_4f7665e05b3800de8173476326fccbe6afe2f7dc2ddfd0483eddc541869cdcda3a3001ea292dbe2986c919a6e7,Seel,RG,FireRed & LeafGreen,0.49,0.1,16.7,,,,both,True,cache,set:name_fuzzy+card:name_number
2026-10-02-180534,2026-10-02T16:05:34Z,73,1429,41,Dragonair,EX Delta Species,41,dc964117624a66a340572753e70c3911df2a612d13b00a1a1a81a2b5fe867f45,Dragonair δ Delta Species,DS,,,,,,,,cardmarket,True,cache,set:name_fuzzy+card:set_number
2026-10-02-180534,2026-10-02T16:05:34Z,54,1430,117,Energy Search,Diamond and Pearl,117,pk_627f265dd3440d20a05ef0dcd6bbec10d568ec410646c19b78dbbc823804e63489ab9dfeb34e931ccfe78ad24e16,Energy Search,DP,Diamond and Pearl,0.18,0.02,19.82,,,,both,True,cache,set:name_exact+card:name_number
2026-10-02-180534,2026-10-02T16:05:34Z,55,1430,117,Energy Search,Diamond and Pearl,117,pk_627f265dd3440d20a05ef0dcd6bbec10d568ec410646c19b78dbbc823804e63489ab9dfeb34e931ccfe78ad24e16,Energy Search,DP,Diamond and Pearl,0.18,0.02,19.82,,,,both,True,cache,set:name_exact+card:name_number
2026-10-02-180534,2026-10-02T16:05:34Z,53,1430,43,Budew,Diamond and Pearl,43,pk_edbbf2c21eaaaefb3f0d1d60c919372329675b3d2bb64627fab910861cdacd46e47871441b8082e8d8dfb3e8c4,Budew,DP,Diamond and Pearl,4.57,0.99,52.94,,,,both,True,cache,set:name_exact+card:name_number
2026-10-02-180534,2026-10-02T16:05:34Z,125,1434,32,Umbreon (32),Neo Discovery,32,pk_ed3624519e47271257a82a3f6a3f932f50dad08b11a8244c3c2ca9103cd37f6356994c8ee8228cd98a12a01b,Umbreon (32),N2,Neo Discovery,300,300,499.98,,,,tcgplayer,True,cache,set:name_exact+card:name_number
2026-10-02-180534,2026-10-02T16:05:34Z,124,1434,66,Tyrogue,Neo Discovery,66,pk_cac6e18a7e92b7abc0fad72666632c2ab9ea52faae88fb360ae74fccd6961a2fba8edf81f3deee1731ec78be,Tyrogue,N2,Neo Discovery,3.29,1.86,32.12,,,,tcgplayer,True,cache,set:name_exact+card:name_number
2026-10-02-180534,2026-10-02T16:05:34Z,89,1441,106,Brock's Training Method,Gym Heroes,106,pk_6b727457ca0fe15c2fc1455db4d1de85bc326f2dede3de89c8e16022f7b6e5d6c5f6651d12bc8ea471b8267db956,Brock's Training Method,G1,Gym Heroes,1.14,0.35,5,,,,tcgplayer,True,cache,set:name_exact+card:name_number
2026-10-02-180534,2026-10-02T16:05:34Z,92,1441,123,Misty's Duel,Gym Heroes,123,pk_1f77393ac0c2cff342ce80e4f83d4b039d455da883d5c5279fddab9181415ee12a7a859d522a2813dc92f31dccc6,Misty's Duel,G1,Gym Heroes,5.42,2.2,52.94,,,,tcgplayer,True,cache,set:name_exact+card:name_number
2026-10-02-180534,2026-10-02T16:05:34Z,85,-240,702,Captain Pikachu (Poke Ball Pattern) (CN),Gem Pack,0702/09,,,,,,,,,,,,False,miss,set:name_partial+card:none
2026-10-02-180534,2026-10-02T16:05:34Z,86,-242,103,Captain Pikachu (Star Reverse Holo) (CN),Gem Pack Vol. 5,0103/07,,,,,,,,,,,,False,miss,set:name_exact+card:none
2026-10-02-180534,2026-10-02T16:05:34Z,127,1396,8,Kingdra,Neo Genesis,8,,,,,,,,,,,,False,miss,set:name_exact+card:reject
2026-10-02-180534,2026-10-02T16:05:34Z,91,1441,130,Lightning Energy,Gym Heroes,130,pk_31445d60b6bb5b719f38c2fbfb7ec1ad316c2c0608bde333ce4c6d61430ed40e39e44c7a49e2d9e775fcad6fba70,Lightning Energy,G1,Gym Heroes,2.11,0.45,95.24,,,,tcgplayer,True,fetched,set:name_exact+card:name_number
2026-10-02-180534,2026-10-02T16:05:34Z,90,1441,43,Erika's Exeggcute (43),Gym Heroes,43,pk_ce2f5fe6baf2c2ee69cc6351f20132fd26d97c44ae91ab0c41c80d8b84522dc955466e9fcf916deadb08659552,Erika's Exeggcute (43),G1,Gym Heroes,6.24,3.52,58.46,,,,tcgplayer,True,fetched,set:name_exact+card:name_number
2026-10-02-180534,2026-10-02T16:05:34Z,88,1441,69,Brock's Onix (69),Gym Heroes,69,pk_77be89039c43b92eb361e15926069a70eec974f076112c64c03e232933427d1f44e3e9f182680b2e3cede82ff4,Brock's Onix (69),G1,Gym Heroes,1.74,0.39,96.95,,,,tcgplayer,True,fetched,set:name_exact+card:name_number
2026-10-02-180534,2026-10-02T16:05:34Z,123,1444,50,Light Ninetales,Neo Destiny,50,pk_90c9aa90e01303ed97e47d1e17aa299194980574c93cabb92c989d8d47e184978f3557370507513063a9073903,Light Ninetales,N4,Neo Destiny,28.55,15,129.3,,,,tcgplayer,True,fetched,set:name_exact+card:name_number
2026-10-02-180534,2026-10-02T16:05:34Z,32,1661,69,Kirlia,BREAKthrough,69,pk_04165b50e725d66eaffee189b9831eb4bc37ce0151511eeb25343f2dbd1324df881f1263efdfe8e9f4d6d764b4d7,Kirlia,BKT,XY - BREAKthrough,0.42,0.12,16.36,,,,both,True,fetched,set:name_suffix+card:name_number
2026-10-02-180534,2026-10-02T16:05:34Z,45,17689,gg60,Cynthia's Ambition,Crown Zenith: Galarian Gallery,GG60/GG70,pk_712127e0870de9b9252d990b063298a6bf7ead2d0c0611226a78d2dfa663b50f959f345622031ee5a493e7c69215344b81b6,Cynthia's Ambition,CRZ:GG,Crown Zenith: Galarian Gallery,23.17,19.95,186.92,,,,tcgplayer,True,fetched,set:name_exact+card:name_number
2026-10-02-180534,2026-10-02T16:05:34Z,48,1840,13,Delphox - 013/086 (Non-Holo),Deck Exclusives,013/086,pk_03ebb83d14b57b84681330d01e499341acafbe5e177020f9097fd22604a6e0ca355c8c49915557fa142dd1ad4323,Delphox - 13/124 (XY Fates Collide),PR,Deck Exclusives,0.58,0.19,1.99,,,,tcgplayer,True,fetched,set:name_exact+card:name_number
2026-10-02-180534,2026-10-02T16:05:34Z,47,1840,29,Ampharos - 029/086 (Non-Holo),Deck Exclusives,029/086,pk_36201a98df0c9ae78b81ef0cc27a69e9ffeeadd3745e7909a7a7988e6493efd80af368b35bc12fc354e5a1b2a2a2,Empoleon - 29/108 (Battle Arena Deck Exclusive),PR,Deck Exclusives,1.97,0.8,96.95,,,,tcgplayer,True,fetched,set:name_exact+card:set_number
2026-10-02-180534,2026-10-02T16:05:34Z,49,1840,8,Machamp,Deck Exclusives,008/102,pk_8c7b7d6e3edf91d796bbfd511ca99f2d9c72ee3088563624ad03d5c24ce4298026540a64ba52a45de8a82138bd,Noctowl - 8/123 (HeartGold & SoulSilver),PR,Deck Exclusives,2.39,0.75,31.14,,,,tcgplayer,True,fetched,set:name_exact+card:set_number
2026-10-02-180534,2026-10-02T16:05:34Z,71,1842,14,Vulpix,Evolutions,14/108,pk_f439ddf01cdda1c193e07b1f7a8579f754d5d6799b046e6a4f340a57c175af830cfb2bfed332fe3d999c2ee69b76,Vulpix,EVO,XY - Evolutions,0.22,0.01,14.21,,,,both,True,fetched,set:name_suffix+card:name_number
2026-10-02-180534,2026-10-02T16:05:34Z,64,1842,23,Poliwag,Evolutions,23/108,pk_0819f6da2d6e7da5c76e543c5dd6dc4f3162bc64b8d4e66c8539362415507e67e817a0c81388b1fefac1d7a780af,Poliwag,EVO,XY - Evolutions,0.21,0.01,17.74,,,,both,True,fetched,set:name_suffix+card:name_number
2026-10-02-180534,2026-10-02T16:05:34Z,65,1842,23,Poliwag,Evolutions,23/108,pk_0819f6da2d6e7da5c76e543c5dd6dc4f3162bc64b8d4e66c8539362415507e67e817a0c81388b1fefac1d7a780af,Poliwag,EVO,XY - Evolutions,0.21,0.01,17.74,,,,both,True,fetched,set:name_suffix+card:name_number
2026-10-02-180534,2026-10-02T16:05:34Z,58,1842,29,Dewgong,Evolutions,29/108,pk_b2598173a2061059e0ff134c979798d7e40d466d4b1ee6d98c57795859e75f60112609cde97b3bd1926f239a0301,Dewgong,EVO,XY - Evolutions,0.22,0.05,35,,,,both,True,fetched,set:name_suffix+card:name_number
2026-10-02-180534,2026-10-02T16:05:34Z,70,1842,39,Voltorb,Evolutions,39/108,pk_1a97ca0d3795ebb70e28f553d93ef3bda9d89b5bfa09c74c39829ef3bb488ce964eda7f6cb428e5c4445eebf8735,Voltorb,EVO,XY - Evolutions,0.17,0.01,18.86,,,,both,True,fetched,set:name_suffix+card:name_number
2026-10-02-180534,2026-10-02T16:05:34Z,63,1842,4,Metapod,Evolutions,4/108,pk_a799e04fc2c560e3ea4f7393942f49dfe800aa4842aed40122c90e0fcc57c30eee64a5b7ee52f5e1e7ebf47f32,Metapod,EVO,XY - Evolutions,0.23,0.03,19.82,,,,both,True,fetched,set:name_suffix+card:name_number
2026-10-02-180534,2026-10-02T16:05:34Z,59,1842,55,Diglett,Evolutions,55/108,pk_1efb59dca55f4689b273a98c63edab3a34cf74f70db5330bedf49250bf4ec3872aa443ba30e16f6e03843f08985c,Diglett,EVO,XY - Evolutions,0.11,0.01,14.16,,,,both,True,fetched,set:name_suffix+card:name_number
2026-10-02-180534,2026-10-02T16:05:34Z,62,1842,57,Machop,Evolutions,57/108,pk_c36c6e58796bca5e44144f023bfacdd05c068c8a10ab281049109b750884a5a984479434012ef3c73acffb09d2bf,Machop,EVO,XY - Evolutions,0.19,0.01,15,,,,both,True,fetched,set:name_suffix+card:name_number
2026-10-02-180534,2026-10-02T16:05:34Z,66,1842,67,Raticate,Evolutions,67/108,pk_eb56671063893b0b293ca4c109207c2a54194a1680d79dbeb6f2c1b143c480747764b69e8d90a7d40860766d47de,Raticate,EVO,XY - Evolutions,0.17,0.05,15.42,,,,both,True,fetched,set:name_suffix+card:name_number
2026-10-02-180534,2026-10-02T16:05:34Z,60,1842,69,Doduo,Evolutions,69/108,pk_fd41e9060e306f05974f417cbbc0c2e591921d9a77ac25027178757139e80af53d24a8d62de42ca03290d6792606,Doduo,EVO,XY - Evolutions,0.18,0.03,14.18,,,,both,True,fetched,set:name_suffix+card:name_number
2026-10-02-180534,2026-10-02T16:05:34Z,56,1842,7,Beedrill,Evolutions,7/108,pk_1fcf283e441b3342c433bb78ebbb1fcff79f5451922691cede9e88e699e5b2f5d541cfae9bdc4b5111fea25a4b,Beedrill,EVO,XY - Evolutions,0.27,0.02,19.46,,,,both,True,fetched,set:name_suffix+card:name_number
2026-10-02-180534,2026-10-02T16:05:34Z,68,1842,8,Tangela,Evolutions,8/108,pk_e9820aa9b912c585fe96eda94d5d0b368cffb3fde8c7d4027de48e08fe0ab2b5516f5edda651675dd4bf8b1d1d,Tangela,EVO,XY - Evolutions,0.24,0.01,15.84,,,,both,True,fetched,set:name_suffix+card:name_number
2026-10-02-180534,2026-10-02T16:05:34Z,67,1842,86,Slowbro Spirit Link,Evolutions,86/108,pk_8bc5fc0280dff1f92b5cc5e5353a66bf978063e4814ee3799a913bb1ac9c35473582d6a7716a6c965adcd5cbaac4,Slowbro Spirit Link,EVO,XY - Evolutions,0.28,0.02,14.29,,,,both,True,fetched,set:name_suffix+card:name_number
2026-10-02-180534,2026-10-02T16:05:34Z,69,1842,89,Venusaur Spirit Link,Evolutions,89/108,pk_c88e0902038bc125dac7920aadab4eb4562e6a8246cb47d38759aee34d7333a0ec0282e342155ce79c45cfbe93ef,Venusaur Spirit Link,EVO,XY - Evolutions,0.24,0.04,19.82,,,,both,True,fetched,set:name_suffix+card:name_number
2026-10-02-180534,2026-10-02T16:05:34Z,61,1842,94,Lightning Energy,Evolutions,94/108,pk_8234acc2fcc1778fb8c6b2d33fd8c102de546b453ebfafaa50b5f89aef82e76e1cbd26294c5ce947043983b707ed,Lightning Energy,EVO,XY - Evolutions,0.21,0.06,19.12,,,,both,True,fetched,set:name_suffix+card:name_number
2026-10-02-180534,2026-10-02T16:05:34Z,57,1842,97,Darkness Energy,Evolutions,97/108,pk_f9d9d0eae7cf3282639a7250f3cb86f63aac08c6d172f11afe8d113afc8879f7ed7d6a684a9bbfd911dee7a3cbe1,Darkness Energy,EVO,XY - Evolutions,1.5,0.98,24.52,,,,both,True,fetched,set:name_suffix+card:name_number
2026-10-02-180534,2026-10-02T16:05:34Z,159,22873,253,Miraidon ex,Scarlet & Violet Base Set,253/198,pk_363201270d4afa467e4be33a8351a5f4b2f358887f1383b2db03bceaf749122fce4a599f009bb58ea6e1c5a5197b7dd6,Miraidon ex - 253/198,SVI,SV01: Scarlet & Violet Base Set,7.65,5,161.2,,,,tcgplayer,True,fetched,set:name_suffix+card:name_number
2026-10-02-180534,2026-10-02T16:05:34Z,24,2289,13,Virizion,Blister Exclusives,13/101,pk_9f89b162479d4911badac9a6eaf65234a26d104f06ba8ede8274f754bc04fbacb145ad5811178c2a081e206102,Virizion,NVI,Noble Victories,1.98,0.95,24.74,,,,tcgplayer,True,fetched,set:name_exact+card:name_number
2026-10-02-180534,2026-10-02T16:05:34Z,23,2289,60,Baxcalibur (Cosmos Holo),Blister Exclusives,060/193,pk_e34ef3412397fc0f79c6168194b12f5e4fc2c775d1d72c7716984574a43cb613c06b2802d789fb6594a7ad0c228a,Baxcalibur - 060/193 (Cosmos Holo),BLE,Blister Exclusives,0.46,0.25,1000,,,,tcgplayer,True,fetched,set:name_exact+card:name_number
2026-10-02-180534,2026-10-02T16:05:34Z,143,23120,196,Sprigatito,Paldea Evolved,196/193,pk_0b82b4bba94c0731a12e2a86dfa75a49cd70740b92439abe5dc340aae8ea8a39142f74b3d40a22e876d4c87cef9aa2cb,Sprigatito - 196/193,PAL,SV02: Paldea Evolved,57.19,44.95,850.9,,,,both,True,fetched,set:name_suffix+card:name_number
2026-10-02-180534,2026-10-02T16:05:34Z,166,23237,7,Basic Darkness Energy (Cosmos Holo),SV: 151,007,pk_6f4137bf148368ce862425e9deaa1fc4231c4e827977de635e2dd8b4a5d5a7ed4bae15c87d86070a2436169a2db2,Squirtle - 007/165,MEW,SV: Scarlet & Violet 151,0.29,0.05,18.38,,,,both,True,fetched,set:name_exact+card:set_number
2026-10-02-180534,2026-10-02T16:05:34Z,179,23266,17,Trevenant,Trick or Trade BOOster Bundle 2023,017/196,pk_c785c6645803cad844ffa0348402d59762906a8400b0d0b60affb2baa33715a1be0eaf9d4716593c1cfa8590879ef2,Trevenant,TTBB23,Trick or Trade BOOster Bundle 2023,0.16,0.02,19.82,,,,both,True,fetched,set:name_exact+card:name_number
2026-10-02-180534,2026-10-02T16:05:34Z,177,23266,62,Pikachu,Trick or Trade BOOster Bundle 2023,062/193,pk_39b3ca391673aa7658b679bd20a2656ba338145c12d1750266f7a72a0cd9d57a871674695d27288d92a9a9c6bb0f4a,Pikachu,TTBB23,Trick or Trade BOOster Bundle 2023,0.51,0.15,19.82,,,,both,True,fetched,set:name_exact+card:name_number
2026-10-02-180534,2026-10-02T16:05:34Z,175,23266,71,Dusknoir,Trick or Trade BOOster Bundle 2023,071/185,pk_cdf02f8faa96c94a79cbe62be31c1cc99ddf0d62a4b910708344e88848cab0e99dc83936973b26ac5017acddca1162,Dusknoir,TTBB23,Trick or Trade BOOster Bundle 2023,0.14,0.01,19.82,,,,both,True,fetched,set:name_exact+card:name_number
2026-10-02-180534,2026-10-02T16:05:34Z,174,23266,73,Banette,Trick or Trade BOOster Bundle 2023,073/196,pk_ca34e023b23731d857200e1712faa4fb7a21cdc1cd6a076bf7a0603cf55216cc0d7364202bbef3555595b06fd0fec9,Banette,TTBB23,Trick or Trade BOOster Bundle 2023,0.18,0.05,19.82,,,,both,True,fetched,set:name_exact+card:name_number
2026-10-02-180534,2026-10-02T16:05:34Z,178,23266,90,Polteageist,Trick or Trade BOOster Bundle 2023,090/202,pk_d73bda19b8fadbd8a4838baf347cea905a6dca58bb6c9bb8e6be89e731aafce7259fadb406d8e6dc25c34bdf0c74d6,Polteageist,TTBB23,Trick or Trade BOOster Bundle 2023,0.13,0.01,19.82,,,,both,True,fetched,set:name_exact+card:name_number
2026-10-02-180534,2026-10-02T16:05:34Z,176,23266,95,Lycanroc,Trick or Trade BOOster Bundle 2023,095/185,pk_0b38b47f75b088061535aeb3fd2d117c3242afa97dea930c874f41e82ac21b3419fcf479b0faf3a26eebca2247bb85,Lycanroc,TTBB23,Trick or Trade BOOster Bundle 2023,0.18,0.01,19.82,,,,both,True,fetched,set:name_exact+card:name_number
2026-10-02-180534,2026-10-02T16:05:34Z,145,23286,118,Yveltal,Paradox Rift,118/182,pk_4e4c7e76ec48360da366a7c98f8220e9a6a247736e5790501de132b7b503776a1a621b1d9f08140f903883abff41757f,Yveltal - 118/182,PAR,SV04: Paradox Rift,0.16,0.01,3.34,,,,both,True,fetched,set:name_suffix+card:name_number
2026-10-02-180534,2026-10-02T16:05:34Z,144,23286,74,Deoxys,Paradox Rift,074/182,pk_9b460b47b1052ab331fc145210c642e43b51738613ca52e0cb394bde7488360497dd8b59cbf3b568836ace0fed53d9,Deoxys,PAR,SV04: Paradox Rift,0.22,0.01,14.21,,,,both,True,fetched,set:name_suffix+card:name_number
2026-10-02-180534,2026-10-02T16:05:34Z,173,23323,15,Lt. Surge's Rattata,Trading Card Game Classic,015/034,pk_1534a68a7b872490fcc7826df737781239b8725ad322c46ffc19d6484eb9ba903123ee79b7be5ac6ba3b43aa601731,Chansey,CL,Trading Card Game Classic,8.73,7.19,9999,,,,tcgplayer,True,fetched,set:name_exact+card:set_number
2026-10-02-180534,2026-10-02T16:05:34Z,172,23323,16,Lt. Surge's Raticate,Trading Card Game Classic,016/034,pk_d66a1f89329ca1f6df363bb371eaf64dc3778e1c73e1e3702115734a5ddc7fdf836bdffc011cb7aaf95fe0b37a8b15,Snorlax,CL,Trading Card Game Classic,16.65,15.14,9999,,,,tcgplayer,True,fetched,set:name_exact+card:set_number
2026-10-02-180534,2026-10-02T16:05:34Z,170,23381,104,Gengar ex,Temporal Forces,104/162,pk_4feed57d5fd7bbedc4eab7dfaef8d33457abf0f2389a648f84017b037f6ce04024fe053deecfdcb1ee6602cfd5e10ce7,Gengar ex - 104/162,TEF,SV05: Temporal Forces,6.37,3.99,143.8,,,,both,True,fetched,set:name_suffix+card:name_number
2026-10-02-180534,2026-10-02T16:05:34Z,184,23473,221,Teal Mask Ogerpon ex,Twilight Masquerade,221/167,pk_8b4d48cb5c5b51c74c6fcdeaf44900eb4c1aeb4fe2ab52c6dda1419b792a8db52de0f3db8f34e5fe1f5d9bf6a88a34b0,Teal Mask Ogerpon ex - 221/167,TWM,SV06: Twilight Masquerade,9.19,7,999,,,,both,True,fetched,set:name_suffix+card:name_number
2026-10-02-180534,2026-10-02T16:05:34Z,183,23473,29,Magcargo ex,Twilight Masquerade,029/167,pk_fa883eb13246646c37cc824b682d82256cdb102450199b68bee312211605694e7ec544d316450070c5831a059c89d5,Magcargo ex - 029/167,TWM,SV06: Twilight Masquerade,0.65,0.3,999,,,,both,True,fetched,set:name_suffix+card:name_number
2026-10-02-180534,2026-10-02T16:05:34Z,182,23473,77,Iron Thorns ex,Twilight Masquerade,077/167,pk_59369de5820b1533f00d3027755314b72bf1fcc55c33280243c300b3510ba45917ebf9f9c85406d9920b5b26781cca,Iron Thorns ex - 077/167,TWM,SV06: Twilight Masquerade,0.67,0.34,999,,,,both,True,fetched,set:name_suffix+card:name_number
2026-10-02-180534,2026-10-02T16:05:34Z,181,23561,130,Umbreon,Trick or Trade BOOster Bundle 2024,130/197,pk_edcfa36e5afcbd718e4df02b3e8fe316acc80d6a6f487dcf445b23e5ff9a1ffa1cfb0fd071a149802ea8b603e1150e40,Umbreon,TTBB24,Trick or Trade BOOster Bundle 2024,0.46,0.2,35,,,,both,True,fetched,set:name_exact+card:name_number
2026-10-02-180534,2026-10-02T16:05:34Z,180,23561,96,Fezandipiti (Cosmos Holo),Trick or Trade BOOster Bundle 2024,096/167,pk_9fef717584ef3b96cbece4be62b203007be6079ac628dd45567bcbda75c3f32791c8db31c5b7f24bc793f2d1dcf924,Fezandipiti (Cosmos Holo),TTBB24,Trick or Trade BOOster Bundle 2024,0.23,0.05,19.82,,,,both,True,fetched,set:name_exact+card:name_number
2026-10-02-180534,2026-10-02T16:05:34Z,21,23639,29,Hisuian Typhlosion VSTAR (JP),Battle Region,029/067,pk_a95dc44d3c30745127af62856982ae41523352b5e2d9d4bdcf23a8b7943422ad1eb052298f71971731d04bbb53586f,Hisuian Typhlosion VSTAR - 029/067,S9a,S9a: Battle Region,0.84,0.55,2.99,,,,both,True,fetched,set:name_suffix+card:name_number
2026-10-02-180534,2026-10-02T16:05:34Z,160,23643,330,Zamazenta V (JP),Shiny Star V,330/190,pk_51d0ba46a4faeffccb66fb3c67a158ae034bff3019ea6e3543b18a3a3f0308d686816d787a8af7be8e5dbd634d746075,Zamazenta V - 330/190,S4a,S4a: Shiny Star V,9.92,9.45,13,,,,both,True,fetched,set:name_suffix+card:name_number
2026-10-02-180534,2026-10-02T16:05:34Z,188,23645,115,Radiant Eternatus (JP),VSTAR Universe,115/172,pk_98e262de840f758e80fbe90931148798e7f00117b1f35fd725424f3ba8c587b13428decd99308594bae1d92119f5996d,Radiant Eternatus,S12a,S12a: VSTAR Universe,0.63,0.42,3.25,,,,both,True,fetched,set:name_suffix+card:name_number
2026-10-02-180534,2026-10-02T16:05:34Z,189,23645,41,Zeraora VMAX (JP),VSTAR Universe,041/172,pk_b7e177a6b6849247185a2d7481a34e80068e3502fb1e961d33da58116279603e763fcc8468db9c79d9543929834a11,Zeraora VMAX - 041/172,S12a,S12a: VSTAR Universe,0.96,0.59,4.6,,,,both,True,fetched,set:name_suffix+card:name_number
2026-10-02-180534,2026-10-02T16:05:34Z,187,23645,48,Gengar (JP),VSTAR Universe,048/172,pk_1b3305af20ac1686743867fb66dc9015f529edc54e80bf9935c9d2a4de0c57a9d6b1aad4bc60f65f1f58b0ba39f90b,Gengar,S12a,S12a: VSTAR Universe,2.6,1.85,5.99,,,,both,True,fetched,set:name_suffix+card:name_number
2026-10-02-180534,2026-10-02T16:05:34Z,162,23651,133,Alolan Exeggutor ex,Surging Sparks,133/191,pk_a3a9e0bfcc50fff4210e45ed6138ad1cd462dbd1c48e023725a140a137f5c745e79ee5467b8dea605fabb063e647422e,Alolan Exeggutor ex - 133/191,SSP,SV08: Surging Sparks,0.79,0.3,20,,,,both,True,fetched,set:name_suffix+card:name_number
2026-10-02-180534,2026-10-02T16:05:34Z,163,23651,141,Eternatus,Surging Sparks,141/191,pk_78fd33d8a65a9b4d0a46e32370c0d20886d987c55b09775891c529920f7f05ad35650b31d75287ff5754096d29b103c1,Eternatus,SSP,SV08: Surging Sparks,0.22,0.01,15.19,,,,both,True,fetched,set:name_suffix+card:name_number
2026-10-02-180534,2026-10-02T16:05:34Z,164,23651,31,Skeledirge,Surging Sparks,031/191,pk_f16db9de182cfb6083d218af939edc8c02171b79655d8a575dd3dbbae900d6c4259218acd7978b20bc90fdc5bd8c70,Skeledirge,SSP,SV08: Surging Sparks,0.23,0.01,19.82,,,,both,True,fetched,set:name_suffix+card:name_number
2026-10-02-180534,2026-10-02T16:05:34Z,165,23651,86,Sylveon ex,Surging Sparks,086/191,pk_5707d10fd8369ec2f1f24eb14889bb83b7016a7905b023014f3063b775e0bdd97db3e9b3b46cbfa0a94702f75c954d,Sylveon ex,SSP,SV08: Surging Sparks,2.69,1.48,44,,,,both,True,fetched,set:name_suffix+card:name_number
2026-10-02-180534,2026-10-02T16:05:34Z,106,23722,43,Oddish (JP),Jungle (Japanese),043,,,,,,,,,,,,False,miss,set:name_suffix+card:none
2026-10-02-180534,2026-10-02T16:05:34Z,83,23723,97,Hypno (JP),Fossil (Japanese),097,,,,,,,,,,,,False,miss,set:name_suffix+card:none
2026-10-02-180534,2026-10-02T16:05:34Z,118,2374,10,Ho-Oh (EB Games Exclusive),Miscellaneous Cards & Products,010/086,pk_99641324acffe938f1000c204b6267e10aba0335c7582f32ae04cfb4adf1a38a4a4941028e6c3df695f87edba65d,Abomasnow - 010/198 (Holiday Calendar),MCAP,Miscellaneous Cards & Products,0.52,0.2,19.82,,,,tcgplayer,True,fetched,set:name_exact+card:set_number
2026-10-02-180534,2026-10-02T16:05:34Z,122,2374,125,Steelix (Cosmos Holo),Miscellaneous Cards & Products,125/182,pk_63187dec1b2cdb10faaf06e599df131598cb86715c672e91d9afd386c81753b03107f2a4e9ab8b832461002b6fb2a2,Steelix - 125/182 (Cosmos Holo),MCAP,Miscellaneous Cards & Products,10.78,7.6,94.44,,,,tcgplayer,True,fetched,set:name_exact+card:name_number
2026-10-02-180534,2026-10-02T16:05:34Z,119,2374,19,Keldeo (Chaos Rising Stamped),Miscellaneous Cards & Products,019/086,pk_4def3ddb9cf6f5e8b358ea33cbf2b5dd00c93d01fcb0a89c5cc8cf8470c79baaa90c83ce0770a56ae9671b6c67ad,Charmeleon - 19/147 (Premium Collection Promo),MCAP,Miscellaneous Cards & Products,2.99,1,9999,,,,tcgplayer,True,fetched,set:name_exact+card:set_number
2026-10-02-180534,2026-10-02T16:05:34Z,120,2374,48,Lapras (Holiday Calendar),Miscellaneous Cards & Products,048/202,pk_42d13c2e4a0cf744c1c21edde5aece9093bd8975ef8605f84dfc6d305bfad0a302451cd5dc17210ce9a14914d09f,Lapras - 048/202 (Holiday Calendar),MCAP,Miscellaneous Cards & Products,4.44,3.5,208.45,,,,tcgplayer,True,fetched,set:name_exact+card:name_number
2026-10-02-180534,2026-10-02T16:05:34Z,121,2374,51,Pikachu (Pokemon Day 2026),Miscellaneous Cards & Products,051/162,pk_d4f24568d941a202fe8cbf136314d74c09ec8f45505cdeea665fa228eb9621dba15018f4618a1d7d86f0aca64826,Team Rocket's Articuno (Destined Rivals Stamp),MCAP,Miscellaneous Cards & Products,30.28,27,263.24,,,,tcgplayer,True,fetched,set:name_exact+card:set_number
2026-10-02-180534,2026-10-02T16:05:34Z,167,23806,4,Pokegear 3.0,SV: Premium Trainer Box ex,004/028,pk_299fd3b222cbfa5c687c2459573a7743ca5c380973d35bc90f58f51d71f445677023997be85d83836d314471f7fe,Pokegear 3.0,svB,SV: Premium Trainer Box ex,,2,2,,,,both,True,fetched,set:name_exact+card:name_number
2026-10-02-180534,2026-10-02T16:05:34Z,158,23821,59,Umbreon (Poke Ball Pattern),Prismatic Evolutions,059/131,pk_b1f5b1464aba9b6c5571ff23721b6705aa9b22fa212ebd30e52e06641b1605a9bd4aad790064217fdd563bdb9110aa,Umbreon,PRE,SV: Prismatic Evolutions,0.47,0.05,999,,,,both,True,fetched,set:name_suffix+card:name_number
2026-10-02-180534,2026-10-02T16:05:34Z,157,23821,60,Umbreon ex,Prismatic Evolutions,060/131,pk_2b6d27a8bd0706fab12b1c79927ebd9b1be2680bf7a01e9b2287e3487906bb3a32bcccbcabc6f0c707dad8fb74abf7,Umbreon ex - 060/131,PRE,SV: Prismatic Evolutions,8.43,7,5000,,,,both,True,fetched,set:name_suffix+card:name_number
2026-10-02-180534,2026-10-02T16:05:34Z,46,23898,25,Raikou EX (JP),Dark Rush,025/069,pk_7201316b5cf55d48877d41b59d146ac09251fb17057366bbdff613a658dd01f16ee92709aac4476fac6dffd2ade440,Raikou EX - 025/069,BW4,BW4: Dark Rush,8.13,6,8,,,,both,True,fetched,set:name_suffix+card:name_number
2026-10-02-180534,2026-10-02T16:05:34Z,171,23909,92,Umbreon (JP),Terastal Festival ex,092/187,pk_4c3160078b4650174ea9bf9be70f740a408ed04b35aa42c9d29a2f95a41d1aa1925c143dcbcd513b75f9ab389b9c21,Umbreon,SV8a,SV8a: Terastal Fest ex,0.33,0.1,25,,,,both,True,fetched,set:name_suffix+card:name_number
2026-10-02-180534,2026-10-02T16:05:34Z,79,24084,101,Mightyena ex,EX Holon Phantoms,101,pk_67f5b981f882f8227f8d48d5f974446a6d273030ec7b6af375d29392802f41ad8b0ee144e2f9f982e703c288d36b,Mightyena ex,HP,Holon Phantoms,99.99,74.99,200.01,,,,both,True,fetched,set:name_fuzzy+card:name_number
2026-10-02-180534,2026-10-02T16:05:34Z,78,24084,63,Corphish (63),EX Holon Phantoms,63,pk_fdf090364ffa6990b3971ae357b5ae65e0a2dc6185ca0f2774d43898029e95457d62c813414433e4897773c7f8,Corphish - 063/110,HP,Holon Phantoms,0.37,0.15,19.82,,,,both,True,fetched,set:name_fuzzy+card:name_number
2026-10-02-180534,2026-10-02T16:05:34Z,80,24084,80,Poochyena,EX Holon Phantoms,80,pk_d9edf81234590dbbad70bb58148381a6f4f0634f93ea548b8dea5d4f58b22895dd91316cdc66ac4a0a5e2d54dd,Poochyena,HP,Holon Phantoms,0.56,0.18,19.82,,,,both,True,fetched,set:name_fuzzy+card:name_number
2026-10-02-180534,2026-10-02T16:05:34Z,51,2409,16,Lickitung (Holo Common),Detective Pikachu,16,pk_276d5b96e9f2113b490f393c244303c461cebf6485c759cd806f264d552b98fa8608b33a83e51d10a305fb1216,Lickitung (Holo Common),DEP,Detective Pikachu,0.43,0.1,5.6,,,,both,True,fetched,set:name_exact+card:name_number
2026-10-02-180534,2026-10-02T16:05:34Z,52,2409,3,Morelull (Holo Common),Detective Pikachu,3,pk_c34ccdb4dae95dece608da5b7fbefeb08a745d2f21f5f5ca6c5f4611b40d002eeecdfd0765ae7d353bf82c60,Morelull (Holo Common),DEP,Detective Pikachu,0.37,0.05,18.2,,,,both,True,fetched,set:name_exact+card:name_number
2026-10-02-180534,2026-10-02T16:05:34Z,94,24175,91,Misty's Cloyster (JP),Hanada City Gym Deck,091,,,,,,,,,,,,False,miss,set:name_fuzzy+card:none
2026-10-02-180534,2026-10-02T16:05:34Z,50,24269,31,Team Rocket's Moltres ex,Destined Rivals,031/182,pk_fe5ffd94ab2efa61fd675d3f770a7afbb675808cd2636ebc962f577881d58578da8d880db3eb32ed7cb4acaf5b437d,Team Rocket's Moltres ex,DRI,SV10: Destined Rivals,0.9,0.29,50,,,,both,True,fetched,set:name_suffix+card:name_number
2026-10-02-180534,2026-10-02T16:05:34Z,169,24310,68,Dark Machamp (JP),Team Rocket (Japanese),068,pk_876dc6c58cd715df1e523a8184fc6abbe908245e95e0f6a91e3519de1605485d3fc27dcadc2ba8b6e5c7fbaae58df1,Team Rocket's Muk,SV10,SV10: The Glory of Team Rocket,0.16,0.1,20,,,,both,True,fetched,set:name_suffix+card:set_number
2026-10-02-180534,2026-10-02T16:05:34Z,6,,96,Drowzee (JP),Base Set (Japanese),096,,,,,,,,,,,,False,orphan,set:none
2026-10-02-180534,2026-10-02T16:05:34Z,7,,62,Poliwrath (JP),Base Set (Japanese),062,,,,,,,,,,,,False,orphan,set:none
2026-10-02-180534,2026-10-02T16:05:34Z,25,,53,Deoxys VMAX,Brave Stars (Charm),053/127,,,,,,,,,,,,False,orphan,set:none
2026-10-02-180534,2026-10-02T16:05:34Z,26,,19,Raichu V,Brave Stars (Charm),019/127,,,,,,,,,,,,False,orphan,set:none
2026-10-02-180534,2026-10-02T16:05:34Z,27,,129,Solrock,Brave Stars (Charm),129/127,,,,,,,,,,,,False,orphan,set:none
2026-10-02-180534,2026-10-02T16:05:34Z,28,,27,Zeraora V,Brave Stars (Charm),027/127,,,,,,,,,,,,False,orphan,set:none
2026-10-02-180534,2026-10-02T16:05:34Z,29,,113,Oranguru V,Brave Stars (Courage),113/128,,,,,,,,,,,,False,orphan,set:none
2026-10-02-180534,2026-10-02T16:05:34Z,30,,4,Radiant Venusaur,Brave Stars (Courage),004/128,,,,,,,,,,,,False,orphan,set:none
2026-10-02-180534,2026-10-02T16:05:34Z,31,,33,Serperior VSTAR,Brave Stars (Courage),033/128,,,,,,,,,,,,False,orphan,set:none
2026-10-02-180534,2026-10-02T16:05:34Z,87,,38,Blaine's Ninetales (JP),Gym Challenge (Japanese),038,,,,,,,,,,,,False,orphan,set:none
2026-10-02-180534,2026-10-02T16:05:34Z,93,,117,Misty's Seadra (JP),Gym Heroes (Japanese),117,,,,,,,,,,,,False,orphan,set:none
2026-10-02-180534,2026-10-02T16:05:34Z,131,,95,Onix (JP),Neo Genesis (Japanese),095,,,,,,,,,,,,False,orphan,set:none
2026-10-02-180534,2026-10-02T16:05:34Z,186,,60,Poliwag (JP),Vending Series 1 (Blue),060,,,,,,,,,,,,False,orphan,set:none
2026-10-02-182201,2026-10-02T16:22:01Z,111,-113,54,Slowpoke,Lost Thunder,54,2d03e057e6e3be88c6cd23dbfbd0afc4d3d3a0fc1142f1170129ef5d2eb28d9e,Slowpoke,LOT,,,,,,,,cardmarket,True,cache,set:name_exact+card:name_number
2026-10-02-182201,2026-10-02T16:22:01Z,1,-38,90,Roaring Moon ex (JP),Ancient Roar,090/066,pk_b15b78a21cb16a19c9934d004b37011522a8e8b52386bb71544a8e585b45952c55bf11d1852e051cbd9a110a02c8c5,Roaring Moon ex - 090/066,SV4K,SV4K: Ancient Roar,40.63,38,70,,,,both,True,cache,set:name_exact+card:name_number
2026-10-02-182201,2026-10-02T16:22:01Z,190,-42,80,Gastly (JP),Wild Force,080/071,pk_51b7bb31edf1939b662c9533110216e8a78391e1406d01d0d33503aad9131294e8038a7e215494b2508f352fe7f9ef,Gastly - 080/071,SV5K,SV5K: Wild Force,37.36,33,200,,,,both,True,cache,set:name_exact+card:name_number
2026-10-02-182201,2026-10-02T16:22:01Z,168,1373,17,Rainbow Energy (17),Team Rocket,17,pk_f3e9793a32fe072f5632e5f156bba775f9cb692b953be769991b53d4aed0a9d5dbc6910ad76ca744be005452,Rainbow Energy (17),TR,Team Rocket,40.67,31.11,471.34,,,,both,True,cache,set:name_exact+card:name_number
2026-10-02-182201,2026-10-02T16:22:01Z,107,1374,67,Abra,Legendary Collection,67,64758a9fba72ea94ca400f3642dfd462047ce2832943d1b05790c8a24daf7c4f,Abra,LC,,,,,,,,cardmarket,True,cache,set:name_exact+card:name_number
2026-10-02-182201,2026-10-02T16:22:01Z,108,1374,69,Caterpie,Legendary Collection,69,0bff60d5f45980ce17d24f5825446e36c780b53bf24085665b5920ccf4116652,Caterpie,LC,,,,,,,,cardmarket,True,cache,set:name_exact+card:name_number
2026-10-02-182201,2026-10-02T16:22:01Z,161,1384,8,Rayquaza C,Supreme Victors,8,pk_53542c3fd04fb92cd5a82cfa2eba564153cd487d9c80bcc1b4aca190c302f9b06d3c1c4a6a4411b8,Rayquaza C,SV,Supreme Victors,70.62,399,499.99,,,,both,True,cache,set:name_exact+card:name_number
2026-10-02-182201,2026-10-02T16:22:01Z,142,1385,73,Terrakion,Noble Victories,73,pk_29af6af6f1579d15f2dc8fbf301d7dcced9a1799b83987267e30342e1bf204df419ec41619e15fae2397df4146,Terrakion,NVI,Noble Victories,2.43,1.9,32.84,,,,both,True,cache,set:name_exact+card:name_number
2026-10-02-182201,2026-10-02T16:22:01Z,141,1385,84,Cobalion,Noble Victories,84,pk_33cb896ef57cbbe0d68f0df0b617bba574ae49a5bfbf93d1d417586c12beeb4c46097213d6aee86acd292a0134,Cobalion,NVI,Noble Victories,1.62,1,27.24,,,,both,True,cache,set:name_exact+card:name_number
2026-10-02-182201,2026-10-02T16:22:01Z,191,1387,68,Sableye,XY Base Set,68,pk_b3f70dbc61dfa59040555de8fcd10439bad07c0f7bdbaeb1c250913f148f6e29693e771be436b2bfb1686c893d,Sableye,XY,XY Base Set,0.53,0.2,14.99,,,,both,True,cache,set:name_exact+card:name_number
2026-10-02-182201,2026-10-02T16:22:01Z,132,1389,17,Entei (17),Neo Revelation,17,pk_a2178f6bd72942e0f3deafa700ac9da07409e5cbf5963f2060b67cd7203d72234ad97eec6e40d85b96bb966f,Entei (17),N3,Neo Revelation,82.23,35.89,848.84,,,,tcgplayer,True,cache,set:name_exact+card:name_number
2026-10-02-182201,2026-10-02T16:22:01Z,133,1389,18,Ho-oh,Neo Revelation,18,pk_5218d78169cd302950269c4fb4739d0b3b2cce7dd477873ff2a2aa22516b021157b28dd95285f629eec7237d,Ho-oh (18),N3,Neo Revelation,117.89,54.99,9999,,,,tcgplayer,True,cache,set:name_exact+card:name_number
2026-10-02-182201,2026-10-02T16:22:01Z,134,1389,20,Lugia,Neo Revelation,20,pk_7c352b230d2d259ab112797b5bef75c9e41525839963501e22b576261acc1cc20d71efc7b969dbae14e3170d,Lugia,N3,Neo Revelation,62.57,35,9999,,,,tcgplayer,True,cache,set:name_exact+card:name_number
2026-10-02-182201,2026-10-02T16:22:01Z,72,1395,64,Squirtle (64),EX Crystal Guardians,64,pk_5a4bc5089043695ae6d3c18175d66b321dc2d9fdc445cdf61812a7b102de446b767e5d2e6e62f07d30f9e11549,Squirtle - 064/100,CG,Crystal Guardians,17.2,4.18,96.27,,,,both,True,cache,set:name_fuzzy+card:name_number
2026-10-02-182201,2026-10-02T16:22:01Z,126,1396,57,Cyndaquil (57),Neo Genesis,57,pk_bfb8cfc6531175cd476d1b1f977a2a11de55edc419b184e945db3318471dfa971345194ed7aefa51384457c1aa,Cyndaquil (57),N1,Neo Genesis,14.09,2.5,96.95,,,,tcgplayer,True,cache,set:name_exact+card:name_number
2026-10-02-182201,2026-10-02T16:22:01Z,128,1396,65,Mareep,Neo Genesis,65,pk_e4adcb9d0a11061a1d241a92586f8bed99896ce37b6ce0be661494253bd9e9ed4f003a8c0c73874ed687b0fd2a,Mareep,N1,Neo Genesis,3.65,1.8,30,,,,tcgplayer,True,cache,set:name_exact+card:name_number
2026-10-02-182201,2026-10-02T16:22:01Z,129,1396,74,Snubbull,Neo Genesis,74,pk_aa787e8dc3ff3a4203b1e0768eb14cae7e9d09efa6b30aa1221901f2ac59f1ec943c7ebc9cc5ae5b03ba23e0e3,Snubbull,N1,Neo Genesis,2.27,1,50,,,,tcgplayer,True,cache,set:name_exact+card:name_number
2026-10-02-182201,2026-10-02T16:22:01Z,130,1396,80,Totodile (80),Neo Genesis,80,pk_fa6f1636ccd356a500d6a2af0720eda65816adaebd1fbacefaaa34f8e4f912587436ef87cfa8cf2ecd11ec4af1,Totodile (80),N1,Neo Genesis,1.92,0.4,90,,,,tcgplayer,True,cache,set:name_exact+card:name_number
2026-10-02-182201,2026-10-02T16:22:01Z,82,1398,27,Ho-oh,EX Unseen Forces,27/115,pk_62eed384aebb3470749ae32f6182b79013e340eb290a373b098b18c57f3b0f8b4d47084c06d64b7320270e40a3,Ho-Oh,UF,Unseen Forces,7.81,6.77,74.74,,,,both,True,cache,set:name_fuzzy+card:name_number
2026-10-02-182201,2026-10-02T16:22:01Z,81,1398,54,Cyndaquil,EX Unseen Forces,54/115,pk_00f37841c6bd4ab2ce421090745d1f2d849d935d0039943b7d9e8b3cf7f0d4e20abd27dcf2a93ad167fd7c7444,Cyndaquil,UF,Unseen Forces,2.6,0.4,44.6,,,,both,True,cache,set:name_fuzzy+card:name_number
2026-10-02-182201,2026-10-02T16:22:01Z,185,1403,10,Umbreon,Undaunted,10,pk_a2bba8e9e05f3edc963632ced6b84410adfb96ba54c9d82dc7b6cbbaba99d12fb7ead9923ba1651bd0bbc06b,Umbreon,UD,Undaunted,96.83,90,679.34,,,,both,True,cache,set:name_exact+card:name_number
2026-10-02-182201,2026-10-02T16:22:01Z,109,1409,15,Virizion,Legendary Treasures,15,pk_b6ec8b056fe45cccee2b5c65490dff417cde2717807cf5a3f2118655482d11fc65ffaced33f37c4a1c70ddf8fb,Virizion,LTR,Legendary Treasures,1.7,0.99,49.99,,,,both,True,cache,set:name_exact+card:name_number
2026-10-02-182201,2026-10-02T16:22:01Z,74,1410,102,Fire Energy,EX Emerald,102,pk_2d41fe6f6139544ef4c99bbda7da1321e6c2473445123eba8fb5665a1ac2c34d3c87ba43f30fdc46876ce8b5b577,Fire Energy,EM,Emerald,17.6,12.65,184.24,,,,both,True,cache,set:name_fuzzy+card:name_number
2026-10-02-182201,2026-10-02T16:22:01Z,156,1413,126,Virbank City Gym,Plasma Storm,126,pk_de79b0b95e8292740c0042a5d1a751ba4b4488dd327a543d06b2e9e4e855427d379c79dd1d83ed3284d479d87410,Virbank City Gym,PLS,Plasma Storm,5.13,3,47.14,,,,both,True,cache,set:name_exact+card:name_number
2026-10-02-182201,2026-10-02T16:22:01Z,77,1416,60,Doduo,EX Hidden Legends,60,pk_fd55e9b969ae651b8fa7e8e5266a9b19f4878b62f396394f68617090ad2e35707fdf137feef3622030025b6357,Doduo,HL,Hidden Legends,0.36,0.1,19.82,,,,both,True,cache,set:name_fuzzy+card:name_number
2026-10-02-182201,2026-10-02T16:22:01Z,110,1417,52,Dragonair,Legends Awakened,52,pk_8a5b982b9d66dfb7a2f80c28eb6f28939fe2bb3d8f9bc9ce315cb685e007f425185a8c93eb6253e66d5521401a,Dragonair,LA,Legends Awakened,12.96,6.2,109.74,,,,both,True,cache,set:name_exact+card:name_number
2026-10-02-182201,2026-10-02T16:22:01Z,75,1419,46,Poliwhirl,EX FireRed & LeafGreen,46,pk_7e69972295f1bdf2aa0b87d8423ec9f4692d6bf91ea90b3fcf9bca02ce73f96421c30587a05530932f6f8bf58d,Poliwhirl,RG,FireRed & LeafGreen,4.62,4.91,35,,,,both,True,cache,set:name_fuzzy+card:name_number
2026-10-02-182201,2026-10-02T16:22:01Z,76,1419,78,Seel,EX FireRed & LeafGreen,78,pk_4f7665e05b3800de8173476326fccbe6afe2f7dc2ddfd0483eddc541869cdcda3a3001ea292dbe2986c919a6e7,Seel,RG,FireRed & LeafGreen,0.49,0.1,16.7,,,,both,True,cache,set:name_fuzzy+card:name_number
2026-10-02-182201,2026-10-02T16:22:01Z,73,1429,41,Dragonair,EX Delta Species,41,dc964117624a66a340572753e70c3911df2a612d13b00a1a1a81a2b5fe867f45,Dragonair δ Delta Species,DS,,,,,,,,cardmarket,True,cache,set:name_fuzzy+card:set_number
2026-10-02-182201,2026-10-02T16:22:01Z,54,1430,117,Energy Search,Diamond and Pearl,117,pk_627f265dd3440d20a05ef0dcd6bbec10d568ec410646c19b78dbbc823804e63489ab9dfeb34e931ccfe78ad24e16,Energy Search,DP,Diamond and Pearl,0.18,0.02,19.82,,,,both,True,cache,set:name_exact+card:name_number
2026-10-02-182201,2026-10-02T16:22:01Z,55,1430,117,Energy Search,Diamond and Pearl,117,pk_627f265dd3440d20a05ef0dcd6bbec10d568ec410646c19b78dbbc823804e63489ab9dfeb34e931ccfe78ad24e16,Energy Search,DP,Diamond and Pearl,0.18,0.02,19.82,,,,both,True,cache,set:name_exact+card:name_number
2026-10-02-182201,2026-10-02T16:22:01Z,53,1430,43,Budew,Diamond and Pearl,43,pk_edbbf2c21eaaaefb3f0d1d60c919372329675b3d2bb64627fab910861cdacd46e47871441b8082e8d8dfb3e8c4,Budew,DP,Diamond and Pearl,4.57,0.99,52.94,,,,both,True,cache,set:name_exact+card:name_number
2026-10-02-182201,2026-10-02T16:22:01Z,125,1434,32,Umbreon (32),Neo Discovery,32,pk_ed3624519e47271257a82a3f6a3f932f50dad08b11a8244c3c2ca9103cd37f6356994c8ee8228cd98a12a01b,Umbreon (32),N2,Neo Discovery,300,300,499.98,,,,tcgplayer,True,cache,set:name_exact+card:name_number
2026-10-02-182201,2026-10-02T16:22:01Z,124,1434,66,Tyrogue,Neo Discovery,66,pk_cac6e18a7e92b7abc0fad72666632c2ab9ea52faae88fb360ae74fccd6961a2fba8edf81f3deee1731ec78be,Tyrogue,N2,Neo Discovery,3.29,1.86,32.12,,,,tcgplayer,True,cache,set:name_exact+card:name_number
2026-10-02-182201,2026-10-02T16:22:01Z,89,1441,106,Brock's Training Method,Gym Heroes,106,pk_6b727457ca0fe15c2fc1455db4d1de85bc326f2dede3de89c8e16022f7b6e5d6c5f6651d12bc8ea471b8267db956,Brock's Training Method,G1,Gym Heroes,1.14,0.35,5,,,,tcgplayer,True,cache,set:name_exact+card:name_number
2026-10-02-182201,2026-10-02T16:22:01Z,92,1441,123,Misty's Duel,Gym Heroes,123,pk_1f77393ac0c2cff342ce80e4f83d4b039d455da883d5c5279fddab9181415ee12a7a859d522a2813dc92f31dccc6,Misty's Duel,G1,Gym Heroes,5.42,2.2,52.94,,,,tcgplayer,True,cache,set:name_exact+card:name_number
2026-10-02-182201,2026-10-02T16:22:01Z,91,1441,130,Lightning Energy,Gym Heroes,130,pk_31445d60b6bb5b719f38c2fbfb7ec1ad316c2c0608bde333ce4c6d61430ed40e39e44c7a49e2d9e775fcad6fba70,Lightning Energy,G1,Gym Heroes,2.11,0.45,95.24,,,,tcgplayer,True,cache,set:name_exact+card:name_number
2026-10-02-182201,2026-10-02T16:22:01Z,90,1441,43,Erika's Exeggcute (43),Gym Heroes,43,pk_ce2f5fe6baf2c2ee69cc6351f20132fd26d97c44ae91ab0c41c80d8b84522dc955466e9fcf916deadb08659552,Erika's Exeggcute (43),G1,Gym Heroes,6.24,3.52,58.46,,,,tcgplayer,True,cache,set:name_exact+card:name_number
2026-10-02-182201,2026-10-02T16:22:01Z,88,1441,69,Brock's Onix (69),Gym Heroes,69,pk_77be89039c43b92eb361e15926069a70eec974f076112c64c03e232933427d1f44e3e9f182680b2e3cede82ff4,Brock's Onix (69),G1,Gym Heroes,1.74,0.39,96.95,,,,tcgplayer,True,cache,set:name_exact+card:name_number
2026-10-02-182201,2026-10-02T16:22:01Z,123,1444,50,Light Ninetales,Neo Destiny,50,pk_90c9aa90e01303ed97e47d1e17aa299194980574c93cabb92c989d8d47e184978f3557370507513063a9073903,Light Ninetales,N4,Neo Destiny,28.55,15,129.3,,,,tcgplayer,True,cache,set:name_exact+card:name_number
2026-10-02-182201,2026-10-02T16:22:01Z,32,1661,69,Kirlia,BREAKthrough,69,pk_04165b50e725d66eaffee189b9831eb4bc37ce0151511eeb25343f2dbd1324df881f1263efdfe8e9f4d6d764b4d7,Kirlia,BKT,XY - BREAKthrough,0.42,0.12,16.36,,,,both,True,cache,set:name_suffix+card:name_number
2026-10-02-182201,2026-10-02T16:22:01Z,45,17689,gg60,Cynthia's Ambition,Crown Zenith: Galarian Gallery,GG60/GG70,pk_712127e0870de9b9252d990b063298a6bf7ead2d0c0611226a78d2dfa663b50f959f345622031ee5a493e7c69215344b81b6,Cynthia's Ambition,CRZ:GG,Crown Zenith: Galarian Gallery,23.17,19.95,186.92,,,,tcgplayer,True,cache,set:name_exact+card:name_number
2026-10-02-182201,2026-10-02T16:22:01Z,48,1840,13,Delphox - 013/086 (Non-Holo),Deck Exclusives,013/086,pk_03ebb83d14b57b84681330d01e499341acafbe5e177020f9097fd22604a6e0ca355c8c49915557fa142dd1ad4323,Delphox - 13/124 (XY Fates Collide),PR,Deck Exclusives,0.58,0.19,1.99,,,,tcgplayer,True,cache,set:name_exact+card:name_number
2026-10-02-182201,2026-10-02T16:22:01Z,47,1840,29,Ampharos - 029/086 (Non-Holo),Deck Exclusives,029/086,pk_36201a98df0c9ae78b81ef0cc27a69e9ffeeadd3745e7909a7a7988e6493efd80af368b35bc12fc354e5a1b2a2a2,Empoleon - 29/108 (Battle Arena Deck Exclusive),PR,Deck Exclusives,1.97,0.8,96.95,,,,tcgplayer,True,cache,set:name_exact+card:set_number
2026-10-02-182201,2026-10-02T16:22:01Z,49,1840,8,Machamp,Deck Exclusives,008/102,pk_8c7b7d6e3edf91d796bbfd511ca99f2d9c72ee3088563624ad03d5c24ce4298026540a64ba52a45de8a82138bd,Noctowl - 8/123 (HeartGold & SoulSilver),PR,Deck Exclusives,2.39,0.75,31.14,,,,tcgplayer,True,cache,set:name_exact+card:set_number
2026-10-02-182201,2026-10-02T16:22:01Z,71,1842,14,Vulpix,Evolutions,14/108,pk_f439ddf01cdda1c193e07b1f7a8579f754d5d6799b046e6a4f340a57c175af830cfb2bfed332fe3d999c2ee69b76,Vulpix,EVO,XY - Evolutions,0.22,0.01,14.21,,,,both,True,cache,set:name_suffix+card:name_number
2026-10-02-182201,2026-10-02T16:22:01Z,64,1842,23,Poliwag,Evolutions,23/108,pk_0819f6da2d6e7da5c76e543c5dd6dc4f3162bc64b8d4e66c8539362415507e67e817a0c81388b1fefac1d7a780af,Poliwag,EVO,XY - Evolutions,0.21,0.01,17.74,,,,both,True,cache,set:name_suffix+card:name_number
2026-10-02-182201,2026-10-02T16:22:01Z,65,1842,23,Poliwag,Evolutions,23/108,pk_0819f6da2d6e7da5c76e543c5dd6dc4f3162bc64b8d4e66c8539362415507e67e817a0c81388b1fefac1d7a780af,Poliwag,EVO,XY - Evolutions,0.21,0.01,17.74,,,,both,True,cache,set:name_suffix+card:name_number
2026-10-02-182201,2026-10-02T16:22:01Z,58,1842,29,Dewgong,Evolutions,29/108,pk_b2598173a2061059e0ff134c979798d7e40d466d4b1ee6d98c57795859e75f60112609cde97b3bd1926f239a0301,Dewgong,EVO,XY - Evolutions,0.22,0.05,35,,,,both,True,cache,set:name_suffix+card:name_number
2026-10-02-182201,2026-10-02T16:22:01Z,70,1842,39,Voltorb,Evolutions,39/108,pk_1a97ca0d3795ebb70e28f553d93ef3bda9d89b5bfa09c74c39829ef3bb488ce964eda7f6cb428e5c4445eebf8735,Voltorb,EVO,XY - Evolutions,0.17,0.01,18.86,,,,both,True,cache,set:name_suffix+card:name_number
2026-10-02-182201,2026-10-02T16:22:01Z,63,1842,4,Metapod,Evolutions,4/108,pk_a799e04fc2c560e3ea4f7393942f49dfe800aa4842aed40122c90e0fcc57c30eee64a5b7ee52f5e1e7ebf47f32,Metapod,EVO,XY - Evolutions,0.23,0.03,19.82,,,,both,True,cache,set:name_suffix+card:name_number
2026-10-02-182201,2026-10-02T16:22:01Z,59,1842,55,Diglett,Evolutions,55/108,pk_1efb59dca55f4689b273a98c63edab3a34cf74f70db5330bedf49250bf4ec3872aa443ba30e16f6e03843f08985c,Diglett,EVO,XY - Evolutions,0.11,0.01,14.16,,,,both,True,cache,set:name_suffix+card:name_number
2026-10-02-182201,2026-10-02T16:22:01Z,62,1842,57,Machop,Evolutions,57/108,pk_c36c6e58796bca5e44144f023bfacdd05c068c8a10ab281049109b750884a5a984479434012ef3c73acffb09d2bf,Machop,EVO,XY - Evolutions,0.19,0.01,15,,,,both,True,cache,set:name_suffix+card:name_number
2026-10-02-182201,2026-10-02T16:22:01Z,66,1842,67,Raticate,Evolutions,67/108,pk_eb56671063893b0b293ca4c109207c2a54194a1680d79dbeb6f2c1b143c480747764b69e8d90a7d40860766d47de,Raticate,EVO,XY - Evolutions,0.17,0.05,15.42,,,,both,True,cache,set:name_suffix+card:name_number
2026-10-02-182201,2026-10-02T16:22:01Z,60,1842,69,Doduo,Evolutions,69/108,pk_fd41e9060e306f05974f417cbbc0c2e591921d9a77ac25027178757139e80af53d24a8d62de42ca03290d6792606,Doduo,EVO,XY - Evolutions,0.18,0.03,14.18,,,,both,True,cache,set:name_suffix+card:name_number
2026-10-02-182201,2026-10-02T16:22:01Z,56,1842,7,Beedrill,Evolutions,7/108,pk_1fcf283e441b3342c433bb78ebbb1fcff79f5451922691cede9e88e699e5b2f5d541cfae9bdc4b5111fea25a4b,Beedrill,EVO,XY - Evolutions,0.27,0.02,19.46,,,,both,True,cache,set:name_suffix+card:name_number
2026-10-02-182201,2026-10-02T16:22:01Z,68,1842,8,Tangela,Evolutions,8/108,pk_e9820aa9b912c585fe96eda94d5d0b368cffb3fde8c7d4027de48e08fe0ab2b5516f5edda651675dd4bf8b1d1d,Tangela,EVO,XY - Evolutions,0.24,0.01,15.84,,,,both,True,cache,set:name_suffix+card:name_number
2026-10-02-182201,2026-10-02T16:22:01Z,67,1842,86,Slowbro Spirit Link,Evolutions,86/108,pk_8bc5fc0280dff1f92b5cc5e5353a66bf978063e4814ee3799a913bb1ac9c35473582d6a7716a6c965adcd5cbaac4,Slowbro Spirit Link,EVO,XY - Evolutions,0.28,0.02,14.29,,,,both,True,cache,set:name_suffix+card:name_number
2026-10-02-182201,2026-10-02T16:22:01Z,69,1842,89,Venusaur Spirit Link,Evolutions,89/108,pk_c88e0902038bc125dac7920aadab4eb4562e6a8246cb47d38759aee34d7333a0ec0282e342155ce79c45cfbe93ef,Venusaur Spirit Link,EVO,XY - Evolutions,0.24,0.04,19.82,,,,both,True,cache,set:name_suffix+card:name_number
2026-10-02-182201,2026-10-02T16:22:01Z,61,1842,94,Lightning Energy,Evolutions,94/108,pk_8234acc2fcc1778fb8c6b2d33fd8c102de546b453ebfafaa50b5f89aef82e76e1cbd26294c5ce947043983b707ed,Lightning Energy,EVO,XY - Evolutions,0.21,0.06,19.12,,,,both,True,cache,set:name_suffix+card:name_number
2026-10-02-182201,2026-10-02T16:22:01Z,57,1842,97,Darkness Energy,Evolutions,97/108,pk_f9d9d0eae7cf3282639a7250f3cb86f63aac08c6d172f11afe8d113afc8879f7ed7d6a684a9bbfd911dee7a3cbe1,Darkness Energy,EVO,XY - Evolutions,1.5,0.98,24.52,,,,both,True,cache,set:name_suffix+card:name_number
2026-10-02-182201,2026-10-02T16:22:01Z,159,22873,253,Miraidon ex,Scarlet & Violet Base Set,253/198,pk_363201270d4afa467e4be33a8351a5f4b2f358887f1383b2db03bceaf749122fce4a599f009bb58ea6e1c5a5197b7dd6,Miraidon ex - 253/198,SVI,SV01: Scarlet & Violet Base Set,7.65,5,161.2,,,,tcgplayer,True,cache,set:name_suffix+card:name_number
2026-10-02-182201,2026-10-02T16:22:01Z,24,2289,13,Virizion,Blister Exclusives,13/101,pk_9f89b162479d4911badac9a6eaf65234a26d104f06ba8ede8274f754bc04fbacb145ad5811178c2a081e206102,Virizion,NVI,Noble Victories,1.98,0.95,24.74,,,,tcgplayer,True,cache,set:name_exact+card:name_number
2026-10-02-182201,2026-10-02T16:22:01Z,23,2289,60,Baxcalibur (Cosmos Holo),Blister Exclusives,060/193,pk_e34ef3412397fc0f79c6168194b12f5e4fc2c775d1d72c7716984574a43cb613c06b2802d789fb6594a7ad0c228a,Baxcalibur - 060/193 (Cosmos Holo),BLE,Blister Exclusives,0.46,0.25,1000,,,,tcgplayer,True,cache,set:name_exact+card:name_number
2026-10-02-182201,2026-10-02T16:22:01Z,143,23120,196,Sprigatito,Paldea Evolved,196/193,pk_0b82b4bba94c0731a12e2a86dfa75a49cd70740b92439abe5dc340aae8ea8a39142f74b3d40a22e876d4c87cef9aa2cb,Sprigatito - 196/193,PAL,SV02: Paldea Evolved,57.19,44.95,850.9,,,,both,True,cache,set:name_suffix+card:name_number
2026-10-02-182201,2026-10-02T16:22:01Z,166,23237,7,Basic Darkness Energy (Cosmos Holo),SV: 151,007,pk_6f4137bf148368ce862425e9deaa1fc4231c4e827977de635e2dd8b4a5d5a7ed4bae15c87d86070a2436169a2db2,Squirtle - 007/165,MEW,SV: Scarlet & Violet 151,0.29,0.05,18.38,,,,both,True,cache,set:name_exact+card:set_number
2026-10-02-182201,2026-10-02T16:22:01Z,179,23266,17,Trevenant,Trick or Trade BOOster Bundle 2023,017/196,pk_c785c6645803cad844ffa0348402d59762906a8400b0d0b60affb2baa33715a1be0eaf9d4716593c1cfa8590879ef2,Trevenant,TTBB23,Trick or Trade BOOster Bundle 2023,0.16,0.02,19.82,,,,both,True,cache,set:name_exact+card:name_number
2026-10-02-182201,2026-10-02T16:22:01Z,177,23266,62,Pikachu,Trick or Trade BOOster Bundle 2023,062/193,pk_39b3ca391673aa7658b679bd20a2656ba338145c12d1750266f7a72a0cd9d57a871674695d27288d92a9a9c6bb0f4a,Pikachu,TTBB23,Trick or Trade BOOster Bundle 2023,0.51,0.15,19.82,,,,both,True,cache,set:name_exact+card:name_number
2026-10-02-182201,2026-10-02T16:22:01Z,175,23266,71,Dusknoir,Trick or Trade BOOster Bundle 2023,071/185,pk_cdf02f8faa96c94a79cbe62be31c1cc99ddf0d62a4b910708344e88848cab0e99dc83936973b26ac5017acddca1162,Dusknoir,TTBB23,Trick or Trade BOOster Bundle 2023,0.14,0.01,19.82,,,,both,True,cache,set:name_exact+card:name_number
2026-10-02-182201,2026-10-02T16:22:01Z,174,23266,73,Banette,Trick or Trade BOOster Bundle 2023,073/196,pk_ca34e023b23731d857200e1712faa4fb7a21cdc1cd6a076bf7a0603cf55216cc0d7364202bbef3555595b06fd0fec9,Banette,TTBB23,Trick or Trade BOOster Bundle 2023,0.18,0.05,19.82,,,,both,True,cache,set:name_exact+card:name_number
2026-10-02-182201,2026-10-02T16:22:01Z,178,23266,90,Polteageist,Trick or Trade BOOster Bundle 2023,090/202,pk_d73bda19b8fadbd8a4838baf347cea905a6dca58bb6c9bb8e6be89e731aafce7259fadb406d8e6dc25c34bdf0c74d6,Polteageist,TTBB23,Trick or Trade BOOster Bundle 2023,0.13,0.01,19.82,,,,both,True,cache,set:name_exact+card:name_number
2026-10-02-182201,2026-10-02T16:22:01Z,176,23266,95,Lycanroc,Trick or Trade BOOster Bundle 2023,095/185,pk_0b38b47f75b088061535aeb3fd2d117c3242afa97dea930c874f41e82ac21b3419fcf479b0faf3a26eebca2247bb85,Lycanroc,TTBB23,Trick or Trade BOOster Bundle 2023,0.18,0.01,19.82,,,,both,True,cache,set:name_exact+card:name_number
2026-10-02-182201,2026-10-02T16:22:01Z,145,23286,118,Yveltal,Paradox Rift,118/182,pk_4e4c7e76ec48360da366a7c98f8220e9a6a247736e5790501de132b7b503776a1a621b1d9f08140f903883abff41757f,Yveltal - 118/182,PAR,SV04: Paradox Rift,0.16,0.01,3.34,,,,both,True,cache,set:name_suffix+card:name_number
2026-10-02-182201,2026-10-02T16:22:01Z,144,23286,74,Deoxys,Paradox Rift,074/182,pk_9b460b47b1052ab331fc145210c642e43b51738613ca52e0cb394bde7488360497dd8b59cbf3b568836ace0fed53d9,Deoxys,PAR,SV04: Paradox Rift,0.22,0.01,14.21,,,,both,True,cache,set:name_suffix+card:name_number
2026-10-02-182201,2026-10-02T16:22:01Z,173,23323,15,Lt. Surge's Rattata,Trading Card Game Classic,015/034,pk_1534a68a7b872490fcc7826df737781239b8725ad322c46ffc19d6484eb9ba903123ee79b7be5ac6ba3b43aa601731,Chansey,CL,Trading Card Game Classic,8.73,7.19,9999,,,,tcgplayer,True,cache,set:name_exact+card:set_number
2026-10-02-182201,2026-10-02T16:22:01Z,172,23323,16,Lt. Surge's Raticate,Trading Card Game Classic,016/034,pk_d66a1f89329ca1f6df363bb371eaf64dc3778e1c73e1e3702115734a5ddc7fdf836bdffc011cb7aaf95fe0b37a8b15,Snorlax,CL,Trading Card Game Classic,16.65,15.14,9999,,,,tcgplayer,True,cache,set:name_exact+card:set_number
2026-10-02-182201,2026-10-02T16:22:01Z,170,23381,104,Gengar ex,Temporal Forces,104/162,pk_4feed57d5fd7bbedc4eab7dfaef8d33457abf0f2389a648f84017b037f6ce04024fe053deecfdcb1ee6602cfd5e10ce7,Gengar ex - 104/162,TEF,SV05: Temporal Forces,6.37,3.99,143.8,,,,both,True,cache,set:name_suffix+card:name_number
2026-10-02-182201,2026-10-02T16:22:01Z,184,23473,221,Teal Mask Ogerpon ex,Twilight Masquerade,221/167,pk_8b4d48cb5c5b51c74c6fcdeaf44900eb4c1aeb4fe2ab52c6dda1419b792a8db52de0f3db8f34e5fe1f5d9bf6a88a34b0,Teal Mask Ogerpon ex - 221/167,TWM,SV06: Twilight Masquerade,9.19,7,999,,,,both,True,cache,set:name_suffix+card:name_number
2026-10-02-182201,2026-10-02T16:22:01Z,183,23473,29,Magcargo ex,Twilight Masquerade,029/167,pk_fa883eb13246646c37cc824b682d82256cdb102450199b68bee312211605694e7ec544d316450070c5831a059c89d5,Magcargo ex - 029/167,TWM,SV06: Twilight Masquerade,0.65,0.3,999,,,,both,True,cache,set:name_suffix+card:name_number
2026-10-02-182201,2026-10-02T16:22:01Z,182,23473,77,Iron Thorns ex,Twilight Masquerade,077/167,pk_59369de5820b1533f00d3027755314b72bf1fcc55c33280243c300b3510ba45917ebf9f9c85406d9920b5b26781cca,Iron Thorns ex - 077/167,TWM,SV06: Twilight Masquerade,0.67,0.34,999,,,,both,True,cache,set:name_suffix+card:name_number
2026-10-02-182201,2026-10-02T16:22:01Z,181,23561,130,Umbreon,Trick or Trade BOOster Bundle 2024,130/197,pk_edcfa36e5afcbd718e4df02b3e8fe316acc80d6a6f487dcf445b23e5ff9a1ffa1cfb0fd071a149802ea8b603e1150e40,Umbreon,TTBB24,Trick or Trade BOOster Bundle 2024,0.46,0.2,35,,,,both,True,cache,set:name_exact+card:name_number
2026-10-02-182201,2026-10-02T16:22:01Z,180,23561,96,Fezandipiti (Cosmos Holo),Trick or Trade BOOster Bundle 2024,096/167,pk_9fef717584ef3b96cbece4be62b203007be6079ac628dd45567bcbda75c3f32791c8db31c5b7f24bc793f2d1dcf924,Fezandipiti (Cosmos Holo),TTBB24,Trick or Trade BOOster Bundle 2024,0.23,0.05,19.82,,,,both,True,cache,set:name_exact+card:name_number
2026-10-02-182201,2026-10-02T16:22:01Z,21,23639,29,Hisuian Typhlosion VSTAR (JP),Battle Region,029/067,pk_a95dc44d3c30745127af62856982ae41523352b5e2d9d4bdcf23a8b7943422ad1eb052298f71971731d04bbb53586f,Hisuian Typhlosion VSTAR - 029/067,S9a,S9a: Battle Region,0.84,0.55,2.99,,,,both,True,cache,set:name_suffix+card:name_number
2026-10-02-182201,2026-10-02T16:22:01Z,160,23643,330,Zamazenta V (JP),Shiny Star V,330/190,pk_51d0ba46a4faeffccb66fb3c67a158ae034bff3019ea6e3543b18a3a3f0308d686816d787a8af7be8e5dbd634d746075,Zamazenta V - 330/190,S4a,S4a: Shiny Star V,9.92,9.45,13,,,,both,True,cache,set:name_suffix+card:name_number
2026-10-02-182201,2026-10-02T16:22:01Z,188,23645,115,Radiant Eternatus (JP),VSTAR Universe,115/172,pk_98e262de840f758e80fbe90931148798e7f00117b1f35fd725424f3ba8c587b13428decd99308594bae1d92119f5996d,Radiant Eternatus,S12a,S12a: VSTAR Universe,0.63,0.42,3.25,,,,both,True,cache,set:name_suffix+card:name_number
2026-10-02-182201,2026-10-02T16:22:01Z,189,23645,41,Zeraora VMAX (JP),VSTAR Universe,041/172,pk_b7e177a6b6849247185a2d7481a34e80068e3502fb1e961d33da58116279603e763fcc8468db9c79d9543929834a11,Zeraora VMAX - 041/172,S12a,S12a: VSTAR Universe,0.96,0.59,4.6,,,,both,True,cache,set:name_suffix+card:name_number
2026-10-02-182201,2026-10-02T16:22:01Z,187,23645,48,Gengar (JP),VSTAR Universe,048/172,pk_1b3305af20ac1686743867fb66dc9015f529edc54e80bf9935c9d2a4de0c57a9d6b1aad4bc60f65f1f58b0ba39f90b,Gengar,S12a,S12a: VSTAR Universe,2.6,1.85,5.99,,,,both,True,cache,set:name_suffix+card:name_number
2026-10-02-182201,2026-10-02T16:22:01Z,162,23651,133,Alolan Exeggutor ex,Surging Sparks,133/191,pk_a3a9e0bfcc50fff4210e45ed6138ad1cd462dbd1c48e023725a140a137f5c745e79ee5467b8dea605fabb063e647422e,Alolan Exeggutor ex - 133/191,SSP,SV08: Surging Sparks,0.79,0.3,20,,,,both,True,cache,set:name_suffix+card:name_number
2026-10-02-182201,2026-10-02T16:22:01Z,163,23651,141,Eternatus,Surging Sparks,141/191,pk_78fd33d8a65a9b4d0a46e32370c0d20886d987c55b09775891c529920f7f05ad35650b31d75287ff5754096d29b103c1,Eternatus,SSP,SV08: Surging Sparks,0.22,0.01,15.19,,,,both,True,cache,set:name_suffix+card:name_number
2026-10-02-182201,2026-10-02T16:22:01Z,164,23651,31,Skeledirge,Surging Sparks,031/191,pk_f16db9de182cfb6083d218af939edc8c02171b79655d8a575dd3dbbae900d6c4259218acd7978b20bc90fdc5bd8c70,Skeledirge,SSP,SV08: Surging Sparks,0.23,0.01,19.82,,,,both,True,cache,set:name_suffix+card:name_number
2026-10-02-182201,2026-10-02T16:22:01Z,165,23651,86,Sylveon ex,Surging Sparks,086/191,pk_5707d10fd8369ec2f1f24eb14889bb83b7016a7905b023014f3063b775e0bdd97db3e9b3b46cbfa0a94702f75c954d,Sylveon ex,SSP,SV08: Surging Sparks,2.69,1.48,44,,,,both,True,cache,set:name_suffix+card:name_number
2026-10-02-182201,2026-10-02T16:22:01Z,118,2374,10,Ho-Oh (EB Games Exclusive),Miscellaneous Cards & Products,010/086,pk_99641324acffe938f1000c204b6267e10aba0335c7582f32ae04cfb4adf1a38a4a4941028e6c3df695f87edba65d,Abomasnow - 010/198 (Holiday Calendar),MCAP,Miscellaneous Cards & Products,0.52,0.2,19.82,,,,tcgplayer,True,cache,set:name_exact+card:set_number
2026-10-02-182201,2026-10-02T16:22:01Z,122,2374,125,Steelix (Cosmos Holo),Miscellaneous Cards & Products,125/182,pk_63187dec1b2cdb10faaf06e599df131598cb86715c672e91d9afd386c81753b03107f2a4e9ab8b832461002b6fb2a2,Steelix - 125/182 (Cosmos Holo),MCAP,Miscellaneous Cards & Products,10.78,7.6,94.44,,,,tcgplayer,True,cache,set:name_exact+card:name_number
2026-10-02-182201,2026-10-02T16:22:01Z,119,2374,19,Keldeo (Chaos Rising Stamped),Miscellaneous Cards & Products,019/086,pk_4def3ddb9cf6f5e8b358ea33cbf2b5dd00c93d01fcb0a89c5cc8cf8470c79baaa90c83ce0770a56ae9671b6c67ad,Charmeleon - 19/147 (Premium Collection Promo),MCAP,Miscellaneous Cards & Products,2.99,1,9999,,,,tcgplayer,True,cache,set:name_exact+card:set_number
2026-10-02-182201,2026-10-02T16:22:01Z,120,2374,48,Lapras (Holiday Calendar),Miscellaneous Cards & Products,048/202,pk_42d13c2e4a0cf744c1c21edde5aece9093bd8975ef8605f84dfc6d305bfad0a302451cd5dc17210ce9a14914d09f,Lapras - 048/202 (Holiday Calendar),MCAP,Miscellaneous Cards & Products,4.44,3.5,208.45,,,,tcgplayer,True,cache,set:name_exact+card:name_number
2026-10-02-182201,2026-10-02T16:22:01Z,121,2374,51,Pikachu (Pokemon Day 2026),Miscellaneous Cards & Products,051/162,pk_d4f24568d941a202fe8cbf136314d74c09ec8f45505cdeea665fa228eb9621dba15018f4618a1d7d86f0aca64826,Team Rocket's Articuno (Destined Rivals Stamp),MCAP,Miscellaneous Cards & Products,30.28,27,263.24,,,,tcgplayer,True,cache,set:name_exact+card:set_number
2026-10-02-182201,2026-10-02T16:22:01Z,167,23806,4,Pokegear 3.0,SV: Premium Trainer Box ex,004/028,pk_299fd3b222cbfa5c687c2459573a7743ca5c380973d35bc90f58f51d71f445677023997be85d83836d314471f7fe,Pokegear 3.0,svB,SV: Premium Trainer Box ex,,2,2,,,,both,True,cache,set:name_exact+card:name_number
2026-10-02-182201,2026-10-02T16:22:01Z,158,23821,59,Umbreon (Poke Ball Pattern),Prismatic Evolutions,059/131,pk_b1f5b1464aba9b6c5571ff23721b6705aa9b22fa212ebd30e52e06641b1605a9bd4aad790064217fdd563bdb9110aa,Umbreon,PRE,SV: Prismatic Evolutions,0.47,0.05,999,,,,both,True,cache,set:name_suffix+card:name_number
2026-10-02-182201,2026-10-02T16:22:01Z,157,23821,60,Umbreon ex,Prismatic Evolutions,060/131,pk_2b6d27a8bd0706fab12b1c79927ebd9b1be2680bf7a01e9b2287e3487906bb3a32bcccbcabc6f0c707dad8fb74abf7,Umbreon ex - 060/131,PRE,SV: Prismatic Evolutions,8.43,7,5000,,,,both,True,cache,set:name_suffix+card:name_number
2026-10-02-182201,2026-10-02T16:22:01Z,46,23898,25,Raikou EX (JP),Dark Rush,025/069,pk_7201316b5cf55d48877d41b59d146ac09251fb17057366bbdff613a658dd01f16ee92709aac4476fac6dffd2ade440,Raikou EX - 025/069,BW4,BW4: Dark Rush,8.13,6,8,,,,both,True,cache,set:name_suffix+card:name_number
2026-10-02-182201,2026-10-02T16:22:01Z,171,23909,92,Umbreon (JP),Terastal Festival ex,092/187,pk_4c3160078b4650174ea9bf9be70f740a408ed04b35aa42c9d29a2f95a41d1aa1925c143dcbcd513b75f9ab389b9c21,Umbreon,SV8a,SV8a: Terastal Fest ex,0.33,0.1,25,,,,both,True,cache,set:name_suffix+card:name_number
2026-10-02-182201,2026-10-02T16:22:01Z,79,24084,101,Mightyena ex,EX Holon Phantoms,101,pk_67f5b981f882f8227f8d48d5f974446a6d273030ec7b6af375d29392802f41ad8b0ee144e2f9f982e703c288d36b,Mightyena ex,HP,Holon Phantoms,99.99,74.99,200.01,,,,both,True,cache,set:name_fuzzy+card:name_number
2026-10-02-182201,2026-10-02T16:22:01Z,78,24084,63,Corphish (63),EX Holon Phantoms,63,pk_fdf090364ffa6990b3971ae357b5ae65e0a2dc6185ca0f2774d43898029e95457d62c813414433e4897773c7f8,Corphish - 063/110,HP,Holon Phantoms,0.37,0.15,19.82,,,,both,True,cache,set:name_fuzzy+card:name_number
2026-10-02-182201,2026-10-02T16:22:01Z,80,24084,80,Poochyena,EX Holon Phantoms,80,pk_d9edf81234590dbbad70bb58148381a6f4f0634f93ea548b8dea5d4f58b22895dd91316cdc66ac4a0a5e2d54dd,Poochyena,HP,Holon Phantoms,0.56,0.18,19.82,,,,both,True,cache,set:name_fuzzy+card:name_number
2026-10-02-182201,2026-10-02T16:22:01Z,51,2409,16,Lickitung (Holo Common),Detective Pikachu,16,pk_276d5b96e9f2113b490f393c244303c461cebf6485c759cd806f264d552b98fa8608b33a83e51d10a305fb1216,Lickitung (Holo Common),DEP,Detective Pikachu,0.43,0.1,5.6,,,,both,True,cache,set:name_exact+card:name_number
2026-10-02-182201,2026-10-02T16:22:01Z,52,2409,3,Morelull (Holo Common),Detective Pikachu,3,pk_c34ccdb4dae95dece608da5b7fbefeb08a745d2f21f5f5ca6c5f4611b40d002eeecdfd0765ae7d353bf82c60,Morelull (Holo Common),DEP,Detective Pikachu,0.37,0.05,18.2,,,,both,True,cache,set:name_exact+card:name_number
2026-10-02-182201,2026-10-02T16:22:01Z,50,24269,31,Team Rocket's Moltres ex,Destined Rivals,031/182,pk_fe5ffd94ab2efa61fd675d3f770a7afbb675808cd2636ebc962f577881d58578da8d880db3eb32ed7cb4acaf5b437d,Team Rocket's Moltres ex,DRI,SV10: Destined Rivals,0.9,0.29,50,,,,both,True,cache,set:name_suffix+card:name_number
2026-10-02-182201,2026-10-02T16:22:01Z,169,24310,68,Dark Machamp (JP),Team Rocket (Japanese),068,pk_876dc6c58cd715df1e523a8184fc6abbe908245e95e0f6a91e3519de1605485d3fc27dcadc2ba8b6e5c7fbaae58df1,Team Rocket's Muk,SV10,SV10: The Glory of Team Rocket,0.16,0.1,20,,,,both,True,cache,set:name_suffix+card:set_number
2026-10-02-182201,2026-10-02T16:22:01Z,6,,96,Drowzee (JP),Base Set (Japanese),096,,,,,,,,,,,,False,orphan,set:none
2026-10-02-182201,2026-10-02T16:22:01Z,7,,62,Poliwrath (JP),Base Set (Japanese),062,,,,,,,,,,,,False,orphan,set:none
2026-10-02-182201,2026-10-02T16:22:01Z,25,,53,Deoxys VMAX,Brave Stars (Charm),053/127,,,,,,,,,,,,False,orphan,set:none
2026-10-02-182201,2026-10-02T16:22:01Z,26,,19,Raichu V,Brave Stars (Charm),019/127,,,,,,,,,,,,False,orphan,set:none
2026-10-02-182201,2026-10-02T16:22:01Z,27,,129,Solrock,Brave Stars (Charm),129/127,,,,,,,,,,,,False,orphan,set:none
2026-10-02-182201,2026-10-02T16:22:01Z,28,,27,Zeraora V,Brave Stars (Charm),027/127,,,,,,,,,,,,False,orphan,set:none
2026-10-02-182201,2026-10-02T16:22:01Z,29,,113,Oranguru V,Brave Stars (Courage),113/128,,,,,,,,,,,,False,orphan,set:none
2026-10-02-182201,2026-10-02T16:22:01Z,30,,4,Radiant Venusaur,Brave Stars (Courage),004/128,,,,,,,,,,,,False,orphan,set:none
2026-10-02-182201,2026-10-02T16:22:01Z,31,,33,Serperior VSTAR,Brave Stars (Courage),033/128,,,,,,,,,,,,False,orphan,set:none
2026-10-02-182201,2026-10-02T16:22:01Z,87,,38,Blaine's Ninetales (JP),Gym Challenge (Japanese),038,,,,,,,,,,,,False,orphan,set:none
2026-10-02-182201,2026-10-02T16:22:01Z,93,,117,Misty's Seadra (JP),Gym Heroes (Japanese),117,,,,,,,,,,,,False,orphan,set:none
2026-10-02-182201,2026-10-02T16:22:01Z,131,,95,Onix (JP),Neo Genesis (Japanese),095,,,,,,,,,,,,False,orphan,set:none
2026-10-02-182201,2026-10-02T16:22:01Z,186,,60,Poliwag (JP),Vending Series 1 (Blue),060,,,,,,,,,,,,False,orphan,set:none
2026-10-02-183705,2026-10-02T16:37:05Z,111,-113,54,Slowpoke,Lost Thunder,54,2d03e057e6e3be88c6cd23dbfbd0afc4d3d3a0fc1142f1170129ef5d2eb28d9e,Slowpoke,LOT,,,,,,,,cardmarket,True,cache,set:name_exact+card:name_number
2026-10-02-183705,2026-10-02T16:37:05Z,1,-38,90,Roaring Moon ex (JP),Ancient Roar,090/066,pk_b15b78a21cb16a19c9934d004b37011522a8e8b52386bb71544a8e585b45952c55bf11d1852e051cbd9a110a02c8c5,Roaring Moon ex - 090/066,SV4K,SV4K: Ancient Roar,40.63,38,70,,,,both,True,cache,set:name_exact+card:name_number
2026-10-02-183705,2026-10-02T16:37:05Z,190,-42,80,Gastly (JP),Wild Force,080/071,pk_51b7bb31edf1939b662c9533110216e8a78391e1406d01d0d33503aad9131294e8038a7e215494b2508f352fe7f9ef,Gastly - 080/071,SV5K,SV5K: Wild Force,37.36,33,200,,,,both,True,cache,set:name_exact+card:name_number
2026-10-02-183705,2026-10-02T16:37:05Z,168,1373,17,Rainbow Energy (17),Team Rocket,17,pk_f3e9793a32fe072f5632e5f156bba775f9cb692b953be769991b53d4aed0a9d5dbc6910ad76ca744be005452,Rainbow Energy (17),TR,Team Rocket,40.67,31.11,471.34,,,,both,True,cache,set:name_exact+card:name_number
2026-10-02-183705,2026-10-02T16:37:05Z,107,1374,67,Abra,Legendary Collection,67,64758a9fba72ea94ca400f3642dfd462047ce2832943d1b05790c8a24daf7c4f,Abra,LC,,,,,,,,cardmarket,True,cache,set:name_exact+card:name_number
2026-10-02-183705,2026-10-02T16:37:05Z,108,1374,69,Caterpie,Legendary Collection,69,0bff60d5f45980ce17d24f5825446e36c780b53bf24085665b5920ccf4116652,Caterpie,LC,,,,,,,,cardmarket,True,cache,set:name_exact+card:name_number
2026-10-02-183705,2026-10-02T16:37:05Z,161,1384,8,Rayquaza C,Supreme Victors,8,pk_53542c3fd04fb92cd5a82cfa2eba564153cd487d9c80bcc1b4aca190c302f9b06d3c1c4a6a4411b8,Rayquaza C,SV,Supreme Victors,70.62,399,499.99,,,,both,True,cache,set:name_exact+card:name_number
2026-10-02-183705,2026-10-02T16:37:05Z,142,1385,73,Terrakion,Noble Victories,73,pk_29af6af6f1579d15f2dc8fbf301d7dcced9a1799b83987267e30342e1bf204df419ec41619e15fae2397df4146,Terrakion,NVI,Noble Victories,2.43,1.9,32.84,,,,both,True,cache,set:name_exact+card:name_number
2026-10-02-183705,2026-10-02T16:37:05Z,141,1385,84,Cobalion,Noble Victories,84,pk_33cb896ef57cbbe0d68f0df0b617bba574ae49a5bfbf93d1d417586c12beeb4c46097213d6aee86acd292a0134,Cobalion,NVI,Noble Victories,1.62,1,27.24,,,,both,True,cache,set:name_exact+card:name_number
2026-10-02-183705,2026-10-02T16:37:05Z,191,1387,68,Sableye,XY Base Set,68,pk_b3f70dbc61dfa59040555de8fcd10439bad07c0f7bdbaeb1c250913f148f6e29693e771be436b2bfb1686c893d,Sableye,XY,XY Base Set,0.53,0.2,14.99,,,,both,True,cache,set:name_exact+card:name_number
2026-10-02-183705,2026-10-02T16:37:05Z,132,1389,17,Entei (17),Neo Revelation,17,pk_a2178f6bd72942e0f3deafa700ac9da07409e5cbf5963f2060b67cd7203d72234ad97eec6e40d85b96bb966f,Entei (17),N3,Neo Revelation,82.23,35.89,848.84,,,,tcgplayer,True,cache,set:name_exact+card:name_number
2026-10-02-183705,2026-10-02T16:37:05Z,133,1389,18,Ho-oh,Neo Revelation,18,pk_5218d78169cd302950269c4fb4739d0b3b2cce7dd477873ff2a2aa22516b021157b28dd95285f629eec7237d,Ho-oh (18),N3,Neo Revelation,117.89,54.99,9999,,,,tcgplayer,True,cache,set:name_exact+card:name_number
2026-10-02-183705,2026-10-02T16:37:05Z,134,1389,20,Lugia,Neo Revelation,20,pk_7c352b230d2d259ab112797b5bef75c9e41525839963501e22b576261acc1cc20d71efc7b969dbae14e3170d,Lugia,N3,Neo Revelation,62.57,35,9999,,,,tcgplayer,True,cache,set:name_exact+card:name_number
2026-10-02-183705,2026-10-02T16:37:05Z,72,1395,64,Squirtle (64),EX Crystal Guardians,64,pk_5a4bc5089043695ae6d3c18175d66b321dc2d9fdc445cdf61812a7b102de446b767e5d2e6e62f07d30f9e11549,Squirtle - 064/100,CG,Crystal Guardians,17.2,4.18,96.27,,,,both,True,cache,set:name_fuzzy+card:name_number
2026-10-02-183705,2026-10-02T16:37:05Z,126,1396,57,Cyndaquil (57),Neo Genesis,57,pk_bfb8cfc6531175cd476d1b1f977a2a11de55edc419b184e945db3318471dfa971345194ed7aefa51384457c1aa,Cyndaquil (57),N1,Neo Genesis,14.09,2.5,96.95,,,,tcgplayer,True,cache,set:name_exact+card:name_number
2026-10-02-183705,2026-10-02T16:37:05Z,128,1396,65,Mareep,Neo Genesis,65,pk_e4adcb9d0a11061a1d241a92586f8bed99896ce37b6ce0be661494253bd9e9ed4f003a8c0c73874ed687b0fd2a,Mareep,N1,Neo Genesis,3.65,1.8,30,,,,tcgplayer,True,cache,set:name_exact+card:name_number
2026-10-02-183705,2026-10-02T16:37:05Z,129,1396,74,Snubbull,Neo Genesis,74,pk_aa787e8dc3ff3a4203b1e0768eb14cae7e9d09efa6b30aa1221901f2ac59f1ec943c7ebc9cc5ae5b03ba23e0e3,Snubbull,N1,Neo Genesis,2.27,1,50,,,,tcgplayer,True,cache,set:name_exact+card:name_number
2026-10-02-183705,2026-10-02T16:37:05Z,130,1396,80,Totodile (80),Neo Genesis,80,pk_fa6f1636ccd356a500d6a2af0720eda65816adaebd1fbacefaaa34f8e4f912587436ef87cfa8cf2ecd11ec4af1,Totodile (80),N1,Neo Genesis,1.92,0.4,90,,,,tcgplayer,True,cache,set:name_exact+card:name_number
2026-10-02-183705,2026-10-02T16:37:05Z,82,1398,27,Ho-oh,EX Unseen Forces,27/115,pk_62eed384aebb3470749ae32f6182b79013e340eb290a373b098b18c57f3b0f8b4d47084c06d64b7320270e40a3,Ho-Oh,UF,Unseen Forces,7.81,6.77,74.74,,,,both,True,cache,set:name_fuzzy+card:name_number
2026-10-02-183705,2026-10-02T16:37:05Z,81,1398,54,Cyndaquil,EX Unseen Forces,54/115,pk_00f37841c6bd4ab2ce421090745d1f2d849d935d0039943b7d9e8b3cf7f0d4e20abd27dcf2a93ad167fd7c7444,Cyndaquil,UF,Unseen Forces,2.6,0.4,44.6,,,,both,True,cache,set:name_fuzzy+card:name_number
2026-10-02-183705,2026-10-02T16:37:05Z,185,1403,10,Umbreon,Undaunted,10,pk_a2bba8e9e05f3edc963632ced6b84410adfb96ba54c9d82dc7b6cbbaba99d12fb7ead9923ba1651bd0bbc06b,Umbreon,UD,Undaunted,96.83,90,679.34,,,,both,True,cache,set:name_exact+card:name_number
2026-10-02-183705,2026-10-02T16:37:05Z,109,1409,15,Virizion,Legendary Treasures,15,pk_b6ec8b056fe45cccee2b5c65490dff417cde2717807cf5a3f2118655482d11fc65ffaced33f37c4a1c70ddf8fb,Virizion,LTR,Legendary Treasures,1.7,0.99,49.99,,,,both,True,cache,set:name_exact+card:name_number
2026-10-02-183705,2026-10-02T16:37:05Z,74,1410,102,Fire Energy,EX Emerald,102,pk_2d41fe6f6139544ef4c99bbda7da1321e6c2473445123eba8fb5665a1ac2c34d3c87ba43f30fdc46876ce8b5b577,Fire Energy,EM,Emerald,17.6,12.65,184.24,,,,both,True,cache,set:name_fuzzy+card:name_number
2026-10-02-183705,2026-10-02T16:37:05Z,156,1413,126,Virbank City Gym,Plasma Storm,126,pk_de79b0b95e8292740c0042a5d1a751ba4b4488dd327a543d06b2e9e4e855427d379c79dd1d83ed3284d479d87410,Virbank City Gym,PLS,Plasma Storm,5.13,3,47.14,,,,both,True,cache,set:name_exact+card:name_number
2026-10-02-183705,2026-10-02T16:37:05Z,77,1416,60,Doduo,EX Hidden Legends,60,pk_fd55e9b969ae651b8fa7e8e5266a9b19f4878b62f396394f68617090ad2e35707fdf137feef3622030025b6357,Doduo,HL,Hidden Legends,0.36,0.1,19.82,,,,both,True,cache,set:name_fuzzy+card:name_number
2026-10-02-183705,2026-10-02T16:37:05Z,110,1417,52,Dragonair,Legends Awakened,52,pk_8a5b982b9d66dfb7a2f80c28eb6f28939fe2bb3d8f9bc9ce315cb685e007f425185a8c93eb6253e66d5521401a,Dragonair,LA,Legends Awakened,12.96,6.2,109.74,,,,both,True,cache,set:name_exact+card:name_number
2026-10-02-183705,2026-10-02T16:37:05Z,75,1419,46,Poliwhirl,EX FireRed & LeafGreen,46,pk_7e69972295f1bdf2aa0b87d8423ec9f4692d6bf91ea90b3fcf9bca02ce73f96421c30587a05530932f6f8bf58d,Poliwhirl,RG,FireRed & LeafGreen,4.62,4.91,35,,,,both,True,cache,set:name_fuzzy+card:name_number
2026-10-02-183705,2026-10-02T16:37:05Z,76,1419,78,Seel,EX FireRed & LeafGreen,78,pk_4f7665e05b3800de8173476326fccbe6afe2f7dc2ddfd0483eddc541869cdcda3a3001ea292dbe2986c919a6e7,Seel,RG,FireRed & LeafGreen,0.49,0.1,16.7,,,,both,True,cache,set:name_fuzzy+card:name_number
2026-10-02-183705,2026-10-02T16:37:05Z,73,1429,41,Dragonair,EX Delta Species,41,dc964117624a66a340572753e70c3911df2a612d13b00a1a1a81a2b5fe867f45,Dragonair δ Delta Species,DS,,,,,,,,cardmarket,True,cache,set:name_fuzzy+card:set_number
2026-10-02-183705,2026-10-02T16:37:05Z,54,1430,117,Energy Search,Diamond and Pearl,117,pk_627f265dd3440d20a05ef0dcd6bbec10d568ec410646c19b78dbbc823804e63489ab9dfeb34e931ccfe78ad24e16,Energy Search,DP,Diamond and Pearl,0.18,0.02,19.82,,,,both,True,cache,set:name_exact+card:name_number
2026-10-02-183705,2026-10-02T16:37:05Z,55,1430,117,Energy Search,Diamond and Pearl,117,pk_627f265dd3440d20a05ef0dcd6bbec10d568ec410646c19b78dbbc823804e63489ab9dfeb34e931ccfe78ad24e16,Energy Search,DP,Diamond and Pearl,0.18,0.02,19.82,,,,both,True,cache,set:name_exact+card:name_number
2026-10-02-183705,2026-10-02T16:37:05Z,53,1430,43,Budew,Diamond and Pearl,43,pk_edbbf2c21eaaaefb3f0d1d60c919372329675b3d2bb64627fab910861cdacd46e47871441b8082e8d8dfb3e8c4,Budew,DP,Diamond and Pearl,4.57,0.99,52.94,,,,both,True,cache,set:name_exact+card:name_number
2026-10-02-183705,2026-10-02T16:37:05Z,125,1434,32,Umbreon (32),Neo Discovery,32,pk_ed3624519e47271257a82a3f6a3f932f50dad08b11a8244c3c2ca9103cd37f6356994c8ee8228cd98a12a01b,Umbreon (32),N2,Neo Discovery,300,300,499.98,,,,tcgplayer,True,cache,set:name_exact+card:name_number
2026-10-02-183705,2026-10-02T16:37:05Z,124,1434,66,Tyrogue,Neo Discovery,66,pk_cac6e18a7e92b7abc0fad72666632c2ab9ea52faae88fb360ae74fccd6961a2fba8edf81f3deee1731ec78be,Tyrogue,N2,Neo Discovery,3.29,1.86,32.12,,,,tcgplayer,True,cache,set:name_exact+card:name_number
2026-10-02-183705,2026-10-02T16:37:05Z,89,1441,106,Brock's Training Method,Gym Heroes,106,pk_6b727457ca0fe15c2fc1455db4d1de85bc326f2dede3de89c8e16022f7b6e5d6c5f6651d12bc8ea471b8267db956,Brock's Training Method,G1,Gym Heroes,1.14,0.35,5,,,,tcgplayer,True,cache,set:name_exact+card:name_number
2026-10-02-183705,2026-10-02T16:37:05Z,92,1441,123,Misty's Duel,Gym Heroes,123,pk_1f77393ac0c2cff342ce80e4f83d4b039d455da883d5c5279fddab9181415ee12a7a859d522a2813dc92f31dccc6,Misty's Duel,G1,Gym Heroes,5.42,2.2,52.94,,,,tcgplayer,True,cache,set:name_exact+card:name_number
2026-10-02-183705,2026-10-02T16:37:05Z,91,1441,130,Lightning Energy,Gym Heroes,130,pk_31445d60b6bb5b719f38c2fbfb7ec1ad316c2c0608bde333ce4c6d61430ed40e39e44c7a49e2d9e775fcad6fba70,Lightning Energy,G1,Gym Heroes,2.11,0.45,95.24,,,,tcgplayer,True,cache,set:name_exact+card:name_number
2026-10-02-183705,2026-10-02T16:37:05Z,90,1441,43,Erika's Exeggcute (43),Gym Heroes,43,pk_ce2f5fe6baf2c2ee69cc6351f20132fd26d97c44ae91ab0c41c80d8b84522dc955466e9fcf916deadb08659552,Erika's Exeggcute (43),G1,Gym Heroes,6.24,3.52,58.46,,,,tcgplayer,True,cache,set:name_exact+card:name_number
2026-10-02-183705,2026-10-02T16:37:05Z,88,1441,69,Brock's Onix (69),Gym Heroes,69,pk_77be89039c43b92eb361e15926069a70eec974f076112c64c03e232933427d1f44e3e9f182680b2e3cede82ff4,Brock's Onix (69),G1,Gym Heroes,1.74,0.39,96.95,,,,tcgplayer,True,cache,set:name_exact+card:name_number
2026-10-02-183705,2026-10-02T16:37:05Z,123,1444,50,Light Ninetales,Neo Destiny,50,pk_90c9aa90e01303ed97e47d1e17aa299194980574c93cabb92c989d8d47e184978f3557370507513063a9073903,Light Ninetales,N4,Neo Destiny,28.55,15,129.3,,,,tcgplayer,True,cache,set:name_exact+card:name_number
2026-10-02-183705,2026-10-02T16:37:05Z,32,1661,69,Kirlia,BREAKthrough,69,pk_04165b50e725d66eaffee189b9831eb4bc37ce0151511eeb25343f2dbd1324df881f1263efdfe8e9f4d6d764b4d7,Kirlia,BKT,XY - BREAKthrough,0.42,0.12,16.36,,,,both,True,cache,set:name_suffix+card:name_number
2026-10-02-183705,2026-10-02T16:37:05Z,45,17689,gg60,Cynthia's Ambition,Crown Zenith: Galarian Gallery,GG60/GG70,pk_712127e0870de9b9252d990b063298a6bf7ead2d0c0611226a78d2dfa663b50f959f345622031ee5a493e7c69215344b81b6,Cynthia's Ambition,CRZ:GG,Crown Zenith: Galarian Gallery,23.17,19.95,186.92,,,,tcgplayer,True,cache,set:name_exact+card:name_number
2026-10-02-183705,2026-10-02T16:37:05Z,48,1840,13,Delphox - 013/086 (Non-Holo),Deck Exclusives,013/086,pk_03ebb83d14b57b84681330d01e499341acafbe5e177020f9097fd22604a6e0ca355c8c49915557fa142dd1ad4323,Delphox - 13/124 (XY Fates Collide),PR,Deck Exclusives,0.58,0.19,1.99,,,,tcgplayer,True,cache,set:name_exact+card:name_number
2026-10-02-183705,2026-10-02T16:37:05Z,47,1840,29,Ampharos - 029/086 (Non-Holo),Deck Exclusives,029/086,pk_36201a98df0c9ae78b81ef0cc27a69e9ffeeadd3745e7909a7a7988e6493efd80af368b35bc12fc354e5a1b2a2a2,Empoleon - 29/108 (Battle Arena Deck Exclusive),PR,Deck Exclusives,1.97,0.8,96.95,,,,tcgplayer,True,cache,set:name_exact+card:set_number
2026-10-02-183705,2026-10-02T16:37:05Z,49,1840,8,Machamp,Deck Exclusives,008/102,pk_8c7b7d6e3edf91d796bbfd511ca99f2d9c72ee3088563624ad03d5c24ce4298026540a64ba52a45de8a82138bd,Noctowl - 8/123 (HeartGold & SoulSilver),PR,Deck Exclusives,2.39,0.75,31.14,,,,tcgplayer,True,cache,set:name_exact+card:set_number
2026-10-02-183705,2026-10-02T16:37:05Z,71,1842,14,Vulpix,Evolutions,14/108,pk_f439ddf01cdda1c193e07b1f7a8579f754d5d6799b046e6a4f340a57c175af830cfb2bfed332fe3d999c2ee69b76,Vulpix,EVO,XY - Evolutions,0.22,0.01,14.21,,,,both,True,cache,set:name_suffix+card:name_number
2026-10-02-183705,2026-10-02T16:37:05Z,64,1842,23,Poliwag,Evolutions,23/108,pk_0819f6da2d6e7da5c76e543c5dd6dc4f3162bc64b8d4e66c8539362415507e67e817a0c81388b1fefac1d7a780af,Poliwag,EVO,XY - Evolutions,0.21,0.01,17.74,,,,both,True,cache,set:name_suffix+card:name_number
2026-10-02-183705,2026-10-02T16:37:05Z,65,1842,23,Poliwag,Evolutions,23/108,pk_0819f6da2d6e7da5c76e543c5dd6dc4f3162bc64b8d4e66c8539362415507e67e817a0c81388b1fefac1d7a780af,Poliwag,EVO,XY - Evolutions,0.21,0.01,17.74,,,,both,True,cache,set:name_suffix+card:name_number
2026-10-02-183705,2026-10-02T16:37:05Z,58,1842,29,Dewgong,Evolutions,29/108,pk_b2598173a2061059e0ff134c979798d7e40d466d4b1ee6d98c57795859e75f60112609cde97b3bd1926f239a0301,Dewgong,EVO,XY - Evolutions,0.22,0.05,35,,,,both,True,cache,set:name_suffix+card:name_number
2026-10-02-183705,2026-10-02T16:37:05Z,70,1842,39,Voltorb,Evolutions,39/108,pk_1a97ca0d3795ebb70e28f553d93ef3bda9d89b5bfa09c74c39829ef3bb488ce964eda7f6cb428e5c4445eebf8735,Voltorb,EVO,XY - Evolutions,0.17,0.01,18.86,,,,both,True,cache,set:name_suffix+card:name_number
2026-10-02-183705,2026-10-02T16:37:05Z,63,1842,4,Metapod,Evolutions,4/108,pk_a799e04fc2c560e3ea4f7393942f49dfe800aa4842aed40122c90e0fcc57c30eee64a5b7ee52f5e1e7ebf47f32,Metapod,EVO,XY - Evolutions,0.23,0.03,19.82,,,,both,True,cache,set:name_suffix+card:name_number
2026-10-02-183705,2026-10-02T16:37:05Z,59,1842,55,Diglett,Evolutions,55/108,pk_1efb59dca55f4689b273a98c63edab3a34cf74f70db5330bedf49250bf4ec3872aa443ba30e16f6e03843f08985c,Diglett,EVO,XY - Evolutions,0.11,0.01,14.16,,,,both,True,cache,set:name_suffix+card:name_number
2026-10-02-183705,2026-10-02T16:37:05Z,62,1842,57,Machop,Evolutions,57/108,pk_c36c6e58796bca5e44144f023bfacdd05c068c8a10ab281049109b750884a5a984479434012ef3c73acffb09d2bf,Machop,EVO,XY - Evolutions,0.19,0.01,15,,,,both,True,cache,set:name_suffix+card:name_number
2026-10-02-183705,2026-10-02T16:37:05Z,66,1842,67,Raticate,Evolutions,67/108,pk_eb56671063893b0b293ca4c109207c2a54194a1680d79dbeb6f2c1b143c480747764b69e8d90a7d40860766d47de,Raticate,EVO,XY - Evolutions,0.17,0.05,15.42,,,,both,True,cache,set:name_suffix+card:name_number
2026-10-02-183705,2026-10-02T16:37:05Z,60,1842,69,Doduo,Evolutions,69/108,pk_fd41e9060e306f05974f417cbbc0c2e591921d9a77ac25027178757139e80af53d24a8d62de42ca03290d6792606,Doduo,EVO,XY - Evolutions,0.18,0.03,14.18,,,,both,True,cache,set:name_suffix+card:name_number
2026-10-02-183705,2026-10-02T16:37:05Z,56,1842,7,Beedrill,Evolutions,7/108,pk_1fcf283e441b3342c433bb78ebbb1fcff79f5451922691cede9e88e699e5b2f5d541cfae9bdc4b5111fea25a4b,Beedrill,EVO,XY - Evolutions,0.27,0.02,19.46,,,,both,True,cache,set:name_suffix+card:name_number
2026-10-02-183705,2026-10-02T16:37:05Z,68,1842,8,Tangela,Evolutions,8/108,pk_e9820aa9b912c585fe96eda94d5d0b368cffb3fde8c7d4027de48e08fe0ab2b5516f5edda651675dd4bf8b1d1d,Tangela,EVO,XY - Evolutions,0.24,0.01,15.84,,,,both,True,cache,set:name_suffix+card:name_number
2026-10-02-183705,2026-10-02T16:37:05Z,67,1842,86,Slowbro Spirit Link,Evolutions,86/108,pk_8bc5fc0280dff1f92b5cc5e5353a66bf978063e4814ee3799a913bb1ac9c35473582d6a7716a6c965adcd5cbaac4,Slowbro Spirit Link,EVO,XY - Evolutions,0.28,0.02,14.29,,,,both,True,cache,set:name_suffix+card:name_number
2026-10-02-183705,2026-10-02T16:37:05Z,69,1842,89,Venusaur Spirit Link,Evolutions,89/108,pk_c88e0902038bc125dac7920aadab4eb4562e6a8246cb47d38759aee34d7333a0ec0282e342155ce79c45cfbe93ef,Venusaur Spirit Link,EVO,XY - Evolutions,0.24,0.04,19.82,,,,both,True,cache,set:name_suffix+card:name_number
2026-10-02-183705,2026-10-02T16:37:05Z,61,1842,94,Lightning Energy,Evolutions,94/108,pk_8234acc2fcc1778fb8c6b2d33fd8c102de546b453ebfafaa50b5f89aef82e76e1cbd26294c5ce947043983b707ed,Lightning Energy,EVO,XY - Evolutions,0.21,0.06,19.12,,,,both,True,cache,set:name_suffix+card:name_number
2026-10-02-183705,2026-10-02T16:37:05Z,57,1842,97,Darkness Energy,Evolutions,97/108,pk_f9d9d0eae7cf3282639a7250f3cb86f63aac08c6d172f11afe8d113afc8879f7ed7d6a684a9bbfd911dee7a3cbe1,Darkness Energy,EVO,XY - Evolutions,1.5,0.98,24.52,,,,both,True,cache,set:name_suffix+card:name_number
2026-10-02-183705,2026-10-02T16:37:05Z,159,22873,253,Miraidon ex,Scarlet & Violet Base Set,253/198,pk_363201270d4afa467e4be33a8351a5f4b2f358887f1383b2db03bceaf749122fce4a599f009bb58ea6e1c5a5197b7dd6,Miraidon ex - 253/198,SVI,SV01: Scarlet & Violet Base Set,7.65,5,161.2,,,,tcgplayer,True,cache,set:name_suffix+card:name_number
2026-10-02-183705,2026-10-02T16:37:05Z,24,2289,13,Virizion,Blister Exclusives,13/101,pk_9f89b162479d4911badac9a6eaf65234a26d104f06ba8ede8274f754bc04fbacb145ad5811178c2a081e206102,Virizion,NVI,Noble Victories,1.98,0.95,24.74,,,,tcgplayer,True,cache,set:name_exact+card:name_number
2026-10-02-183705,2026-10-02T16:37:05Z,23,2289,60,Baxcalibur (Cosmos Holo),Blister Exclusives,060/193,pk_e34ef3412397fc0f79c6168194b12f5e4fc2c775d1d72c7716984574a43cb613c06b2802d789fb6594a7ad0c228a,Baxcalibur - 060/193 (Cosmos Holo),BLE,Blister Exclusives,0.46,0.25,1000,,,,tcgplayer,True,cache,set:name_exact+card:name_number
2026-10-02-183705,2026-10-02T16:37:05Z,143,23120,196,Sprigatito,Paldea Evolved,196/193,pk_0b82b4bba94c0731a12e2a86dfa75a49cd70740b92439abe5dc340aae8ea8a39142f74b3d40a22e876d4c87cef9aa2cb,Sprigatito - 196/193,PAL,SV02: Paldea Evolved,57.19,44.95,850.9,,,,both,True,cache,set:name_suffix+card:name_number
2026-10-02-183705,2026-10-02T16:37:05Z,166,23237,7,Basic Darkness Energy (Cosmos Holo),SV: 151,007,pk_6f4137bf148368ce862425e9deaa1fc4231c4e827977de635e2dd8b4a5d5a7ed4bae15c87d86070a2436169a2db2,Squirtle - 007/165,MEW,SV: Scarlet & Violet 151,0.29,0.05,18.38,,,,both,True,cache,set:name_exact+card:set_number
2026-10-02-183705,2026-10-02T16:37:05Z,179,23266,17,Trevenant,Trick or Trade BOOster Bundle 2023,017/196,pk_c785c6645803cad844ffa0348402d59762906a8400b0d0b60affb2baa33715a1be0eaf9d4716593c1cfa8590879ef2,Trevenant,TTBB23,Trick or Trade BOOster Bundle 2023,0.16,0.02,19.82,,,,both,True,cache,set:name_exact+card:name_number
2026-10-02-183705,2026-10-02T16:37:05Z,177,23266,62,Pikachu,Trick or Trade BOOster Bundle 2023,062/193,pk_39b3ca391673aa7658b679bd20a2656ba338145c12d1750266f7a72a0cd9d57a871674695d27288d92a9a9c6bb0f4a,Pikachu,TTBB23,Trick or Trade BOOster Bundle 2023,0.51,0.15,19.82,,,,both,True,cache,set:name_exact+card:name_number
2026-10-02-183705,2026-10-02T16:37:05Z,175,23266,71,Dusknoir,Trick or Trade BOOster Bundle 2023,071/185,pk_cdf02f8faa96c94a79cbe62be31c1cc99ddf0d62a4b910708344e88848cab0e99dc83936973b26ac5017acddca1162,Dusknoir,TTBB23,Trick or Trade BOOster Bundle 2023,0.14,0.01,19.82,,,,both,True,cache,set:name_exact+card:name_number
2026-10-02-183705,2026-10-02T16:37:05Z,174,23266,73,Banette,Trick or Trade BOOster Bundle 2023,073/196,pk_ca34e023b23731d857200e1712faa4fb7a21cdc1cd6a076bf7a0603cf55216cc0d7364202bbef3555595b06fd0fec9,Banette,TTBB23,Trick or Trade BOOster Bundle 2023,0.18,0.05,19.82,,,,both,True,cache,set:name_exact+card:name_number
2026-10-02-183705,2026-10-02T16:37:05Z,178,23266,90,Polteageist,Trick or Trade BOOster Bundle 2023,090/202,pk_d73bda19b8fadbd8a4838baf347cea905a6dca58bb6c9bb8e6be89e731aafce7259fadb406d8e6dc25c34bdf0c74d6,Polteageist,TTBB23,Trick or Trade BOOster Bundle 2023,0.13,0.01,19.82,,,,both,True,cache,set:name_exact+card:name_number
2026-10-02-183705,2026-10-02T16:37:05Z,176,23266,95,Lycanroc,Trick or Trade BOOster Bundle 2023,095/185,pk_0b38b47f75b088061535aeb3fd2d117c3242afa97dea930c874f41e82ac21b3419fcf479b0faf3a26eebca2247bb85,Lycanroc,TTBB23,Trick or Trade BOOster Bundle 2023,0.18,0.01,19.82,,,,both,True,cache,set:name_exact+card:name_number
2026-10-02-183705,2026-10-02T16:37:05Z,145,23286,118,Yveltal,Paradox Rift,118/182,pk_4e4c7e76ec48360da366a7c98f8220e9a6a247736e5790501de132b7b503776a1a621b1d9f08140f903883abff41757f,Yveltal - 118/182,PAR,SV04: Paradox Rift,0.16,0.01,3.34,,,,both,True,cache,set:name_suffix+card:name_number
2026-10-02-183705,2026-10-02T16:37:05Z,144,23286,74,Deoxys,Paradox Rift,074/182,pk_9b460b47b1052ab331fc145210c642e43b51738613ca52e0cb394bde7488360497dd8b59cbf3b568836ace0fed53d9,Deoxys,PAR,SV04: Paradox Rift,0.22,0.01,14.21,,,,both,True,cache,set:name_suffix+card:name_number
2026-10-02-183705,2026-10-02T16:37:05Z,173,23323,15,Lt. Surge's Rattata,Trading Card Game Classic,015/034,pk_1534a68a7b872490fcc7826df737781239b8725ad322c46ffc19d6484eb9ba903123ee79b7be5ac6ba3b43aa601731,Chansey,CL,Trading Card Game Classic,8.73,7.19,9999,,,,tcgplayer,True,cache,set:name_exact+card:set_number
2026-10-02-183705,2026-10-02T16:37:05Z,172,23323,16,Lt. Surge's Raticate,Trading Card Game Classic,016/034,pk_d66a1f89329ca1f6df363bb371eaf64dc3778e1c73e1e3702115734a5ddc7fdf836bdffc011cb7aaf95fe0b37a8b15,Snorlax,CL,Trading Card Game Classic,16.65,15.14,9999,,,,tcgplayer,True,cache,set:name_exact+card:set_number
2026-10-02-183705,2026-10-02T16:37:05Z,170,23381,104,Gengar ex,Temporal Forces,104/162,pk_4feed57d5fd7bbedc4eab7dfaef8d33457abf0f2389a648f84017b037f6ce04024fe053deecfdcb1ee6602cfd5e10ce7,Gengar ex - 104/162,TEF,SV05: Temporal Forces,6.37,3.99,143.8,,,,both,True,cache,set:name_suffix+card:name_number
2026-10-02-183705,2026-10-02T16:37:05Z,184,23473,221,Teal Mask Ogerpon ex,Twilight Masquerade,221/167,pk_8b4d48cb5c5b51c74c6fcdeaf44900eb4c1aeb4fe2ab52c6dda1419b792a8db52de0f3db8f34e5fe1f5d9bf6a88a34b0,Teal Mask Ogerpon ex - 221/167,TWM,SV06: Twilight Masquerade,9.19,7,999,,,,both,True,cache,set:name_suffix+card:name_number
2026-10-02-183705,2026-10-02T16:37:05Z,183,23473,29,Magcargo ex,Twilight Masquerade,029/167,pk_fa883eb13246646c37cc824b682d82256cdb102450199b68bee312211605694e7ec544d316450070c5831a059c89d5,Magcargo ex - 029/167,TWM,SV06: Twilight Masquerade,0.65,0.3,999,,,,both,True,cache,set:name_suffix+card:name_number
2026-10-02-183705,2026-10-02T16:37:05Z,182,23473,77,Iron Thorns ex,Twilight Masquerade,077/167,pk_59369de5820b1533f00d3027755314b72bf1fcc55c33280243c300b3510ba45917ebf9f9c85406d9920b5b26781cca,Iron Thorns ex - 077/167,TWM,SV06: Twilight Masquerade,0.67,0.34,999,,,,both,True,cache,set:name_suffix+card:name_number
2026-10-02-183705,2026-10-02T16:37:05Z,181,23561,130,Umbreon,Trick or Trade BOOster Bundle 2024,130/197,pk_edcfa36e5afcbd718e4df02b3e8fe316acc80d6a6f487dcf445b23e5ff9a1ffa1cfb0fd071a149802ea8b603e1150e40,Umbreon,TTBB24,Trick or Trade BOOster Bundle 2024,0.46,0.2,35,,,,both,True,cache,set:name_exact+card:name_number
2026-10-02-183705,2026-10-02T16:37:05Z,180,23561,96,Fezandipiti (Cosmos Holo),Trick or Trade BOOster Bundle 2024,096/167,pk_9fef717584ef3b96cbece4be62b203007be6079ac628dd45567bcbda75c3f32791c8db31c5b7f24bc793f2d1dcf924,Fezandipiti (Cosmos Holo),TTBB24,Trick or Trade BOOster Bundle 2024,0.23,0.05,19.82,,,,both,True,cache,set:name_exact+card:name_number
2026-10-02-183705,2026-10-02T16:37:05Z,21,23639,29,Hisuian Typhlosion VSTAR (JP),Battle Region,029/067,pk_a95dc44d3c30745127af62856982ae41523352b5e2d9d4bdcf23a8b7943422ad1eb052298f71971731d04bbb53586f,Hisuian Typhlosion VSTAR - 029/067,S9a,S9a: Battle Region,0.84,0.55,2.99,,,,both,True,cache,set:name_suffix+card:name_number
2026-10-02-183705,2026-10-02T16:37:05Z,160,23643,330,Zamazenta V (JP),Shiny Star V,330/190,pk_51d0ba46a4faeffccb66fb3c67a158ae034bff3019ea6e3543b18a3a3f0308d686816d787a8af7be8e5dbd634d746075,Zamazenta V - 330/190,S4a,S4a: Shiny Star V,9.92,9.45,13,,,,both,True,cache,set:name_suffix+card:name_number
2026-10-02-183705,2026-10-02T16:37:05Z,188,23645,115,Radiant Eternatus (JP),VSTAR Universe,115/172,pk_98e262de840f758e80fbe90931148798e7f00117b1f35fd725424f3ba8c587b13428decd99308594bae1d92119f5996d,Radiant Eternatus,S12a,S12a: VSTAR Universe,0.63,0.42,3.25,,,,both,True,cache,set:name_suffix+card:name_number
2026-10-02-183705,2026-10-02T16:37:05Z,189,23645,41,Zeraora VMAX (JP),VSTAR Universe,041/172,pk_b7e177a6b6849247185a2d7481a34e80068e3502fb1e961d33da58116279603e763fcc8468db9c79d9543929834a11,Zeraora VMAX - 041/172,S12a,S12a: VSTAR Universe,0.96,0.59,4.6,,,,both,True,cache,set:name_suffix+card:name_number
2026-10-02-183705,2026-10-02T16:37:05Z,187,23645,48,Gengar (JP),VSTAR Universe,048/172,pk_1b3305af20ac1686743867fb66dc9015f529edc54e80bf9935c9d2a4de0c57a9d6b1aad4bc60f65f1f58b0ba39f90b,Gengar,S12a,S12a: VSTAR Universe,2.6,1.85,5.99,,,,both,True,cache,set:name_suffix+card:name_number
2026-10-02-183705,2026-10-02T16:37:05Z,162,23651,133,Alolan Exeggutor ex,Surging Sparks,133/191,pk_a3a9e0bfcc50fff4210e45ed6138ad1cd462dbd1c48e023725a140a137f5c745e79ee5467b8dea605fabb063e647422e,Alolan Exeggutor ex - 133/191,SSP,SV08: Surging Sparks,0.79,0.3,20,,,,both,True,cache,set:name_suffix+card:name_number
2026-10-02-183705,2026-10-02T16:37:05Z,163,23651,141,Eternatus,Surging Sparks,141/191,pk_78fd33d8a65a9b4d0a46e32370c0d20886d987c55b09775891c529920f7f05ad35650b31d75287ff5754096d29b103c1,Eternatus,SSP,SV08: Surging Sparks,0.22,0.01,15.19,,,,both,True,cache,set:name_suffix+card:name_number
2026-10-02-183705,2026-10-02T16:37:05Z,164,23651,31,Skeledirge,Surging Sparks,031/191,pk_f16db9de182cfb6083d218af939edc8c02171b79655d8a575dd3dbbae900d6c4259218acd7978b20bc90fdc5bd8c70,Skeledirge,SSP,SV08: Surging Sparks,0.23,0.01,19.82,,,,both,True,cache,set:name_suffix+card:name_number
2026-10-02-183705,2026-10-02T16:37:05Z,165,23651,86,Sylveon ex,Surging Sparks,086/191,pk_5707d10fd8369ec2f1f24eb14889bb83b7016a7905b023014f3063b775e0bdd97db3e9b3b46cbfa0a94702f75c954d,Sylveon ex,SSP,SV08: Surging Sparks,2.69,1.48,44,,,,both,True,cache,set:name_suffix+card:name_number
2026-10-02-183705,2026-10-02T16:37:05Z,118,2374,10,Ho-Oh (EB Games Exclusive),Miscellaneous Cards & Products,010/086,pk_99641324acffe938f1000c204b6267e10aba0335c7582f32ae04cfb4adf1a38a4a4941028e6c3df695f87edba65d,Abomasnow - 010/198 (Holiday Calendar),MCAP,Miscellaneous Cards & Products,0.52,0.2,19.82,,,,tcgplayer,True,cache,set:name_exact+card:set_number
2026-10-02-183705,2026-10-02T16:37:05Z,122,2374,125,Steelix (Cosmos Holo),Miscellaneous Cards & Products,125/182,pk_63187dec1b2cdb10faaf06e599df131598cb86715c672e91d9afd386c81753b03107f2a4e9ab8b832461002b6fb2a2,Steelix - 125/182 (Cosmos Holo),MCAP,Miscellaneous Cards & Products,10.78,7.6,94.44,,,,tcgplayer,True,cache,set:name_exact+card:name_number
2026-10-02-183705,2026-10-02T16:37:05Z,119,2374,19,Keldeo (Chaos Rising Stamped),Miscellaneous Cards & Products,019/086,pk_4def3ddb9cf6f5e8b358ea33cbf2b5dd00c93d01fcb0a89c5cc8cf8470c79baaa90c83ce0770a56ae9671b6c67ad,Charmeleon - 19/147 (Premium Collection Promo),MCAP,Miscellaneous Cards & Products,2.99,1,9999,,,,tcgplayer,True,cache,set:name_exact+card:set_number
2026-10-02-183705,2026-10-02T16:37:05Z,120,2374,48,Lapras (Holiday Calendar),Miscellaneous Cards & Products,048/202,pk_42d13c2e4a0cf744c1c21edde5aece9093bd8975ef8605f84dfc6d305bfad0a302451cd5dc17210ce9a14914d09f,Lapras - 048/202 (Holiday Calendar),MCAP,Miscellaneous Cards & Products,4.44,3.5,208.45,,,,tcgplayer,True,cache,set:name_exact+card:name_number
2026-10-02-183705,2026-10-02T16:37:05Z,121,2374,51,Pikachu (Pokemon Day 2026),Miscellaneous Cards & Products,051/162,pk_d4f24568d941a202fe8cbf136314d74c09ec8f45505cdeea665fa228eb9621dba15018f4618a1d7d86f0aca64826,Team Rocket's Articuno (Destined Rivals Stamp),MCAP,Miscellaneous Cards & Products,30.28,27,263.24,,,,tcgplayer,True,cache,set:name_exact+card:set_number
2026-10-02-183705,2026-10-02T16:37:05Z,167,23806,4,Pokegear 3.0,SV: Premium Trainer Box ex,004/028,pk_299fd3b222cbfa5c687c2459573a7743ca5c380973d35bc90f58f51d71f445677023997be85d83836d314471f7fe,Pokegear 3.0,svB,SV: Premium Trainer Box ex,,2,2,,,,both,True,cache,set:name_exact+card:name_number
2026-10-02-183705,2026-10-02T16:37:05Z,158,23821,59,Umbreon (Poke Ball Pattern),Prismatic Evolutions,059/131,pk_b1f5b1464aba9b6c5571ff23721b6705aa9b22fa212ebd30e52e06641b1605a9bd4aad790064217fdd563bdb9110aa,Umbreon,PRE,SV: Prismatic Evolutions,0.47,0.05,999,,,,both,True,cache,set:name_suffix+card:name_number
2026-10-02-183705,2026-10-02T16:37:05Z,157,23821,60,Umbreon ex,Prismatic Evolutions,060/131,pk_2b6d27a8bd0706fab12b1c79927ebd9b1be2680bf7a01e9b2287e3487906bb3a32bcccbcabc6f0c707dad8fb74abf7,Umbreon ex - 060/131,PRE,SV: Prismatic Evolutions,8.43,7,5000,,,,both,True,cache,set:name_suffix+card:name_number
2026-10-02-183705,2026-10-02T16:37:05Z,46,23898,25,Raikou EX (JP),Dark Rush,025/069,pk_7201316b5cf55d48877d41b59d146ac09251fb17057366bbdff613a658dd01f16ee92709aac4476fac6dffd2ade440,Raikou EX - 025/069,BW4,BW4: Dark Rush,8.13,6,8,,,,both,True,cache,set:name_suffix+card:name_number
2026-10-02-183705,2026-10-02T16:37:05Z,171,23909,92,Umbreon (JP),Terastal Festival ex,092/187,pk_4c3160078b4650174ea9bf9be70f740a408ed04b35aa42c9d29a2f95a41d1aa1925c143dcbcd513b75f9ab389b9c21,Umbreon,SV8a,SV8a: Terastal Fest ex,0.33,0.1,25,,,,both,True,cache,set:name_suffix+card:name_number
2026-10-02-183705,2026-10-02T16:37:05Z,79,24084,101,Mightyena ex,EX Holon Phantoms,101,pk_67f5b981f882f8227f8d48d5f974446a6d273030ec7b6af375d29392802f41ad8b0ee144e2f9f982e703c288d36b,Mightyena ex,HP,Holon Phantoms,99.99,74.99,200.01,,,,both,True,cache,set:name_fuzzy+card:name_number
2026-10-02-183705,2026-10-02T16:37:05Z,78,24084,63,Corphish (63),EX Holon Phantoms,63,pk_fdf090364ffa6990b3971ae357b5ae65e0a2dc6185ca0f2774d43898029e95457d62c813414433e4897773c7f8,Corphish - 063/110,HP,Holon Phantoms,0.37,0.15,19.82,,,,both,True,cache,set:name_fuzzy+card:name_number
2026-10-02-183705,2026-10-02T16:37:05Z,80,24084,80,Poochyena,EX Holon Phantoms,80,pk_d9edf81234590dbbad70bb58148381a6f4f0634f93ea548b8dea5d4f58b22895dd91316cdc66ac4a0a5e2d54dd,Poochyena,HP,Holon Phantoms,0.56,0.18,19.82,,,,both,True,cache,set:name_fuzzy+card:name_number
2026-10-02-183705,2026-10-02T16:37:05Z,51,2409,16,Lickitung (Holo Common),Detective Pikachu,16,pk_276d5b96e9f2113b490f393c244303c461cebf6485c759cd806f264d552b98fa8608b33a83e51d10a305fb1216,Lickitung (Holo Common),DEP,Detective Pikachu,0.43,0.1,5.6,,,,both,True,cache,set:name_exact+card:name_number
2026-10-02-183705,2026-10-02T16:37:05Z,52,2409,3,Morelull (Holo Common),Detective Pikachu,3,pk_c34ccdb4dae95dece608da5b7fbefeb08a745d2f21f5f5ca6c5f4611b40d002eeecdfd0765ae7d353bf82c60,Morelull (Holo Common),DEP,Detective Pikachu,0.37,0.05,18.2,,,,both,True,cache,set:name_exact+card:name_number
2026-10-02-183705,2026-10-02T16:37:05Z,50,24269,31,Team Rocket's Moltres ex,Destined Rivals,031/182,pk_fe5ffd94ab2efa61fd675d3f770a7afbb675808cd2636ebc962f577881d58578da8d880db3eb32ed7cb4acaf5b437d,Team Rocket's Moltres ex,DRI,SV10: Destined Rivals,0.9,0.29,50,,,,both,True,cache,set:name_suffix+card:name_number
2026-10-02-183705,2026-10-02T16:37:05Z,169,24310,68,Dark Machamp (JP),Team Rocket (Japanese),068,pk_876dc6c58cd715df1e523a8184fc6abbe908245e95e0f6a91e3519de1605485d3fc27dcadc2ba8b6e5c7fbaae58df1,Team Rocket's Muk,SV10,SV10: The Glory of Team Rocket,0.16,0.1,20,,,,both,True,cache,set:name_suffix+card:set_number
2026-10-02-183705,2026-10-02T16:37:05Z,6,,96,Drowzee (JP),Base Set (Japanese),096,,,,,,,,,,,,False,orphan,set:none
2026-10-02-183705,2026-10-02T16:37:05Z,7,,62,Poliwrath (JP),Base Set (Japanese),062,,,,,,,,,,,,False,orphan,set:none
2026-10-02-183705,2026-10-02T16:37:05Z,25,,53,Deoxys VMAX,Brave Stars (Charm),053/127,,,,,,,,,,,,False,orphan,set:none
2026-10-02-183705,2026-10-02T16:37:05Z,26,,19,Raichu V,Brave Stars (Charm),019/127,,,,,,,,,,,,False,orphan,set:none
2026-10-02-183705,2026-10-02T16:37:05Z,27,,129,Solrock,Brave Stars (Charm),129/127,,,,,,,,,,,,False,orphan,set:none
2026-10-02-183705,2026-10-02T16:37:05Z,28,,27,Zeraora V,Brave Stars (Charm),027/127,,,,,,,,,,,,False,orphan,set:none
2026-10-02-183705,2026-10-02T16:37:05Z,29,,113,Oranguru V,Brave Stars (Courage),113/128,,,,,,,,,,,,False,orphan,set:none
2026-10-02-183705,2026-10-02T16:37:05Z,30,,4,Radiant Venusaur,Brave Stars (Courage),004/128,,,,,,,,,,,,False,orphan,set:none
2026-10-02-183705,2026-10-02T16:37:05Z,31,,33,Serperior VSTAR,Brave Stars (Courage),033/128,,,,,,,,,,,,False,orphan,set:none
2026-10-02-183705,2026-10-02T16:37:05Z,87,,38,Blaine's Ninetales (JP),Gym Challenge (Japanese),038,,,,,,,,,,,,False,orphan,set:none
2026-10-02-183705,2026-10-02T16:37:05Z,93,,117,Misty's Seadra (JP),Gym Heroes (Japanese),117,,,,,,,,,,,,False,orphan,set:none
2026-10-02-183705,2026-10-02T16:37:05Z,131,,95,Onix (JP),Neo Genesis (Japanese),095,,,,,,,,,,,,False,orphan,set:none
2026-10-02-183705,2026-10-02T16:37:05Z,186,,60,Poliwag (JP),Vending Series 1 (Blue),060,,,,,,,,,,,,False,orphan,set:none
2026-10-02-185207,2026-10-02T16:52:07Z,111,-113,54,Slowpoke,Lost Thunder,54,2d03e057e6e3be88c6cd23dbfbd0afc4d3d3a0fc1142f1170129ef5d2eb28d9e,Slowpoke,LOT,,,,,,,,cardmarket,True,cache,set:name_exact+card:name_number
2026-10-02-185207,2026-10-02T16:52:07Z,1,-38,90,Roaring Moon ex (JP),Ancient Roar,090/066,pk_b15b78a21cb16a19c9934d004b37011522a8e8b52386bb71544a8e585b45952c55bf11d1852e051cbd9a110a02c8c5,Roaring Moon ex - 090/066,SV4K,SV4K: Ancient Roar,40.63,38,70,,,,both,True,cache,set:name_exact+card:name_number
2026-10-02-185207,2026-10-02T16:52:07Z,190,-42,80,Gastly (JP),Wild Force,080/071,pk_51b7bb31edf1939b662c9533110216e8a78391e1406d01d0d33503aad9131294e8038a7e215494b2508f352fe7f9ef,Gastly - 080/071,SV5K,SV5K: Wild Force,37.36,33,200,,,,both,True,cache,set:name_exact+card:name_number
2026-10-02-185207,2026-10-02T16:52:07Z,168,1373,17,Rainbow Energy (17),Team Rocket,17,pk_f3e9793a32fe072f5632e5f156bba775f9cb692b953be769991b53d4aed0a9d5dbc6910ad76ca744be005452,Rainbow Energy (17),TR,Team Rocket,40.67,31.11,471.34,,,,both,True,cache,set:name_exact+card:name_number
2026-10-02-185207,2026-10-02T16:52:07Z,107,1374,67,Abra,Legendary Collection,67,64758a9fba72ea94ca400f3642dfd462047ce2832943d1b05790c8a24daf7c4f,Abra,LC,,,,,,,,cardmarket,True,cache,set:name_exact+card:name_number
2026-10-02-185207,2026-10-02T16:52:07Z,108,1374,69,Caterpie,Legendary Collection,69,0bff60d5f45980ce17d24f5825446e36c780b53bf24085665b5920ccf4116652,Caterpie,LC,,,,,,,,cardmarket,True,cache,set:name_exact+card:name_number
2026-10-02-185207,2026-10-02T16:52:07Z,161,1384,8,Rayquaza C,Supreme Victors,8,pk_53542c3fd04fb92cd5a82cfa2eba564153cd487d9c80bcc1b4aca190c302f9b06d3c1c4a6a4411b8,Rayquaza C,SV,Supreme Victors,70.62,399,499.99,,,,both,True,cache,set:name_exact+card:name_number
2026-10-02-185207,2026-10-02T16:52:07Z,142,1385,73,Terrakion,Noble Victories,73,pk_29af6af6f1579d15f2dc8fbf301d7dcced9a1799b83987267e30342e1bf204df419ec41619e15fae2397df4146,Terrakion,NVI,Noble Victories,2.43,1.9,32.84,,,,both,True,cache,set:name_exact+card:name_number
2026-10-02-185207,2026-10-02T16:52:07Z,141,1385,84,Cobalion,Noble Victories,84,pk_33cb896ef57cbbe0d68f0df0b617bba574ae49a5bfbf93d1d417586c12beeb4c46097213d6aee86acd292a0134,Cobalion,NVI,Noble Victories,1.62,1,27.24,,,,both,True,cache,set:name_exact+card:name_number
2026-10-02-185207,2026-10-02T16:52:07Z,191,1387,68,Sableye,XY Base Set,68,pk_b3f70dbc61dfa59040555de8fcd10439bad07c0f7bdbaeb1c250913f148f6e29693e771be436b2bfb1686c893d,Sableye,XY,XY Base Set,0.53,0.2,14.99,,,,both,True,cache,set:name_exact+card:name_number
2026-10-02-185207,2026-10-02T16:52:07Z,132,1389,17,Entei (17),Neo Revelation,17,pk_a2178f6bd72942e0f3deafa700ac9da07409e5cbf5963f2060b67cd7203d72234ad97eec6e40d85b96bb966f,Entei (17),N3,Neo Revelation,82.23,35.89,848.84,,,,tcgplayer,True,cache,set:name_exact+card:name_number
2026-10-02-185207,2026-10-02T16:52:07Z,133,1389,18,Ho-oh,Neo Revelation,18,pk_5218d78169cd302950269c4fb4739d0b3b2cce7dd477873ff2a2aa22516b021157b28dd95285f629eec7237d,Ho-oh (18),N3,Neo Revelation,117.89,54.99,9999,,,,tcgplayer,True,cache,set:name_exact+card:name_number
2026-10-02-185207,2026-10-02T16:52:07Z,134,1389,20,Lugia,Neo Revelation,20,pk_7c352b230d2d259ab112797b5bef75c9e41525839963501e22b576261acc1cc20d71efc7b969dbae14e3170d,Lugia,N3,Neo Revelation,62.57,35,9999,,,,tcgplayer,True,cache,set:name_exact+card:name_number
2026-10-02-185207,2026-10-02T16:52:07Z,72,1395,64,Squirtle (64),EX Crystal Guardians,64,pk_5a4bc5089043695ae6d3c18175d66b321dc2d9fdc445cdf61812a7b102de446b767e5d2e6e62f07d30f9e11549,Squirtle - 064/100,CG,Crystal Guardians,17.2,4.18,96.27,,,,both,True,cache,set:name_fuzzy+card:name_number
2026-10-02-185207,2026-10-02T16:52:07Z,126,1396,57,Cyndaquil (57),Neo Genesis,57,pk_bfb8cfc6531175cd476d1b1f977a2a11de55edc419b184e945db3318471dfa971345194ed7aefa51384457c1aa,Cyndaquil (57),N1,Neo Genesis,14.09,2.5,96.95,,,,tcgplayer,True,cache,set:name_exact+card:name_number
2026-10-02-185207,2026-10-02T16:52:07Z,128,1396,65,Mareep,Neo Genesis,65,pk_e4adcb9d0a11061a1d241a92586f8bed99896ce37b6ce0be661494253bd9e9ed4f003a8c0c73874ed687b0fd2a,Mareep,N1,Neo Genesis,3.65,1.8,30,,,,tcgplayer,True,cache,set:name_exact+card:name_number
2026-10-02-185207,2026-10-02T16:52:07Z,129,1396,74,Snubbull,Neo Genesis,74,pk_aa787e8dc3ff3a4203b1e0768eb14cae7e9d09efa6b30aa1221901f2ac59f1ec943c7ebc9cc5ae5b03ba23e0e3,Snubbull,N1,Neo Genesis,2.27,1,50,,,,tcgplayer,True,cache,set:name_exact+card:name_number
2026-10-02-185207,2026-10-02T16:52:07Z,130,1396,80,Totodile (80),Neo Genesis,80,pk_fa6f1636ccd356a500d6a2af0720eda65816adaebd1fbacefaaa34f8e4f912587436ef87cfa8cf2ecd11ec4af1,Totodile (80),N1,Neo Genesis,1.92,0.4,90,,,,tcgplayer,True,cache,set:name_exact+card:name_number
2026-10-02-185207,2026-10-02T16:52:07Z,82,1398,27,Ho-oh,EX Unseen Forces,27/115,pk_62eed384aebb3470749ae32f6182b79013e340eb290a373b098b18c57f3b0f8b4d47084c06d64b7320270e40a3,Ho-Oh,UF,Unseen Forces,7.81,6.77,74.74,,,,both,True,cache,set:name_fuzzy+card:name_number
2026-10-02-185207,2026-10-02T16:52:07Z,81,1398,54,Cyndaquil,EX Unseen Forces,54/115,pk_00f37841c6bd4ab2ce421090745d1f2d849d935d0039943b7d9e8b3cf7f0d4e20abd27dcf2a93ad167fd7c7444,Cyndaquil,UF,Unseen Forces,2.6,0.4,44.6,,,,both,True,cache,set:name_fuzzy+card:name_number
2026-10-02-185207,2026-10-02T16:52:07Z,185,1403,10,Umbreon,Undaunted,10,pk_a2bba8e9e05f3edc963632ced6b84410adfb96ba54c9d82dc7b6cbbaba99d12fb7ead9923ba1651bd0bbc06b,Umbreon,UD,Undaunted,96.83,90,679.34,,,,both,True,cache,set:name_exact+card:name_number
2026-10-02-185207,2026-10-02T16:52:07Z,109,1409,15,Virizion,Legendary Treasures,15,pk_b6ec8b056fe45cccee2b5c65490dff417cde2717807cf5a3f2118655482d11fc65ffaced33f37c4a1c70ddf8fb,Virizion,LTR,Legendary Treasures,1.7,0.99,49.99,,,,both,True,cache,set:name_exact+card:name_number
2026-10-02-185207,2026-10-02T16:52:07Z,74,1410,102,Fire Energy,EX Emerald,102,pk_2d41fe6f6139544ef4c99bbda7da1321e6c2473445123eba8fb5665a1ac2c34d3c87ba43f30fdc46876ce8b5b577,Fire Energy,EM,Emerald,17.6,12.65,184.24,,,,both,True,cache,set:name_fuzzy+card:name_number
2026-10-02-185207,2026-10-02T16:52:07Z,156,1413,126,Virbank City Gym,Plasma Storm,126,pk_de79b0b95e8292740c0042a5d1a751ba4b4488dd327a543d06b2e9e4e855427d379c79dd1d83ed3284d479d87410,Virbank City Gym,PLS,Plasma Storm,5.13,3,47.14,,,,both,True,cache,set:name_exact+card:name_number
2026-10-02-185207,2026-10-02T16:52:07Z,77,1416,60,Doduo,EX Hidden Legends,60,pk_fd55e9b969ae651b8fa7e8e5266a9b19f4878b62f396394f68617090ad2e35707fdf137feef3622030025b6357,Doduo,HL,Hidden Legends,0.36,0.1,19.82,,,,both,True,cache,set:name_fuzzy+card:name_number
2026-10-02-185207,2026-10-02T16:52:07Z,110,1417,52,Dragonair,Legends Awakened,52,pk_8a5b982b9d66dfb7a2f80c28eb6f28939fe2bb3d8f9bc9ce315cb685e007f425185a8c93eb6253e66d5521401a,Dragonair,LA,Legends Awakened,12.96,6.2,109.74,,,,both,True,cache,set:name_exact+card:name_number
2026-10-02-185207,2026-10-02T16:52:07Z,75,1419,46,Poliwhirl,EX FireRed & LeafGreen,46,pk_7e69972295f1bdf2aa0b87d8423ec9f4692d6bf91ea90b3fcf9bca02ce73f96421c30587a05530932f6f8bf58d,Poliwhirl,RG,FireRed & LeafGreen,4.62,4.91,35,,,,both,True,cache,set:name_fuzzy+card:name_number
2026-10-02-185207,2026-10-02T16:52:07Z,76,1419,78,Seel,EX FireRed & LeafGreen,78,pk_4f7665e05b3800de8173476326fccbe6afe2f7dc2ddfd0483eddc541869cdcda3a3001ea292dbe2986c919a6e7,Seel,RG,FireRed & LeafGreen,0.49,0.1,16.7,,,,both,True,cache,set:name_fuzzy+card:name_number
2026-10-02-185207,2026-10-02T16:52:07Z,73,1429,41,Dragonair,EX Delta Species,41,dc964117624a66a340572753e70c3911df2a612d13b00a1a1a81a2b5fe867f45,Dragonair δ Delta Species,DS,,,,,,,,cardmarket,True,cache,set:name_fuzzy+card:set_number
2026-10-02-185207,2026-10-02T16:52:07Z,54,1430,117,Energy Search,Diamond and Pearl,117,pk_627f265dd3440d20a05ef0dcd6bbec10d568ec410646c19b78dbbc823804e63489ab9dfeb34e931ccfe78ad24e16,Energy Search,DP,Diamond and Pearl,0.18,0.02,19.82,,,,both,True,cache,set:name_exact+card:name_number
2026-10-02-185207,2026-10-02T16:52:07Z,55,1430,117,Energy Search,Diamond and Pearl,117,pk_627f265dd3440d20a05ef0dcd6bbec10d568ec410646c19b78dbbc823804e63489ab9dfeb34e931ccfe78ad24e16,Energy Search,DP,Diamond and Pearl,0.18,0.02,19.82,,,,both,True,cache,set:name_exact+card:name_number
2026-10-02-185207,2026-10-02T16:52:07Z,53,1430,43,Budew,Diamond and Pearl,43,pk_edbbf2c21eaaaefb3f0d1d60c919372329675b3d2bb64627fab910861cdacd46e47871441b8082e8d8dfb3e8c4,Budew,DP,Diamond and Pearl,4.57,0.99,52.94,,,,both,True,cache,set:name_exact+card:name_number
2026-10-02-185207,2026-10-02T16:52:07Z,125,1434,32,Umbreon (32),Neo Discovery,32,pk_ed3624519e47271257a82a3f6a3f932f50dad08b11a8244c3c2ca9103cd37f6356994c8ee8228cd98a12a01b,Umbreon (32),N2,Neo Discovery,300,300,499.98,,,,tcgplayer,True,cache,set:name_exact+card:name_number
2026-10-02-185207,2026-10-02T16:52:07Z,124,1434,66,Tyrogue,Neo Discovery,66,pk_cac6e18a7e92b7abc0fad72666632c2ab9ea52faae88fb360ae74fccd6961a2fba8edf81f3deee1731ec78be,Tyrogue,N2,Neo Discovery,3.29,1.86,32.12,,,,tcgplayer,True,cache,set:name_exact+card:name_number
2026-10-02-185207,2026-10-02T16:52:07Z,89,1441,106,Brock's Training Method,Gym Heroes,106,pk_6b727457ca0fe15c2fc1455db4d1de85bc326f2dede3de89c8e16022f7b6e5d6c5f6651d12bc8ea471b8267db956,Brock's Training Method,G1,Gym Heroes,1.14,0.35,5,,,,tcgplayer,True,cache,set:name_exact+card:name_number
2026-10-02-185207,2026-10-02T16:52:07Z,92,1441,123,Misty's Duel,Gym Heroes,123,pk_1f77393ac0c2cff342ce80e4f83d4b039d455da883d5c5279fddab9181415ee12a7a859d522a2813dc92f31dccc6,Misty's Duel,G1,Gym Heroes,5.42,2.2,52.94,,,,tcgplayer,True,cache,set:name_exact+card:name_number
2026-10-02-185207,2026-10-02T16:52:07Z,91,1441,130,Lightning Energy,Gym Heroes,130,pk_31445d60b6bb5b719f38c2fbfb7ec1ad316c2c0608bde333ce4c6d61430ed40e39e44c7a49e2d9e775fcad6fba70,Lightning Energy,G1,Gym Heroes,2.11,0.45,95.24,,,,tcgplayer,True,cache,set:name_exact+card:name_number
2026-10-02-185207,2026-10-02T16:52:07Z,90,1441,43,Erika's Exeggcute (43),Gym Heroes,43,pk_ce2f5fe6baf2c2ee69cc6351f20132fd26d97c44ae91ab0c41c80d8b84522dc955466e9fcf916deadb08659552,Erika's Exeggcute (43),G1,Gym Heroes,6.24,3.52,58.46,,,,tcgplayer,True,cache,set:name_exact+card:name_number
2026-10-02-185207,2026-10-02T16:52:07Z,88,1441,69,Brock's Onix (69),Gym Heroes,69,pk_77be89039c43b92eb361e15926069a70eec974f076112c64c03e232933427d1f44e3e9f182680b2e3cede82ff4,Brock's Onix (69),G1,Gym Heroes,1.74,0.39,96.95,,,,tcgplayer,True,cache,set:name_exact+card:name_number
2026-10-02-185207,2026-10-02T16:52:07Z,123,1444,50,Light Ninetales,Neo Destiny,50,pk_90c9aa90e01303ed97e47d1e17aa299194980574c93cabb92c989d8d47e184978f3557370507513063a9073903,Light Ninetales,N4,Neo Destiny,28.55,15,129.3,,,,tcgplayer,True,cache,set:name_exact+card:name_number
2026-10-02-185207,2026-10-02T16:52:07Z,32,1661,69,Kirlia,BREAKthrough,69,pk_04165b50e725d66eaffee189b9831eb4bc37ce0151511eeb25343f2dbd1324df881f1263efdfe8e9f4d6d764b4d7,Kirlia,BKT,XY - BREAKthrough,0.42,0.12,16.36,,,,both,True,cache,set:name_suffix+card:name_number
2026-10-02-185207,2026-10-02T16:52:07Z,45,17689,gg60,Cynthia's Ambition,Crown Zenith: Galarian Gallery,GG60/GG70,pk_712127e0870de9b9252d990b063298a6bf7ead2d0c0611226a78d2dfa663b50f959f345622031ee5a493e7c69215344b81b6,Cynthia's Ambition,CRZ:GG,Crown Zenith: Galarian Gallery,23.17,19.95,186.92,,,,tcgplayer,True,cache,set:name_exact+card:name_number
2026-10-02-185207,2026-10-02T16:52:07Z,48,1840,13,Delphox - 013/086 (Non-Holo),Deck Exclusives,013/086,pk_03ebb83d14b57b84681330d01e499341acafbe5e177020f9097fd22604a6e0ca355c8c49915557fa142dd1ad4323,Delphox - 13/124 (XY Fates Collide),PR,Deck Exclusives,0.58,0.19,1.99,,,,tcgplayer,True,cache,set:name_exact+card:name_number
2026-10-02-185207,2026-10-02T16:52:07Z,47,1840,29,Ampharos - 029/086 (Non-Holo),Deck Exclusives,029/086,pk_36201a98df0c9ae78b81ef0cc27a69e9ffeeadd3745e7909a7a7988e6493efd80af368b35bc12fc354e5a1b2a2a2,Empoleon - 29/108 (Battle Arena Deck Exclusive),PR,Deck Exclusives,1.97,0.8,96.95,,,,tcgplayer,True,cache,set:name_exact+card:set_number
2026-10-02-185207,2026-10-02T16:52:07Z,49,1840,8,Machamp,Deck Exclusives,008/102,pk_8c7b7d6e3edf91d796bbfd511ca99f2d9c72ee3088563624ad03d5c24ce4298026540a64ba52a45de8a82138bd,Noctowl - 8/123 (HeartGold & SoulSilver),PR,Deck Exclusives,2.39,0.75,31.14,,,,tcgplayer,True,cache,set:name_exact+card:set_number
2026-10-02-185207,2026-10-02T16:52:07Z,71,1842,14,Vulpix,Evolutions,14/108,pk_f439ddf01cdda1c193e07b1f7a8579f754d5d6799b046e6a4f340a57c175af830cfb2bfed332fe3d999c2ee69b76,Vulpix,EVO,XY - Evolutions,0.22,0.01,14.21,,,,both,True,cache,set:name_suffix+card:name_number
2026-10-02-185207,2026-10-02T16:52:07Z,64,1842,23,Poliwag,Evolutions,23/108,pk_0819f6da2d6e7da5c76e543c5dd6dc4f3162bc64b8d4e66c8539362415507e67e817a0c81388b1fefac1d7a780af,Poliwag,EVO,XY - Evolutions,0.21,0.01,17.74,,,,both,True,cache,set:name_suffix+card:name_number
2026-10-02-185207,2026-10-02T16:52:07Z,65,1842,23,Poliwag,Evolutions,23/108,pk_0819f6da2d6e7da5c76e543c5dd6dc4f3162bc64b8d4e66c8539362415507e67e817a0c81388b1fefac1d7a780af,Poliwag,EVO,XY - Evolutions,0.21,0.01,17.74,,,,both,True,cache,set:name_suffix+card:name_number
2026-10-02-185207,2026-10-02T16:52:07Z,58,1842,29,Dewgong,Evolutions,29/108,pk_b2598173a2061059e0ff134c979798d7e40d466d4b1ee6d98c57795859e75f60112609cde97b3bd1926f239a0301,Dewgong,EVO,XY - Evolutions,0.22,0.05,35,,,,both,True,cache,set:name_suffix+card:name_number
2026-10-02-185207,2026-10-02T16:52:07Z,70,1842,39,Voltorb,Evolutions,39/108,pk_1a97ca0d3795ebb70e28f553d93ef3bda9d89b5bfa09c74c39829ef3bb488ce964eda7f6cb428e5c4445eebf8735,Voltorb,EVO,XY - Evolutions,0.17,0.01,18.86,,,,both,True,cache,set:name_suffix+card:name_number
2026-10-02-185207,2026-10-02T16:52:07Z,63,1842,4,Metapod,Evolutions,4/108,pk_a799e04fc2c560e3ea4f7393942f49dfe800aa4842aed40122c90e0fcc57c30eee64a5b7ee52f5e1e7ebf47f32,Metapod,EVO,XY - Evolutions,0.23,0.03,19.82,,,,both,True,cache,set:name_suffix+card:name_number
2026-10-02-185207,2026-10-02T16:52:07Z,59,1842,55,Diglett,Evolutions,55/108,pk_1efb59dca55f4689b273a98c63edab3a34cf74f70db5330bedf49250bf4ec3872aa443ba30e16f6e03843f08985c,Diglett,EVO,XY - Evolutions,0.11,0.01,14.16,,,,both,True,cache,set:name_suffix+card:name_number
2026-10-02-185207,2026-10-02T16:52:07Z,62,1842,57,Machop,Evolutions,57/108,pk_c36c6e58796bca5e44144f023bfacdd05c068c8a10ab281049109b750884a5a984479434012ef3c73acffb09d2bf,Machop,EVO,XY - Evolutions,0.19,0.01,15,,,,both,True,cache,set:name_suffix+card:name_number
2026-10-02-185207,2026-10-02T16:52:07Z,66,1842,67,Raticate,Evolutions,67/108,pk_eb56671063893b0b293ca4c109207c2a54194a1680d79dbeb6f2c1b143c480747764b69e8d90a7d40860766d47de,Raticate,EVO,XY - Evolutions,0.17,0.05,15.42,,,,both,True,cache,set:name_suffix+card:name_number
2026-10-02-185207,2026-10-02T16:52:07Z,60,1842,69,Doduo,Evolutions,69/108,pk_fd41e9060e306f05974f417cbbc0c2e591921d9a77ac25027178757139e80af53d24a8d62de42ca03290d6792606,Doduo,EVO,XY - Evolutions,0.18,0.03,14.18,,,,both,True,cache,set:name_suffix+card:name_number
2026-10-02-185207,2026-10-02T16:52:07Z,56,1842,7,Beedrill,Evolutions,7/108,pk_1fcf283e441b3342c433bb78ebbb1fcff79f5451922691cede9e88e699e5b2f5d541cfae9bdc4b5111fea25a4b,Beedrill,EVO,XY - Evolutions,0.27,0.02,19.46,,,,both,True,cache,set:name_suffix+card:name_number
2026-10-02-185207,2026-10-02T16:52:07Z,68,1842,8,Tangela,Evolutions,8/108,pk_e9820aa9b912c585fe96eda94d5d0b368cffb3fde8c7d4027de48e08fe0ab2b5516f5edda651675dd4bf8b1d1d,Tangela,EVO,XY - Evolutions,0.24,0.01,15.84,,,,both,True,cache,set:name_suffix+card:name_number
2026-10-02-185207,2026-10-02T16:52:07Z,67,1842,86,Slowbro Spirit Link,Evolutions,86/108,pk_8bc5fc0280dff1f92b5cc5e5353a66bf978063e4814ee3799a913bb1ac9c35473582d6a7716a6c965adcd5cbaac4,Slowbro Spirit Link,EVO,XY - Evolutions,0.28,0.02,14.29,,,,both,True,cache,set:name_suffix+card:name_number
2026-10-02-185207,2026-10-02T16:52:07Z,69,1842,89,Venusaur Spirit Link,Evolutions,89/108,pk_c88e0902038bc125dac7920aadab4eb4562e6a8246cb47d38759aee34d7333a0ec0282e342155ce79c45cfbe93ef,Venusaur Spirit Link,EVO,XY - Evolutions,0.24,0.04,19.82,,,,both,True,cache,set:name_suffix+card:name_number
2026-10-02-185207,2026-10-02T16:52:07Z,61,1842,94,Lightning Energy,Evolutions,94/108,pk_8234acc2fcc1778fb8c6b2d33fd8c102de546b453ebfafaa50b5f89aef82e76e1cbd26294c5ce947043983b707ed,Lightning Energy,EVO,XY - Evolutions,0.21,0.06,19.12,,,,both,True,cache,set:name_suffix+card:name_number
2026-10-02-185207,2026-10-02T16:52:07Z,57,1842,97,Darkness Energy,Evolutions,97/108,pk_f9d9d0eae7cf3282639a7250f3cb86f63aac08c6d172f11afe8d113afc8879f7ed7d6a684a9bbfd911dee7a3cbe1,Darkness Energy,EVO,XY - Evolutions,1.5,0.98,24.52,,,,both,True,cache,set:name_suffix+card:name_number
2026-10-02-185207,2026-10-02T16:52:07Z,159,22873,253,Miraidon ex,Scarlet & Violet Base Set,253/198,pk_363201270d4afa467e4be33a8351a5f4b2f358887f1383b2db03bceaf749122fce4a599f009bb58ea6e1c5a5197b7dd6,Miraidon ex - 253/198,SVI,SV01: Scarlet & Violet Base Set,7.65,5,161.2,,,,tcgplayer,True,cache,set:name_suffix+card:name_number
2026-10-02-185207,2026-10-02T16:52:07Z,24,2289,13,Virizion,Blister Exclusives,13/101,pk_9f89b162479d4911badac9a6eaf65234a26d104f06ba8ede8274f754bc04fbacb145ad5811178c2a081e206102,Virizion,NVI,Noble Victories,1.98,0.95,24.74,,,,tcgplayer,True,cache,set:name_exact+card:name_number
2026-10-02-185207,2026-10-02T16:52:07Z,23,2289,60,Baxcalibur (Cosmos Holo),Blister Exclusives,060/193,pk_e34ef3412397fc0f79c6168194b12f5e4fc2c775d1d72c7716984574a43cb613c06b2802d789fb6594a7ad0c228a,Baxcalibur - 060/193 (Cosmos Holo),BLE,Blister Exclusives,0.46,0.25,1000,,,,tcgplayer,True,cache,set:name_exact+card:name_number
2026-10-02-185207,2026-10-02T16:52:07Z,143,23120,196,Sprigatito,Paldea Evolved,196/193,pk_0b82b4bba94c0731a12e2a86dfa75a49cd70740b92439abe5dc340aae8ea8a39142f74b3d40a22e876d4c87cef9aa2cb,Sprigatito - 196/193,PAL,SV02: Paldea Evolved,57.19,44.95,850.9,,,,both,True,cache,set:name_suffix+card:name_number
2026-10-02-185207,2026-10-02T16:52:07Z,166,23237,7,Basic Darkness Energy (Cosmos Holo),SV: 151,007,pk_6f4137bf148368ce862425e9deaa1fc4231c4e827977de635e2dd8b4a5d5a7ed4bae15c87d86070a2436169a2db2,Squirtle - 007/165,MEW,SV: Scarlet & Violet 151,0.29,0.05,18.38,,,,both,True,cache,set:name_exact+card:set_number
2026-10-02-185207,2026-10-02T16:52:07Z,179,23266,17,Trevenant,Trick or Trade BOOster Bundle 2023,017/196,pk_c785c6645803cad844ffa0348402d59762906a8400b0d0b60affb2baa33715a1be0eaf9d4716593c1cfa8590879ef2,Trevenant,TTBB23,Trick or Trade BOOster Bundle 2023,0.16,0.02,19.82,,,,both,True,cache,set:name_exact+card:name_number
2026-10-02-185207,2026-10-02T16:52:07Z,177,23266,62,Pikachu,Trick or Trade BOOster Bundle 2023,062/193,pk_39b3ca391673aa7658b679bd20a2656ba338145c12d1750266f7a72a0cd9d57a871674695d27288d92a9a9c6bb0f4a,Pikachu,TTBB23,Trick or Trade BOOster Bundle 2023,0.51,0.15,19.82,,,,both,True,cache,set:name_exact+card:name_number
2026-10-02-185207,2026-10-02T16:52:07Z,175,23266,71,Dusknoir,Trick or Trade BOOster Bundle 2023,071/185,pk_cdf02f8faa96c94a79cbe62be31c1cc99ddf0d62a4b910708344e88848cab0e99dc83936973b26ac5017acddca1162,Dusknoir,TTBB23,Trick or Trade BOOster Bundle 2023,0.14,0.01,19.82,,,,both,True,cache,set:name_exact+card:name_number
2026-10-02-185207,2026-10-02T16:52:07Z,174,23266,73,Banette,Trick or Trade BOOster Bundle 2023,073/196,pk_ca34e023b23731d857200e1712faa4fb7a21cdc1cd6a076bf7a0603cf55216cc0d7364202bbef3555595b06fd0fec9,Banette,TTBB23,Trick or Trade BOOster Bundle 2023,0.18,0.05,19.82,,,,both,True,cache,set:name_exact+card:name_number
2026-10-02-185207,2026-10-02T16:52:07Z,178,23266,90,Polteageist,Trick or Trade BOOster Bundle 2023,090/202,pk_d73bda19b8fadbd8a4838baf347cea905a6dca58bb6c9bb8e6be89e731aafce7259fadb406d8e6dc25c34bdf0c74d6,Polteageist,TTBB23,Trick or Trade BOOster Bundle 2023,0.13,0.01,19.82,,,,both,True,cache,set:name_exact+card:name_number
2026-10-02-185207,2026-10-02T16:52:07Z,176,23266,95,Lycanroc,Trick or Trade BOOster Bundle 2023,095/185,pk_0b38b47f75b088061535aeb3fd2d117c3242afa97dea930c874f41e82ac21b3419fcf479b0faf3a26eebca2247bb85,Lycanroc,TTBB23,Trick or Trade BOOster Bundle 2023,0.18,0.01,19.82,,,,both,True,cache,set:name_exact+card:name_number
2026-10-02-185207,2026-10-02T16:52:07Z,145,23286,118,Yveltal,Paradox Rift,118/182,pk_4e4c7e76ec48360da366a7c98f8220e9a6a247736e5790501de132b7b503776a1a621b1d9f08140f903883abff41757f,Yveltal - 118/182,PAR,SV04: Paradox Rift,0.16,0.01,3.34,,,,both,True,cache,set:name_suffix+card:name_number
2026-10-02-185207,2026-10-02T16:52:07Z,144,23286,74,Deoxys,Paradox Rift,074/182,pk_9b460b47b1052ab331fc145210c642e43b51738613ca52e0cb394bde7488360497dd8b59cbf3b568836ace0fed53d9,Deoxys,PAR,SV04: Paradox Rift,0.22,0.01,14.21,,,,both,True,cache,set:name_suffix+card:name_number
2026-10-02-185207,2026-10-02T16:52:07Z,173,23323,15,Lt. Surge's Rattata,Trading Card Game Classic,015/034,pk_1534a68a7b872490fcc7826df737781239b8725ad322c46ffc19d6484eb9ba903123ee79b7be5ac6ba3b43aa601731,Chansey,CL,Trading Card Game Classic,8.73,7.19,9999,,,,tcgplayer,True,cache,set:name_exact+card:set_number
2026-10-02-185207,2026-10-02T16:52:07Z,172,23323,16,Lt. Surge's Raticate,Trading Card Game Classic,016/034,pk_d66a1f89329ca1f6df363bb371eaf64dc3778e1c73e1e3702115734a5ddc7fdf836bdffc011cb7aaf95fe0b37a8b15,Snorlax,CL,Trading Card Game Classic,16.65,15.14,9999,,,,tcgplayer,True,cache,set:name_exact+card:set_number
2026-10-02-185207,2026-10-02T16:52:07Z,170,23381,104,Gengar ex,Temporal Forces,104/162,pk_4feed57d5fd7bbedc4eab7dfaef8d33457abf0f2389a648f84017b037f6ce04024fe053deecfdcb1ee6602cfd5e10ce7,Gengar ex - 104/162,TEF,SV05: Temporal Forces,6.37,3.99,143.8,,,,both,True,cache,set:name_suffix+card:name_number
2026-10-02-185207,2026-10-02T16:52:07Z,184,23473,221,Teal Mask Ogerpon ex,Twilight Masquerade,221/167,pk_8b4d48cb5c5b51c74c6fcdeaf44900eb4c1aeb4fe2ab52c6dda1419b792a8db52de0f3db8f34e5fe1f5d9bf6a88a34b0,Teal Mask Ogerpon ex - 221/167,TWM,SV06: Twilight Masquerade,9.19,7,999,,,,both,True,cache,set:name_suffix+card:name_number
2026-10-02-185207,2026-10-02T16:52:07Z,183,23473,29,Magcargo ex,Twilight Masquerade,029/167,pk_fa883eb13246646c37cc824b682d82256cdb102450199b68bee312211605694e7ec544d316450070c5831a059c89d5,Magcargo ex - 029/167,TWM,SV06: Twilight Masquerade,0.65,0.3,999,,,,both,True,cache,set:name_suffix+card:name_number
2026-10-02-185207,2026-10-02T16:52:07Z,182,23473,77,Iron Thorns ex,Twilight Masquerade,077/167,pk_59369de5820b1533f00d3027755314b72bf1fcc55c33280243c300b3510ba45917ebf9f9c85406d9920b5b26781cca,Iron Thorns ex - 077/167,TWM,SV06: Twilight Masquerade,0.67,0.34,999,,,,both,True,cache,set:name_suffix+card:name_number
2026-10-02-185207,2026-10-02T16:52:07Z,181,23561,130,Umbreon,Trick or Trade BOOster Bundle 2024,130/197,pk_edcfa36e5afcbd718e4df02b3e8fe316acc80d6a6f487dcf445b23e5ff9a1ffa1cfb0fd071a149802ea8b603e1150e40,Umbreon,TTBB24,Trick or Trade BOOster Bundle 2024,0.46,0.2,35,,,,both,True,cache,set:name_exact+card:name_number
2026-10-02-185207,2026-10-02T16:52:07Z,180,23561,96,Fezandipiti (Cosmos Holo),Trick or Trade BOOster Bundle 2024,096/167,pk_9fef717584ef3b96cbece4be62b203007be6079ac628dd45567bcbda75c3f32791c8db31c5b7f24bc793f2d1dcf924,Fezandipiti (Cosmos Holo),TTBB24,Trick or Trade BOOster Bundle 2024,0.23,0.05,19.82,,,,both,True,cache,set:name_exact+card:name_number
2026-10-02-185207,2026-10-02T16:52:07Z,21,23639,29,Hisuian Typhlosion VSTAR (JP),Battle Region,029/067,pk_a95dc44d3c30745127af62856982ae41523352b5e2d9d4bdcf23a8b7943422ad1eb052298f71971731d04bbb53586f,Hisuian Typhlosion VSTAR - 029/067,S9a,S9a: Battle Region,0.84,0.55,2.99,,,,both,True,cache,set:name_suffix+card:name_number
2026-10-02-185207,2026-10-02T16:52:07Z,160,23643,330,Zamazenta V (JP),Shiny Star V,330/190,pk_51d0ba46a4faeffccb66fb3c67a158ae034bff3019ea6e3543b18a3a3f0308d686816d787a8af7be8e5dbd634d746075,Zamazenta V - 330/190,S4a,S4a: Shiny Star V,9.92,9.45,13,,,,both,True,cache,set:name_suffix+card:name_number
2026-10-02-185207,2026-10-02T16:52:07Z,188,23645,115,Radiant Eternatus (JP),VSTAR Universe,115/172,pk_98e262de840f758e80fbe90931148798e7f00117b1f35fd725424f3ba8c587b13428decd99308594bae1d92119f5996d,Radiant Eternatus,S12a,S12a: VSTAR Universe,0.63,0.42,3.25,,,,both,True,cache,set:name_suffix+card:name_number
2026-10-02-185207,2026-10-02T16:52:07Z,189,23645,41,Zeraora VMAX (JP),VSTAR Universe,041/172,pk_b7e177a6b6849247185a2d7481a34e80068e3502fb1e961d33da58116279603e763fcc8468db9c79d9543929834a11,Zeraora VMAX - 041/172,S12a,S12a: VSTAR Universe,0.96,0.59,4.6,,,,both,True,cache,set:name_suffix+card:name_number
2026-10-02-185207,2026-10-02T16:52:07Z,187,23645,48,Gengar (JP),VSTAR Universe,048/172,pk_1b3305af20ac1686743867fb66dc9015f529edc54e80bf9935c9d2a4de0c57a9d6b1aad4bc60f65f1f58b0ba39f90b,Gengar,S12a,S12a: VSTAR Universe,2.6,1.85,5.99,,,,both,True,cache,set:name_suffix+card:name_number
2026-10-02-185207,2026-10-02T16:52:07Z,162,23651,133,Alolan Exeggutor ex,Surging Sparks,133/191,pk_a3a9e0bfcc50fff4210e45ed6138ad1cd462dbd1c48e023725a140a137f5c745e79ee5467b8dea605fabb063e647422e,Alolan Exeggutor ex - 133/191,SSP,SV08: Surging Sparks,0.79,0.3,20,,,,both,True,cache,set:name_suffix+card:name_number
2026-10-02-185207,2026-10-02T16:52:07Z,163,23651,141,Eternatus,Surging Sparks,141/191,pk_78fd33d8a65a9b4d0a46e32370c0d20886d987c55b09775891c529920f7f05ad35650b31d75287ff5754096d29b103c1,Eternatus,SSP,SV08: Surging Sparks,0.22,0.01,15.19,,,,both,True,cache,set:name_suffix+card:name_number
2026-10-02-185207,2026-10-02T16:52:07Z,164,23651,31,Skeledirge,Surging Sparks,031/191,pk_f16db9de182cfb6083d218af939edc8c02171b79655d8a575dd3dbbae900d6c4259218acd7978b20bc90fdc5bd8c70,Skeledirge,SSP,SV08: Surging Sparks,0.23,0.01,19.82,,,,both,True,cache,set:name_suffix+card:name_number
2026-10-02-185207,2026-10-02T16:52:07Z,165,23651,86,Sylveon ex,Surging Sparks,086/191,pk_5707d10fd8369ec2f1f24eb14889bb83b7016a7905b023014f3063b775e0bdd97db3e9b3b46cbfa0a94702f75c954d,Sylveon ex,SSP,SV08: Surging Sparks,2.69,1.48,44,,,,both,True,cache,set:name_suffix+card:name_number
2026-10-02-185207,2026-10-02T16:52:07Z,118,2374,10,Ho-Oh (EB Games Exclusive),Miscellaneous Cards & Products,010/086,pk_99641324acffe938f1000c204b6267e10aba0335c7582f32ae04cfb4adf1a38a4a4941028e6c3df695f87edba65d,Abomasnow - 010/198 (Holiday Calendar),MCAP,Miscellaneous Cards & Products,0.52,0.2,19.82,,,,tcgplayer,True,cache,set:name_exact+card:set_number
2026-10-02-185207,2026-10-02T16:52:07Z,122,2374,125,Steelix (Cosmos Holo),Miscellaneous Cards & Products,125/182,pk_63187dec1b2cdb10faaf06e599df131598cb86715c672e91d9afd386c81753b03107f2a4e9ab8b832461002b6fb2a2,Steelix - 125/182 (Cosmos Holo),MCAP,Miscellaneous Cards & Products,10.78,7.6,94.44,,,,tcgplayer,True,cache,set:name_exact+card:name_number
2026-10-02-185207,2026-10-02T16:52:07Z,119,2374,19,Keldeo (Chaos Rising Stamped),Miscellaneous Cards & Products,019/086,pk_4def3ddb9cf6f5e8b358ea33cbf2b5dd00c93d01fcb0a89c5cc8cf8470c79baaa90c83ce0770a56ae9671b6c67ad,Charmeleon - 19/147 (Premium Collection Promo),MCAP,Miscellaneous Cards & Products,2.99,1,9999,,,,tcgplayer,True,cache,set:name_exact+card:set_number
2026-10-02-185207,2026-10-02T16:52:07Z,120,2374,48,Lapras (Holiday Calendar),Miscellaneous Cards & Products,048/202,pk_42d13c2e4a0cf744c1c21edde5aece9093bd8975ef8605f84dfc6d305bfad0a302451cd5dc17210ce9a14914d09f,Lapras - 048/202 (Holiday Calendar),MCAP,Miscellaneous Cards & Products,4.44,3.5,208.45,,,,tcgplayer,True,cache,set:name_exact+card:name_number
2026-10-02-185207,2026-10-02T16:52:07Z,121,2374,51,Pikachu (Pokemon Day 2026),Miscellaneous Cards & Products,051/162,pk_d4f24568d941a202fe8cbf136314d74c09ec8f45505cdeea665fa228eb9621dba15018f4618a1d7d86f0aca64826,Team Rocket's Articuno (Destined Rivals Stamp),MCAP,Miscellaneous Cards & Products,30.28,27,263.24,,,,tcgplayer,True,cache,set:name_exact+card:set_number
2026-10-02-185207,2026-10-02T16:52:07Z,167,23806,4,Pokegear 3.0,SV: Premium Trainer Box ex,004/028,pk_299fd3b222cbfa5c687c2459573a7743ca5c380973d35bc90f58f51d71f445677023997be85d83836d314471f7fe,Pokegear 3.0,svB,SV: Premium Trainer Box ex,,2,2,,,,both,True,cache,set:name_exact+card:name_number
2026-10-02-185207,2026-10-02T16:52:07Z,158,23821,59,Umbreon (Poke Ball Pattern),Prismatic Evolutions,059/131,pk_b1f5b1464aba9b6c5571ff23721b6705aa9b22fa212ebd30e52e06641b1605a9bd4aad790064217fdd563bdb9110aa,Umbreon,PRE,SV: Prismatic Evolutions,0.47,0.05,999,,,,both,True,cache,set:name_suffix+card:name_number
2026-10-02-185207,2026-10-02T16:52:07Z,157,23821,60,Umbreon ex,Prismatic Evolutions,060/131,pk_2b6d27a8bd0706fab12b1c79927ebd9b1be2680bf7a01e9b2287e3487906bb3a32bcccbcabc6f0c707dad8fb74abf7,Umbreon ex - 060/131,PRE,SV: Prismatic Evolutions,8.43,7,5000,,,,both,True,cache,set:name_suffix+card:name_number
2026-10-02-185207,2026-10-02T16:52:07Z,46,23898,25,Raikou EX (JP),Dark Rush,025/069,pk_7201316b5cf55d48877d41b59d146ac09251fb17057366bbdff613a658dd01f16ee92709aac4476fac6dffd2ade440,Raikou EX - 025/069,BW4,BW4: Dark Rush,8.13,6,8,,,,both,True,cache,set:name_suffix+card:name_number
2026-10-02-185207,2026-10-02T16:52:07Z,171,23909,92,Umbreon (JP),Terastal Festival ex,092/187,pk_4c3160078b4650174ea9bf9be70f740a408ed04b35aa42c9d29a2f95a41d1aa1925c143dcbcd513b75f9ab389b9c21,Umbreon,SV8a,SV8a: Terastal Fest ex,0.33,0.1,25,,,,both,True,cache,set:name_suffix+card:name_number
2026-10-02-185207,2026-10-02T16:52:07Z,79,24084,101,Mightyena ex,EX Holon Phantoms,101,pk_67f5b981f882f8227f8d48d5f974446a6d273030ec7b6af375d29392802f41ad8b0ee144e2f9f982e703c288d36b,Mightyena ex,HP,Holon Phantoms,99.99,74.99,200.01,,,,both,True,cache,set:name_fuzzy+card:name_number
2026-10-02-185207,2026-10-02T16:52:07Z,78,24084,63,Corphish (63),EX Holon Phantoms,63,pk_fdf090364ffa6990b3971ae357b5ae65e0a2dc6185ca0f2774d43898029e95457d62c813414433e4897773c7f8,Corphish - 063/110,HP,Holon Phantoms,0.37,0.15,19.82,,,,both,True,cache,set:name_fuzzy+card:name_number
2026-10-02-185207,2026-10-02T16:52:07Z,80,24084,80,Poochyena,EX Holon Phantoms,80,pk_d9edf81234590dbbad70bb58148381a6f4f0634f93ea548b8dea5d4f58b22895dd91316cdc66ac4a0a5e2d54dd,Poochyena,HP,Holon Phantoms,0.56,0.18,19.82,,,,both,True,cache,set:name_fuzzy+card:name_number
2026-10-02-185207,2026-10-02T16:52:07Z,51,2409,16,Lickitung (Holo Common),Detective Pikachu,16,pk_276d5b96e9f2113b490f393c244303c461cebf6485c759cd806f264d552b98fa8608b33a83e51d10a305fb1216,Lickitung (Holo Common),DEP,Detective Pikachu,0.43,0.1,5.6,,,,both,True,cache,set:name_exact+card:name_number
2026-10-02-185207,2026-10-02T16:52:07Z,52,2409,3,Morelull (Holo Common),Detective Pikachu,3,pk_c34ccdb4dae95dece608da5b7fbefeb08a745d2f21f5f5ca6c5f4611b40d002eeecdfd0765ae7d353bf82c60,Morelull (Holo Common),DEP,Detective Pikachu,0.37,0.05,18.2,,,,both,True,cache,set:name_exact+card:name_number
2026-10-02-185207,2026-10-02T16:52:07Z,50,24269,31,Team Rocket's Moltres ex,Destined Rivals,031/182,pk_fe5ffd94ab2efa61fd675d3f770a7afbb675808cd2636ebc962f577881d58578da8d880db3eb32ed7cb4acaf5b437d,Team Rocket's Moltres ex,DRI,SV10: Destined Rivals,0.9,0.29,50,,,,both,True,cache,set:name_suffix+card:name_number
2026-10-02-185207,2026-10-02T16:52:07Z,169,24310,68,Dark Machamp (JP),Team Rocket (Japanese),068,pk_876dc6c58cd715df1e523a8184fc6abbe908245e95e0f6a91e3519de1605485d3fc27dcadc2ba8b6e5c7fbaae58df1,Team Rocket's Muk,SV10,SV10: The Glory of Team Rocket,0.16,0.1,20,,,,both,True,cache,set:name_suffix+card:set_number
2026-10-02-185207,2026-10-02T16:52:07Z,6,,96,Drowzee (JP),Base Set (Japanese),096,,,,,,,,,,,,False,orphan,set:none
2026-10-02-185207,2026-10-02T16:52:07Z,7,,62,Poliwrath (JP),Base Set (Japanese),062,,,,,,,,,,,,False,orphan,set:none
2026-10-02-185207,2026-10-02T16:52:07Z,25,,53,Deoxys VMAX,Brave Stars (Charm),053/127,,,,,,,,,,,,False,orphan,set:none
2026-10-02-185207,2026-10-02T16:52:07Z,26,,19,Raichu V,Brave Stars (Charm),019/127,,,,,,,,,,,,False,orphan,set:none
2026-10-02-185207,2026-10-02T16:52:07Z,27,,129,Solrock,Brave Stars (Charm),129/127,,,,,,,,,,,,False,orphan,set:none
2026-10-02-185207,2026-10-02T16:52:07Z,28,,27,Zeraora V,Brave Stars (Charm),027/127,,,,,,,,,,,,False,orphan,set:none
2026-10-02-185207,2026-10-02T16:52:07Z,29,,113,Oranguru V,Brave Stars (Courage),113/128,,,,,,,,,,,,False,orphan,set:none
2026-10-02-185207,2026-10-02T16:52:07Z,30,,4,Radiant Venusaur,Brave Stars (Courage),004/128,,,,,,,,,,,,False,orphan,set:none
2026-10-02-185207,2026-10-02T16:52:07Z,31,,33,Serperior VSTAR,Brave Stars (Courage),033/128,,,,,,,,,,,,False,orphan,set:none
2026-10-02-185207,2026-10-02T16:52:07Z,87,,38,Blaine's Ninetales (JP),Gym Challenge (Japanese),038,,,,,,,,,,,,False,orphan,set:none
2026-10-02-185207,2026-10-02T16:52:07Z,93,,117,Misty's Seadra (JP),Gym Heroes (Japanese),117,,,,,,,,,,,,False,orphan,set:none
2026-10-02-185207,2026-10-02T16:52:07Z,131,,95,Onix (JP),Neo Genesis (Japanese),095,,,,,,,,,,,,False,orphan,set:none
2026-10-02-185207,2026-10-02T16:52:07Z,186,,60,Poliwag (JP),Vending Series 1 (Blue),060,,,,,,,,,,,,False,orphan,set:none
2026-10-02-190709,2026-10-02T17:07:09Z,111,-113,54,Slowpoke,Lost Thunder,54,2d03e057e6e3be88c6cd23dbfbd0afc4d3d3a0fc1142f1170129ef5d2eb28d9e,Slowpoke,LOT,,,,,,,,cardmarket,True,cache,set:name_exact+card:name_number
2026-10-02-190709,2026-10-02T17:07:09Z,1,-38,90,Roaring Moon ex (JP),Ancient Roar,090/066,pk_b15b78a21cb16a19c9934d004b37011522a8e8b52386bb71544a8e585b45952c55bf11d1852e051cbd9a110a02c8c5,Roaring Moon ex - 090/066,SV4K,SV4K: Ancient Roar,40.63,38,70,,,,both,True,cache,set:name_exact+card:name_number
2026-10-02-190709,2026-10-02T17:07:09Z,190,-42,80,Gastly (JP),Wild Force,080/071,pk_51b7bb31edf1939b662c9533110216e8a78391e1406d01d0d33503aad9131294e8038a7e215494b2508f352fe7f9ef,Gastly - 080/071,SV5K,SV5K: Wild Force,37.36,33,200,,,,both,True,cache,set:name_exact+card:name_number
2026-10-02-190709,2026-10-02T17:07:09Z,168,1373,17,Rainbow Energy (17),Team Rocket,17,pk_f3e9793a32fe072f5632e5f156bba775f9cb692b953be769991b53d4aed0a9d5dbc6910ad76ca744be005452,Rainbow Energy (17),TR,Team Rocket,40.67,31.11,471.34,,,,both,True,cache,set:name_exact+card:name_number
2026-10-02-190709,2026-10-02T17:07:09Z,107,1374,67,Abra,Legendary Collection,67,64758a9fba72ea94ca400f3642dfd462047ce2832943d1b05790c8a24daf7c4f,Abra,LC,,,,,,,,cardmarket,True,cache,set:name_exact+card:name_number
2026-10-02-190709,2026-10-02T17:07:09Z,108,1374,69,Caterpie,Legendary Collection,69,0bff60d5f45980ce17d24f5825446e36c780b53bf24085665b5920ccf4116652,Caterpie,LC,,,,,,,,cardmarket,True,cache,set:name_exact+card:name_number
2026-10-02-190709,2026-10-02T17:07:09Z,161,1384,8,Rayquaza C,Supreme Victors,8,pk_53542c3fd04fb92cd5a82cfa2eba564153cd487d9c80bcc1b4aca190c302f9b06d3c1c4a6a4411b8,Rayquaza C,SV,Supreme Victors,70.62,399,499.99,,,,both,True,cache,set:name_exact+card:name_number
2026-10-02-190709,2026-10-02T17:07:09Z,142,1385,73,Terrakion,Noble Victories,73,pk_29af6af6f1579d15f2dc8fbf301d7dcced9a1799b83987267e30342e1bf204df419ec41619e15fae2397df4146,Terrakion,NVI,Noble Victories,2.43,1.9,32.84,,,,both,True,cache,set:name_exact+card:name_number
2026-10-02-190709,2026-10-02T17:07:09Z,141,1385,84,Cobalion,Noble Victories,84,pk_33cb896ef57cbbe0d68f0df0b617bba574ae49a5bfbf93d1d417586c12beeb4c46097213d6aee86acd292a0134,Cobalion,NVI,Noble Victories,1.62,1,27.24,,,,both,True,cache,set:name_exact+card:name_number
2026-10-02-190709,2026-10-02T17:07:09Z,191,1387,68,Sableye,XY Base Set,68,pk_b3f70dbc61dfa59040555de8fcd10439bad07c0f7bdbaeb1c250913f148f6e29693e771be436b2bfb1686c893d,Sableye,XY,XY Base Set,0.53,0.2,14.99,,,,both,True,cache,set:name_exact+card:name_number
2026-10-02-190709,2026-10-02T17:07:09Z,132,1389,17,Entei (17),Neo Revelation,17,pk_a2178f6bd72942e0f3deafa700ac9da07409e5cbf5963f2060b67cd7203d72234ad97eec6e40d85b96bb966f,Entei (17),N3,Neo Revelation,82.23,35.89,848.84,,,,tcgplayer,True,cache,set:name_exact+card:name_number
2026-10-02-190709,2026-10-02T17:07:09Z,133,1389,18,Ho-oh,Neo Revelation,18,pk_5218d78169cd302950269c4fb4739d0b3b2cce7dd477873ff2a2aa22516b021157b28dd95285f629eec7237d,Ho-oh (18),N3,Neo Revelation,117.89,54.99,9999,,,,tcgplayer,True,cache,set:name_exact+card:name_number
2026-10-02-190709,2026-10-02T17:07:09Z,134,1389,20,Lugia,Neo Revelation,20,pk_7c352b230d2d259ab112797b5bef75c9e41525839963501e22b576261acc1cc20d71efc7b969dbae14e3170d,Lugia,N3,Neo Revelation,62.57,35,9999,,,,tcgplayer,True,cache,set:name_exact+card:name_number
2026-10-02-190709,2026-10-02T17:07:09Z,72,1395,64,Squirtle (64),EX Crystal Guardians,64,pk_5a4bc5089043695ae6d3c18175d66b321dc2d9fdc445cdf61812a7b102de446b767e5d2e6e62f07d30f9e11549,Squirtle - 064/100,CG,Crystal Guardians,17.2,4.18,96.27,,,,both,True,cache,set:name_fuzzy+card:name_number
2026-10-02-190709,2026-10-02T17:07:09Z,126,1396,57,Cyndaquil (57),Neo Genesis,57,pk_bfb8cfc6531175cd476d1b1f977a2a11de55edc419b184e945db3318471dfa971345194ed7aefa51384457c1aa,Cyndaquil (57),N1,Neo Genesis,14.09,2.5,96.95,,,,tcgplayer,True,cache,set:name_exact+card:name_number
2026-10-02-190709,2026-10-02T17:07:09Z,128,1396,65,Mareep,Neo Genesis,65,pk_e4adcb9d0a11061a1d241a92586f8bed99896ce37b6ce0be661494253bd9e9ed4f003a8c0c73874ed687b0fd2a,Mareep,N1,Neo Genesis,3.65,1.8,30,,,,tcgplayer,True,cache,set:name_exact+card:name_number
2026-10-02-190709,2026-10-02T17:07:09Z,129,1396,74,Snubbull,Neo Genesis,74,pk_aa787e8dc3ff3a4203b1e0768eb14cae7e9d09efa6b30aa1221901f2ac59f1ec943c7ebc9cc5ae5b03ba23e0e3,Snubbull,N1,Neo Genesis,2.27,1,50,,,,tcgplayer,True,cache,set:name_exact+card:name_number
2026-10-02-190709,2026-10-02T17:07:09Z,130,1396,80,Totodile (80),Neo Genesis,80,pk_fa6f1636ccd356a500d6a2af0720eda65816adaebd1fbacefaaa34f8e4f912587436ef87cfa8cf2ecd11ec4af1,Totodile (80),N1,Neo Genesis,1.92,0.4,90,,,,tcgplayer,True,cache,set:name_exact+card:name_number
2026-10-02-190709,2026-10-02T17:07:09Z,82,1398,27,Ho-oh,EX Unseen Forces,27/115,pk_62eed384aebb3470749ae32f6182b79013e340eb290a373b098b18c57f3b0f8b4d47084c06d64b7320270e40a3,Ho-Oh,UF,Unseen Forces,7.81,6.77,74.74,,,,both,True,cache,set:name_fuzzy+card:name_number
2026-10-02-190709,2026-10-02T17:07:09Z,81,1398,54,Cyndaquil,EX Unseen Forces,54/115,pk_00f37841c6bd4ab2ce421090745d1f2d849d935d0039943b7d9e8b3cf7f0d4e20abd27dcf2a93ad167fd7c7444,Cyndaquil,UF,Unseen Forces,2.6,0.4,44.6,,,,both,True,cache,set:name_fuzzy+card:name_number
2026-10-02-190709,2026-10-02T17:07:09Z,185,1403,10,Umbreon,Undaunted,10,pk_a2bba8e9e05f3edc963632ced6b84410adfb96ba54c9d82dc7b6cbbaba99d12fb7ead9923ba1651bd0bbc06b,Umbreon,UD,Undaunted,96.83,90,679.34,,,,both,True,cache,set:name_exact+card:name_number
2026-10-02-190709,2026-10-02T17:07:09Z,109,1409,15,Virizion,Legendary Treasures,15,pk_b6ec8b056fe45cccee2b5c65490dff417cde2717807cf5a3f2118655482d11fc65ffaced33f37c4a1c70ddf8fb,Virizion,LTR,Legendary Treasures,1.7,0.99,49.99,,,,both,True,cache,set:name_exact+card:name_number
2026-10-02-190709,2026-10-02T17:07:09Z,74,1410,102,Fire Energy,EX Emerald,102,pk_2d41fe6f6139544ef4c99bbda7da1321e6c2473445123eba8fb5665a1ac2c34d3c87ba43f30fdc46876ce8b5b577,Fire Energy,EM,Emerald,17.6,12.65,184.24,,,,both,True,cache,set:name_fuzzy+card:name_number
2026-10-02-190709,2026-10-02T17:07:09Z,156,1413,126,Virbank City Gym,Plasma Storm,126,pk_de79b0b95e8292740c0042a5d1a751ba4b4488dd327a543d06b2e9e4e855427d379c79dd1d83ed3284d479d87410,Virbank City Gym,PLS,Plasma Storm,5.13,3,47.14,,,,both,True,cache,set:name_exact+card:name_number
2026-10-02-190709,2026-10-02T17:07:09Z,77,1416,60,Doduo,EX Hidden Legends,60,pk_fd55e9b969ae651b8fa7e8e5266a9b19f4878b62f396394f68617090ad2e35707fdf137feef3622030025b6357,Doduo,HL,Hidden Legends,0.36,0.1,19.82,,,,both,True,cache,set:name_fuzzy+card:name_number
2026-10-02-190709,2026-10-02T17:07:09Z,110,1417,52,Dragonair,Legends Awakened,52,pk_8a5b982b9d66dfb7a2f80c28eb6f28939fe2bb3d8f9bc9ce315cb685e007f425185a8c93eb6253e66d5521401a,Dragonair,LA,Legends Awakened,12.96,6.2,109.74,,,,both,True,cache,set:name_exact+card:name_number
2026-10-02-190709,2026-10-02T17:07:09Z,75,1419,46,Poliwhirl,EX FireRed & LeafGreen,46,pk_7e69972295f1bdf2aa0b87d8423ec9f4692d6bf91ea90b3fcf9bca02ce73f96421c30587a05530932f6f8bf58d,Poliwhirl,RG,FireRed & LeafGreen,4.62,4.91,35,,,,both,True,cache,set:name_fuzzy+card:name_number
2026-10-02-190709,2026-10-02T17:07:09Z,76,1419,78,Seel,EX FireRed & LeafGreen,78,pk_4f7665e05b3800de8173476326fccbe6afe2f7dc2ddfd0483eddc541869cdcda3a3001ea292dbe2986c919a6e7,Seel,RG,FireRed & LeafGreen,0.49,0.1,16.7,,,,both,True,cache,set:name_fuzzy+card:name_number
2026-10-02-190709,2026-10-02T17:07:09Z,73,1429,41,Dragonair,EX Delta Species,41,dc964117624a66a340572753e70c3911df2a612d13b00a1a1a81a2b5fe867f45,Dragonair δ Delta Species,DS,,,,,,,,cardmarket,True,cache,set:name_fuzzy+card:set_number
2026-10-02-190709,2026-10-02T17:07:09Z,54,1430,117,Energy Search,Diamond and Pearl,117,pk_627f265dd3440d20a05ef0dcd6bbec10d568ec410646c19b78dbbc823804e63489ab9dfeb34e931ccfe78ad24e16,Energy Search,DP,Diamond and Pearl,0.18,0.02,19.82,,,,both,True,cache,set:name_exact+card:name_number
2026-10-02-190709,2026-10-02T17:07:09Z,55,1430,117,Energy Search,Diamond and Pearl,117,pk_627f265dd3440d20a05ef0dcd6bbec10d568ec410646c19b78dbbc823804e63489ab9dfeb34e931ccfe78ad24e16,Energy Search,DP,Diamond and Pearl,0.18,0.02,19.82,,,,both,True,cache,set:name_exact+card:name_number
2026-10-02-190709,2026-10-02T17:07:09Z,53,1430,43,Budew,Diamond and Pearl,43,pk_edbbf2c21eaaaefb3f0d1d60c919372329675b3d2bb64627fab910861cdacd46e47871441b8082e8d8dfb3e8c4,Budew,DP,Diamond and Pearl,4.57,0.99,52.94,,,,both,True,cache,set:name_exact+card:name_number
2026-10-02-190709,2026-10-02T17:07:09Z,125,1434,32,Umbreon (32),Neo Discovery,32,pk_ed3624519e47271257a82a3f6a3f932f50dad08b11a8244c3c2ca9103cd37f6356994c8ee8228cd98a12a01b,Umbreon (32),N2,Neo Discovery,300,300,499.98,,,,tcgplayer,True,cache,set:name_exact+card:name_number
2026-10-02-190709,2026-10-02T17:07:09Z,124,1434,66,Tyrogue,Neo Discovery,66,pk_cac6e18a7e92b7abc0fad72666632c2ab9ea52faae88fb360ae74fccd6961a2fba8edf81f3deee1731ec78be,Tyrogue,N2,Neo Discovery,3.29,1.86,32.12,,,,tcgplayer,True,cache,set:name_exact+card:name_number
2026-10-02-190709,2026-10-02T17:07:09Z,89,1441,106,Brock's Training Method,Gym Heroes,106,pk_6b727457ca0fe15c2fc1455db4d1de85bc326f2dede3de89c8e16022f7b6e5d6c5f6651d12bc8ea471b8267db956,Brock's Training Method,G1,Gym Heroes,1.14,0.35,5,,,,tcgplayer,True,cache,set:name_exact+card:name_number
2026-10-02-190709,2026-10-02T17:07:09Z,92,1441,123,Misty's Duel,Gym Heroes,123,pk_1f77393ac0c2cff342ce80e4f83d4b039d455da883d5c5279fddab9181415ee12a7a859d522a2813dc92f31dccc6,Misty's Duel,G1,Gym Heroes,5.42,2.2,52.94,,,,tcgplayer,True,cache,set:name_exact+card:name_number
2026-10-02-190709,2026-10-02T17:07:09Z,91,1441,130,Lightning Energy,Gym Heroes,130,pk_31445d60b6bb5b719f38c2fbfb7ec1ad316c2c0608bde333ce4c6d61430ed40e39e44c7a49e2d9e775fcad6fba70,Lightning Energy,G1,Gym Heroes,2.11,0.45,95.24,,,,tcgplayer,True,cache,set:name_exact+card:name_number
2026-10-02-190709,2026-10-02T17:07:09Z,90,1441,43,Erika's Exeggcute (43),Gym Heroes,43,pk_ce2f5fe6baf2c2ee69cc6351f20132fd26d97c44ae91ab0c41c80d8b84522dc955466e9fcf916deadb08659552,Erika's Exeggcute (43),G1,Gym Heroes,6.24,3.52,58.46,,,,tcgplayer,True,cache,set:name_exact+card:name_number
2026-10-02-190709,2026-10-02T17:07:09Z,88,1441,69,Brock's Onix (69),Gym Heroes,69,pk_77be89039c43b92eb361e15926069a70eec974f076112c64c03e232933427d1f44e3e9f182680b2e3cede82ff4,Brock's Onix (69),G1,Gym Heroes,1.74,0.39,96.95,,,,tcgplayer,True,cache,set:name_exact+card:name_number
2026-10-02-190709,2026-10-02T17:07:09Z,123,1444,50,Light Ninetales,Neo Destiny,50,pk_90c9aa90e01303ed97e47d1e17aa299194980574c93cabb92c989d8d47e184978f3557370507513063a9073903,Light Ninetales,N4,Neo Destiny,28.55,15,129.3,,,,tcgplayer,True,cache,set:name_exact+card:name_number
2026-10-02-190709,2026-10-02T17:07:09Z,32,1661,69,Kirlia,BREAKthrough,69,pk_04165b50e725d66eaffee189b9831eb4bc37ce0151511eeb25343f2dbd1324df881f1263efdfe8e9f4d6d764b4d7,Kirlia,BKT,XY - BREAKthrough,0.42,0.12,16.36,,,,both,True,cache,set:name_suffix+card:name_number
2026-10-02-190709,2026-10-02T17:07:09Z,45,17689,gg60,Cynthia's Ambition,Crown Zenith: Galarian Gallery,GG60/GG70,pk_712127e0870de9b9252d990b063298a6bf7ead2d0c0611226a78d2dfa663b50f959f345622031ee5a493e7c69215344b81b6,Cynthia's Ambition,CRZ:GG,Crown Zenith: Galarian Gallery,23.17,19.95,186.92,,,,tcgplayer,True,cache,set:name_exact+card:name_number
2026-10-02-190709,2026-10-02T17:07:09Z,48,1840,13,Delphox - 013/086 (Non-Holo),Deck Exclusives,013/086,pk_03ebb83d14b57b84681330d01e499341acafbe5e177020f9097fd22604a6e0ca355c8c49915557fa142dd1ad4323,Delphox - 13/124 (XY Fates Collide),PR,Deck Exclusives,0.58,0.19,1.99,,,,tcgplayer,True,cache,set:name_exact+card:name_number
2026-10-02-190709,2026-10-02T17:07:09Z,47,1840,29,Ampharos - 029/086 (Non-Holo),Deck Exclusives,029/086,pk_36201a98df0c9ae78b81ef0cc27a69e9ffeeadd3745e7909a7a7988e6493efd80af368b35bc12fc354e5a1b2a2a2,Empoleon - 29/108 (Battle Arena Deck Exclusive),PR,Deck Exclusives,1.97,0.8,96.95,,,,tcgplayer,True,cache,set:name_exact+card:set_number
2026-10-02-190709,2026-10-02T17:07:09Z,49,1840,8,Machamp,Deck Exclusives,008/102,pk_8c7b7d6e3edf91d796bbfd511ca99f2d9c72ee3088563624ad03d5c24ce4298026540a64ba52a45de8a82138bd,Noctowl - 8/123 (HeartGold & SoulSilver),PR,Deck Exclusives,2.39,0.75,31.14,,,,tcgplayer,True,cache,set:name_exact+card:set_number
2026-10-02-190709,2026-10-02T17:07:09Z,71,1842,14,Vulpix,Evolutions,14/108,pk_f439ddf01cdda1c193e07b1f7a8579f754d5d6799b046e6a4f340a57c175af830cfb2bfed332fe3d999c2ee69b76,Vulpix,EVO,XY - Evolutions,0.22,0.01,14.21,,,,both,True,cache,set:name_suffix+card:name_number
2026-10-02-190709,2026-10-02T17:07:09Z,64,1842,23,Poliwag,Evolutions,23/108,pk_0819f6da2d6e7da5c76e543c5dd6dc4f3162bc64b8d4e66c8539362415507e67e817a0c81388b1fefac1d7a780af,Poliwag,EVO,XY - Evolutions,0.21,0.01,17.74,,,,both,True,cache,set:name_suffix+card:name_number
2026-10-02-190709,2026-10-02T17:07:09Z,65,1842,23,Poliwag,Evolutions,23/108,pk_0819f6da2d6e7da5c76e543c5dd6dc4f3162bc64b8d4e66c8539362415507e67e817a0c81388b1fefac1d7a780af,Poliwag,EVO,XY - Evolutions,0.21,0.01,17.74,,,,both,True,cache,set:name_suffix+card:name_number
2026-10-02-190709,2026-10-02T17:07:09Z,58,1842,29,Dewgong,Evolutions,29/108,pk_b2598173a2061059e0ff134c979798d7e40d466d4b1ee6d98c57795859e75f60112609cde97b3bd1926f239a0301,Dewgong,EVO,XY - Evolutions,0.22,0.05,35,,,,both,True,cache,set:name_suffix+card:name_number
2026-10-02-190709,2026-10-02T17:07:09Z,70,1842,39,Voltorb,Evolutions,39/108,pk_1a97ca0d3795ebb70e28f553d93ef3bda9d89b5bfa09c74c39829ef3bb488ce964eda7f6cb428e5c4445eebf8735,Voltorb,EVO,XY - Evolutions,0.17,0.01,18.86,,,,both,True,cache,set:name_suffix+card:name_number
2026-10-02-190709,2026-10-02T17:07:09Z,63,1842,4,Metapod,Evolutions,4/108,pk_a799e04fc2c560e3ea4f7393942f49dfe800aa4842aed40122c90e0fcc57c30eee64a5b7ee52f5e1e7ebf47f32,Metapod,EVO,XY - Evolutions,0.23,0.03,19.82,,,,both,True,cache,set:name_suffix+card:name_number
2026-10-02-190709,2026-10-02T17:07:09Z,59,1842,55,Diglett,Evolutions,55/108,pk_1efb59dca55f4689b273a98c63edab3a34cf74f70db5330bedf49250bf4ec3872aa443ba30e16f6e03843f08985c,Diglett,EVO,XY - Evolutions,0.11,0.01,14.16,,,,both,True,cache,set:name_suffix+card:name_number
2026-10-02-190709,2026-10-02T17:07:09Z,62,1842,57,Machop,Evolutions,57/108,pk_c36c6e58796bca5e44144f023bfacdd05c068c8a10ab281049109b750884a5a984479434012ef3c73acffb09d2bf,Machop,EVO,XY - Evolutions,0.19,0.01,15,,,,both,True,cache,set:name_suffix+card:name_number
2026-10-02-190709,2026-10-02T17:07:09Z,66,1842,67,Raticate,Evolutions,67/108,pk_eb56671063893b0b293ca4c109207c2a54194a1680d79dbeb6f2c1b143c480747764b69e8d90a7d40860766d47de,Raticate,EVO,XY - Evolutions,0.17,0.05,15.42,,,,both,True,cache,set:name_suffix+card:name_number
2026-10-02-190709,2026-10-02T17:07:09Z,60,1842,69,Doduo,Evolutions,69/108,pk_fd41e9060e306f05974f417cbbc0c2e591921d9a77ac25027178757139e80af53d24a8d62de42ca03290d6792606,Doduo,EVO,XY - Evolutions,0.18,0.03,14.18,,,,both,True,cache,set:name_suffix+card:name_number
2026-10-02-190709,2026-10-02T17:07:09Z,56,1842,7,Beedrill,Evolutions,7/108,pk_1fcf283e441b3342c433bb78ebbb1fcff79f5451922691cede9e88e699e5b2f5d541cfae9bdc4b5111fea25a4b,Beedrill,EVO,XY - Evolutions,0.27,0.02,19.46,,,,both,True,cache,set:name_suffix+card:name_number
2026-10-02-190709,2026-10-02T17:07:09Z,68,1842,8,Tangela,Evolutions,8/108,pk_e9820aa9b912c585fe96eda94d5d0b368cffb3fde8c7d4027de48e08fe0ab2b5516f5edda651675dd4bf8b1d1d,Tangela,EVO,XY - Evolutions,0.24,0.01,15.84,,,,both,True,cache,set:name_suffix+card:name_number
2026-10-02-190709,2026-10-02T17:07:09Z,67,1842,86,Slowbro Spirit Link,Evolutions,86/108,pk_8bc5fc0280dff1f92b5cc5e5353a66bf978063e4814ee3799a913bb1ac9c35473582d6a7716a6c965adcd5cbaac4,Slowbro Spirit Link,EVO,XY - Evolutions,0.28,0.02,14.29,,,,both,True,cache,set:name_suffix+card:name_number
2026-10-02-190709,2026-10-02T17:07:09Z,69,1842,89,Venusaur Spirit Link,Evolutions,89/108,pk_c88e0902038bc125dac7920aadab4eb4562e6a8246cb47d38759aee34d7333a0ec0282e342155ce79c45cfbe93ef,Venusaur Spirit Link,EVO,XY - Evolutions,0.24,0.04,19.82,,,,both,True,cache,set:name_suffix+card:name_number
2026-10-02-190709,2026-10-02T17:07:09Z,61,1842,94,Lightning Energy,Evolutions,94/108,pk_8234acc2fcc1778fb8c6b2d33fd8c102de546b453ebfafaa50b5f89aef82e76e1cbd26294c5ce947043983b707ed,Lightning Energy,EVO,XY - Evolutions,0.21,0.06,19.12,,,,both,True,cache,set:name_suffix+card:name_number
2026-10-02-190709,2026-10-02T17:07:09Z,57,1842,97,Darkness Energy,Evolutions,97/108,pk_f9d9d0eae7cf3282639a7250f3cb86f63aac08c6d172f11afe8d113afc8879f7ed7d6a684a9bbfd911dee7a3cbe1,Darkness Energy,EVO,XY - Evolutions,1.5,0.98,24.52,,,,both,True,cache,set:name_suffix+card:name_number
2026-10-02-190709,2026-10-02T17:07:09Z,159,22873,253,Miraidon ex,Scarlet & Violet Base Set,253/198,pk_363201270d4afa467e4be33a8351a5f4b2f358887f1383b2db03bceaf749122fce4a599f009bb58ea6e1c5a5197b7dd6,Miraidon ex - 253/198,SVI,SV01: Scarlet & Violet Base Set,7.65,5,161.2,,,,tcgplayer,True,cache,set:name_suffix+card:name_number
2026-10-02-190709,2026-10-02T17:07:09Z,24,2289,13,Virizion,Blister Exclusives,13/101,pk_9f89b162479d4911badac9a6eaf65234a26d104f06ba8ede8274f754bc04fbacb145ad5811178c2a081e206102,Virizion,NVI,Noble Victories,1.98,0.95,24.74,,,,tcgplayer,True,cache,set:name_exact+card:name_number
2026-10-02-190709,2026-10-02T17:07:09Z,23,2289,60,Baxcalibur (Cosmos Holo),Blister Exclusives,060/193,pk_e34ef3412397fc0f79c6168194b12f5e4fc2c775d1d72c7716984574a43cb613c06b2802d789fb6594a7ad0c228a,Baxcalibur - 060/193 (Cosmos Holo),BLE,Blister Exclusives,0.46,0.25,1000,,,,tcgplayer,True,cache,set:name_exact+card:name_number
2026-10-02-190709,2026-10-02T17:07:09Z,143,23120,196,Sprigatito,Paldea Evolved,196/193,pk_0b82b4bba94c0731a12e2a86dfa75a49cd70740b92439abe5dc340aae8ea8a39142f74b3d40a22e876d4c87cef9aa2cb,Sprigatito - 196/193,PAL,SV02: Paldea Evolved,57.19,44.95,850.9,,,,both,True,cache,set:name_suffix+card:name_number
2026-10-02-190709,2026-10-02T17:07:09Z,166,23237,7,Basic Darkness Energy (Cosmos Holo),SV: 151,007,pk_6f4137bf148368ce862425e9deaa1fc4231c4e827977de635e2dd8b4a5d5a7ed4bae15c87d86070a2436169a2db2,Squirtle - 007/165,MEW,SV: Scarlet & Violet 151,0.29,0.05,18.38,,,,both,True,cache,set:name_exact+card:set_number
2026-10-02-190709,2026-10-02T17:07:09Z,179,23266,17,Trevenant,Trick or Trade BOOster Bundle 2023,017/196,pk_c785c6645803cad844ffa0348402d59762906a8400b0d0b60affb2baa33715a1be0eaf9d4716593c1cfa8590879ef2,Trevenant,TTBB23,Trick or Trade BOOster Bundle 2023,0.16,0.02,19.82,,,,both,True,cache,set:name_exact+card:name_number
2026-10-02-190709,2026-10-02T17:07:09Z,177,23266,62,Pikachu,Trick or Trade BOOster Bundle 2023,062/193,pk_39b3ca391673aa7658b679bd20a2656ba338145c12d1750266f7a72a0cd9d57a871674695d27288d92a9a9c6bb0f4a,Pikachu,TTBB23,Trick or Trade BOOster Bundle 2023,0.51,0.15,19.82,,,,both,True,cache,set:name_exact+card:name_number
2026-10-02-190709,2026-10-02T17:07:09Z,175,23266,71,Dusknoir,Trick or Trade BOOster Bundle 2023,071/185,pk_cdf02f8faa96c94a79cbe62be31c1cc99ddf0d62a4b910708344e88848cab0e99dc83936973b26ac5017acddca1162,Dusknoir,TTBB23,Trick or Trade BOOster Bundle 2023,0.14,0.01,19.82,,,,both,True,cache,set:name_exact+card:name_number
2026-10-02-190709,2026-10-02T17:07:09Z,174,23266,73,Banette,Trick or Trade BOOster Bundle 2023,073/196,pk_ca34e023b23731d857200e1712faa4fb7a21cdc1cd6a076bf7a0603cf55216cc0d7364202bbef3555595b06fd0fec9,Banette,TTBB23,Trick or Trade BOOster Bundle 2023,0.18,0.05,19.82,,,,both,True,cache,set:name_exact+card:name_number
2026-10-02-190709,2026-10-02T17:07:09Z,178,23266,90,Polteageist,Trick or Trade BOOster Bundle 2023,090/202,pk_d73bda19b8fadbd8a4838baf347cea905a6dca58bb6c9bb8e6be89e731aafce7259fadb406d8e6dc25c34bdf0c74d6,Polteageist,TTBB23,Trick or Trade BOOster Bundle 2023,0.13,0.01,19.82,,,,both,True,cache,set:name_exact+card:name_number
2026-10-02-190709,2026-10-02T17:07:09Z,176,23266,95,Lycanroc,Trick or Trade BOOster Bundle 2023,095/185,pk_0b38b47f75b088061535aeb3fd2d117c3242afa97dea930c874f41e82ac21b3419fcf479b0faf3a26eebca2247bb85,Lycanroc,TTBB23,Trick or Trade BOOster Bundle 2023,0.18,0.01,19.82,,,,both,True,cache,set:name_exact+card:name_number
2026-10-02-190709,2026-10-02T17:07:09Z,145,23286,118,Yveltal,Paradox Rift,118/182,pk_4e4c7e76ec48360da366a7c98f8220e9a6a247736e5790501de132b7b503776a1a621b1d9f08140f903883abff41757f,Yveltal - 118/182,PAR,SV04: Paradox Rift,0.16,0.01,3.34,,,,both,True,cache,set:name_suffix+card:name_number
2026-10-02-190709,2026-10-02T17:07:09Z,144,23286,74,Deoxys,Paradox Rift,074/182,pk_9b460b47b1052ab331fc145210c642e43b51738613ca52e0cb394bde7488360497dd8b59cbf3b568836ace0fed53d9,Deoxys,PAR,SV04: Paradox Rift,0.22,0.01,14.21,,,,both,True,cache,set:name_suffix+card:name_number
2026-10-02-190709,2026-10-02T17:07:09Z,173,23323,15,Lt. Surge's Rattata,Trading Card Game Classic,015/034,pk_1534a68a7b872490fcc7826df737781239b8725ad322c46ffc19d6484eb9ba903123ee79b7be5ac6ba3b43aa601731,Chansey,CL,Trading Card Game Classic,8.73,7.19,9999,,,,tcgplayer,True,cache,set:name_exact+card:set_number
2026-10-02-190709,2026-10-02T17:07:09Z,172,23323,16,Lt. Surge's Raticate,Trading Card Game Classic,016/034,pk_d66a1f89329ca1f6df363bb371eaf64dc3778e1c73e1e3702115734a5ddc7fdf836bdffc011cb7aaf95fe0b37a8b15,Snorlax,CL,Trading Card Game Classic,16.65,15.14,9999,,,,tcgplayer,True,cache,set:name_exact+card:set_number
2026-10-02-190709,2026-10-02T17:07:09Z,170,23381,104,Gengar ex,Temporal Forces,104/162,pk_4feed57d5fd7bbedc4eab7dfaef8d33457abf0f2389a648f84017b037f6ce04024fe053deecfdcb1ee6602cfd5e10ce7,Gengar ex - 104/162,TEF,SV05: Temporal Forces,6.37,3.99,143.8,,,,both,True,cache,set:name_suffix+card:name_number
2026-10-02-190709,2026-10-02T17:07:09Z,184,23473,221,Teal Mask Ogerpon ex,Twilight Masquerade,221/167,pk_8b4d48cb5c5b51c74c6fcdeaf44900eb4c1aeb4fe2ab52c6dda1419b792a8db52de0f3db8f34e5fe1f5d9bf6a88a34b0,Teal Mask Ogerpon ex - 221/167,TWM,SV06: Twilight Masquerade,9.19,7,999,,,,both,True,cache,set:name_suffix+card:name_number
2026-10-02-190709,2026-10-02T17:07:09Z,183,23473,29,Magcargo ex,Twilight Masquerade,029/167,pk_fa883eb13246646c37cc824b682d82256cdb102450199b68bee312211605694e7ec544d316450070c5831a059c89d5,Magcargo ex - 029/167,TWM,SV06: Twilight Masquerade,0.65,0.3,999,,,,both,True,cache,set:name_suffix+card:name_number
2026-10-02-190709,2026-10-02T17:07:09Z,182,23473,77,Iron Thorns ex,Twilight Masquerade,077/167,pk_59369de5820b1533f00d3027755314b72bf1fcc55c33280243c300b3510ba45917ebf9f9c85406d9920b5b26781cca,Iron Thorns ex - 077/167,TWM,SV06: Twilight Masquerade,0.67,0.34,999,,,,both,True,cache,set:name_suffix+card:name_number
2026-10-02-190709,2026-10-02T17:07:09Z,181,23561,130,Umbreon,Trick or Trade BOOster Bundle 2024,130/197,pk_edcfa36e5afcbd718e4df02b3e8fe316acc80d6a6f487dcf445b23e5ff9a1ffa1cfb0fd071a149802ea8b603e1150e40,Umbreon,TTBB24,Trick or Trade BOOster Bundle 2024,0.46,0.2,35,,,,both,True,cache,set:name_exact+card:name_number
2026-10-02-190709,2026-10-02T17:07:09Z,180,23561,96,Fezandipiti (Cosmos Holo),Trick or Trade BOOster Bundle 2024,096/167,pk_9fef717584ef3b96cbece4be62b203007be6079ac628dd45567bcbda75c3f32791c8db31c5b7f24bc793f2d1dcf924,Fezandipiti (Cosmos Holo),TTBB24,Trick or Trade BOOster Bundle 2024,0.23,0.05,19.82,,,,both,True,cache,set:name_exact+card:name_number
2026-10-02-190709,2026-10-02T17:07:09Z,21,23639,29,Hisuian Typhlosion VSTAR (JP),Battle Region,029/067,pk_a95dc44d3c30745127af62856982ae41523352b5e2d9d4bdcf23a8b7943422ad1eb052298f71971731d04bbb53586f,Hisuian Typhlosion VSTAR - 029/067,S9a,S9a: Battle Region,0.84,0.55,2.99,,,,both,True,cache,set:name_suffix+card:name_number
2026-10-02-190709,2026-10-02T17:07:09Z,160,23643,330,Zamazenta V (JP),Shiny Star V,330/190,pk_51d0ba46a4faeffccb66fb3c67a158ae034bff3019ea6e3543b18a3a3f0308d686816d787a8af7be8e5dbd634d746075,Zamazenta V - 330/190,S4a,S4a: Shiny Star V,9.92,9.45,13,,,,both,True,cache,set:name_suffix+card:name_number
2026-10-02-190709,2026-10-02T17:07:09Z,188,23645,115,Radiant Eternatus (JP),VSTAR Universe,115/172,pk_98e262de840f758e80fbe90931148798e7f00117b1f35fd725424f3ba8c587b13428decd99308594bae1d92119f5996d,Radiant Eternatus,S12a,S12a: VSTAR Universe,0.63,0.42,3.25,,,,both,True,cache,set:name_suffix+card:name_number
2026-10-02-190709,2026-10-02T17:07:09Z,189,23645,41,Zeraora VMAX (JP),VSTAR Universe,041/172,pk_b7e177a6b6849247185a2d7481a34e80068e3502fb1e961d33da58116279603e763fcc8468db9c79d9543929834a11,Zeraora VMAX - 041/172,S12a,S12a: VSTAR Universe,0.96,0.59,4.6,,,,both,True,cache,set:name_suffix+card:name_number
2026-10-02-190709,2026-10-02T17:07:09Z,187,23645,48,Gengar (JP),VSTAR Universe,048/172,pk_1b3305af20ac1686743867fb66dc9015f529edc54e80bf9935c9d2a4de0c57a9d6b1aad4bc60f65f1f58b0ba39f90b,Gengar,S12a,S12a: VSTAR Universe,2.6,1.85,5.99,,,,both,True,cache,set:name_suffix+card:name_number
2026-10-02-190709,2026-10-02T17:07:09Z,162,23651,133,Alolan Exeggutor ex,Surging Sparks,133/191,pk_a3a9e0bfcc50fff4210e45ed6138ad1cd462dbd1c48e023725a140a137f5c745e79ee5467b8dea605fabb063e647422e,Alolan Exeggutor ex - 133/191,SSP,SV08: Surging Sparks,0.79,0.3,20,,,,both,True,cache,set:name_suffix+card:name_number
2026-10-02-190709,2026-10-02T17:07:09Z,163,23651,141,Eternatus,Surging Sparks,141/191,pk_78fd33d8a65a9b4d0a46e32370c0d20886d987c55b09775891c529920f7f05ad35650b31d75287ff5754096d29b103c1,Eternatus,SSP,SV08: Surging Sparks,0.22,0.01,15.19,,,,both,True,cache,set:name_suffix+card:name_number
2026-10-02-190709,2026-10-02T17:07:09Z,164,23651,31,Skeledirge,Surging Sparks,031/191,pk_f16db9de182cfb6083d218af939edc8c02171b79655d8a575dd3dbbae900d6c4259218acd7978b20bc90fdc5bd8c70,Skeledirge,SSP,SV08: Surging Sparks,0.23,0.01,19.82,,,,both,True,cache,set:name_suffix+card:name_number
2026-10-02-190709,2026-10-02T17:07:09Z,165,23651,86,Sylveon ex,Surging Sparks,086/191,pk_5707d10fd8369ec2f1f24eb14889bb83b7016a7905b023014f3063b775e0bdd97db3e9b3b46cbfa0a94702f75c954d,Sylveon ex,SSP,SV08: Surging Sparks,2.69,1.48,44,,,,both,True,cache,set:name_suffix+card:name_number
2026-10-02-190709,2026-10-02T17:07:09Z,118,2374,10,Ho-Oh (EB Games Exclusive),Miscellaneous Cards & Products,010/086,pk_99641324acffe938f1000c204b6267e10aba0335c7582f32ae04cfb4adf1a38a4a4941028e6c3df695f87edba65d,Abomasnow - 010/198 (Holiday Calendar),MCAP,Miscellaneous Cards & Products,0.52,0.2,19.82,,,,tcgplayer,True,cache,set:name_exact+card:set_number
2026-10-02-190709,2026-10-02T17:07:09Z,122,2374,125,Steelix (Cosmos Holo),Miscellaneous Cards & Products,125/182,pk_63187dec1b2cdb10faaf06e599df131598cb86715c672e91d9afd386c81753b03107f2a4e9ab8b832461002b6fb2a2,Steelix - 125/182 (Cosmos Holo),MCAP,Miscellaneous Cards & Products,10.78,7.6,94.44,,,,tcgplayer,True,cache,set:name_exact+card:name_number
2026-10-02-190709,2026-10-02T17:07:09Z,119,2374,19,Keldeo (Chaos Rising Stamped),Miscellaneous Cards & Products,019/086,pk_4def3ddb9cf6f5e8b358ea33cbf2b5dd00c93d01fcb0a89c5cc8cf8470c79baaa90c83ce0770a56ae9671b6c67ad,Charmeleon - 19/147 (Premium Collection Promo),MCAP,Miscellaneous Cards & Products,2.99,1,9999,,,,tcgplayer,True,cache,set:name_exact+card:set_number
2026-10-02-190709,2026-10-02T17:07:09Z,120,2374,48,Lapras (Holiday Calendar),Miscellaneous Cards & Products,048/202,pk_42d13c2e4a0cf744c1c21edde5aece9093bd8975ef8605f84dfc6d305bfad0a302451cd5dc17210ce9a14914d09f,Lapras - 048/202 (Holiday Calendar),MCAP,Miscellaneous Cards & Products,4.44,3.5,208.45,,,,tcgplayer,True,cache,set:name_exact+card:name_number
2026-10-02-190709,2026-10-02T17:07:09Z,121,2374,51,Pikachu (Pokemon Day 2026),Miscellaneous Cards & Products,051/162,pk_d4f24568d941a202fe8cbf136314d74c09ec8f45505cdeea665fa228eb9621dba15018f4618a1d7d86f0aca64826,Team Rocket's Articuno (Destined Rivals Stamp),MCAP,Miscellaneous Cards & Products,30.28,27,263.24,,,,tcgplayer,True,cache,set:name_exact+card:set_number
2026-10-02-190709,2026-10-02T17:07:09Z,167,23806,4,Pokegear 3.0,SV: Premium Trainer Box ex,004/028,pk_299fd3b222cbfa5c687c2459573a7743ca5c380973d35bc90f58f51d71f445677023997be85d83836d314471f7fe,Pokegear 3.0,svB,SV: Premium Trainer Box ex,,2,2,,,,both,True,cache,set:name_exact+card:name_number
2026-10-02-190709,2026-10-02T17:07:09Z,158,23821,59,Umbreon (Poke Ball Pattern),Prismatic Evolutions,059/131,pk_b1f5b1464aba9b6c5571ff23721b6705aa9b22fa212ebd30e52e06641b1605a9bd4aad790064217fdd563bdb9110aa,Umbreon,PRE,SV: Prismatic Evolutions,0.47,0.05,999,,,,both,True,cache,set:name_suffix+card:name_number
2026-10-02-190709,2026-10-02T17:07:09Z,157,23821,60,Umbreon ex,Prismatic Evolutions,060/131,pk_2b6d27a8bd0706fab12b1c79927ebd9b1be2680bf7a01e9b2287e3487906bb3a32bcccbcabc6f0c707dad8fb74abf7,Umbreon ex - 060/131,PRE,SV: Prismatic Evolutions,8.43,7,5000,,,,both,True,cache,set:name_suffix+card:name_number
2026-10-02-190709,2026-10-02T17:07:09Z,46,23898,25,Raikou EX (JP),Dark Rush,025/069,pk_7201316b5cf55d48877d41b59d146ac09251fb17057366bbdff613a658dd01f16ee92709aac4476fac6dffd2ade440,Raikou EX - 025/069,BW4,BW4: Dark Rush,8.13,6,8,,,,both,True,cache,set:name_suffix+card:name_number
2026-10-02-190709,2026-10-02T17:07:09Z,171,23909,92,Umbreon (JP),Terastal Festival ex,092/187,pk_4c3160078b4650174ea9bf9be70f740a408ed04b35aa42c9d29a2f95a41d1aa1925c143dcbcd513b75f9ab389b9c21,Umbreon,SV8a,SV8a: Terastal Fest ex,0.33,0.1,25,,,,both,True,cache,set:name_suffix+card:name_number
2026-10-02-190709,2026-10-02T17:07:09Z,79,24084,101,Mightyena ex,EX Holon Phantoms,101,pk_67f5b981f882f8227f8d48d5f974446a6d273030ec7b6af375d29392802f41ad8b0ee144e2f9f982e703c288d36b,Mightyena ex,HP,Holon Phantoms,99.99,74.99,200.01,,,,both,True,cache,set:name_fuzzy+card:name_number
2026-10-02-190709,2026-10-02T17:07:09Z,78,24084,63,Corphish (63),EX Holon Phantoms,63,pk_fdf090364ffa6990b3971ae357b5ae65e0a2dc6185ca0f2774d43898029e95457d62c813414433e4897773c7f8,Corphish - 063/110,HP,Holon Phantoms,0.37,0.15,19.82,,,,both,True,cache,set:name_fuzzy+card:name_number
2026-10-02-190709,2026-10-02T17:07:09Z,80,24084,80,Poochyena,EX Holon Phantoms,80,pk_d9edf81234590dbbad70bb58148381a6f4f0634f93ea548b8dea5d4f58b22895dd91316cdc66ac4a0a5e2d54dd,Poochyena,HP,Holon Phantoms,0.56,0.18,19.82,,,,both,True,cache,set:name_fuzzy+card:name_number
2026-10-02-190709,2026-10-02T17:07:09Z,51,2409,16,Lickitung (Holo Common),Detective Pikachu,16,pk_276d5b96e9f2113b490f393c244303c461cebf6485c759cd806f264d552b98fa8608b33a83e51d10a305fb1216,Lickitung (Holo Common),DEP,Detective Pikachu,0.43,0.1,5.6,,,,both,True,cache,set:name_exact+card:name_number
2026-10-02-190709,2026-10-02T17:07:09Z,52,2409,3,Morelull (Holo Common),Detective Pikachu,3,pk_c34ccdb4dae95dece608da5b7fbefeb08a745d2f21f5f5ca6c5f4611b40d002eeecdfd0765ae7d353bf82c60,Morelull (Holo Common),DEP,Detective Pikachu,0.37,0.05,18.2,,,,both,True,cache,set:name_exact+card:name_number
2026-10-02-190709,2026-10-02T17:07:09Z,50,24269,31,Team Rocket's Moltres ex,Destined Rivals,031/182,pk_fe5ffd94ab2efa61fd675d3f770a7afbb675808cd2636ebc962f577881d58578da8d880db3eb32ed7cb4acaf5b437d,Team Rocket's Moltres ex,DRI,SV10: Destined Rivals,0.9,0.29,50,,,,both,True,cache,set:name_suffix+card:name_number
2026-10-02-190709,2026-10-02T17:07:09Z,169,24310,68,Dark Machamp (JP),Team Rocket (Japanese),068,pk_876dc6c58cd715df1e523a8184fc6abbe908245e95e0f6a91e3519de1605485d3fc27dcadc2ba8b6e5c7fbaae58df1,Team Rocket's Muk,SV10,SV10: The Glory of Team Rocket,0.16,0.1,20,,,,both,True,cache,set:name_suffix+card:set_number
2026-10-02-190709,2026-10-02T17:07:09Z,85,-240,702,Captain Pikachu (Poke Ball Pattern) (CN),Gem Pack,0702/09,,,,,,,,,,,,False,miss,set:name_partial+card:none
2026-10-02-190709,2026-10-02T17:07:09Z,86,-242,103,Captain Pikachu (Star Reverse Holo) (CN),Gem Pack Vol. 5,0103/07,,,,,,,,,,,,False,miss,set:name_exact+card:none
2026-10-02-190709,2026-10-02T17:07:09Z,127,1396,8,Kingdra,Neo Genesis,8,,,,,,,,,,,,False,miss,set:name_exact+card:reject
2026-10-02-190709,2026-10-02T17:07:09Z,106,23722,43,Oddish (JP),Jungle (Japanese),043,,,,,,,,,,,,False,miss,set:name_suffix+card:none
2026-10-02-190709,2026-10-02T17:07:09Z,83,23723,97,Hypno (JP),Fossil (Japanese),097,,,,,,,,,,,,False,miss,set:name_suffix+card:none
2026-10-02-190709,2026-10-02T17:07:09Z,94,24175,91,Misty's Cloyster (JP),Hanada City Gym Deck,091,,,,,,,,,,,,False,miss,set:name_fuzzy+card:none
2026-10-02-190709,2026-10-02T17:07:09Z,22,24325,160,Excadrill ex,Black Bolt,160/086,pk_0618f0c2d2f265c829e60c6b083d3c13d1d132378f4f0d0dbe3eee1beca9741608752a08a762723acb62e7a4eef0e484,Excadrill ex - 160/086,BLK,SV: Black Bolt,0.81,0.45,19.82,,,,both,True,fetched,set:name_suffix+card:name_number
2026-10-02-190709,2026-10-02T17:07:09Z,113,24399,29,Mega Lucario,Mega Brave,029/063,pk_4c6411ddd156628208cbc5a225cdc3541466822a14214104d8d21db537b477aa45551f7c5b3d6775dffefc59237d31,Mega Lucario ex - 029/063,m1L,m1L: Mega Brave,0.47,0.1,7.95,,,,both,True,fetched,set:name_suffix+card:set_number
2026-10-02-190709,2026-10-02T17:07:09Z,117,24451,48,Totodile,Mega Evolution Promos,048,pk_072207ad9297659e5746e52ec9c8bc39911ceacad70068fe9dbfe4ba8f8006f8e4a80539788f53cb6215db,Totodile - 048,MEP,ME: Mega Evolution Promo,10.36,8.25,750,,,,both,True,fetched,set:name_suffix+card:name_number
2026-10-02-190709,2026-10-02T17:07:09Z,116,24451,80,Fennekin (Pokemon Center Exclusive),Mega Evolution Promos,080,pk_bbab28d7c59388f77121c54255fcdeb17624eecf4f001e6d683de6cec6864e3772f9d4fbb13a07c004c804,Fennekin - 080 (Pokemon Center Exclusive),MEP,ME: Mega Evolution Promo,31.72,29.99,155,,,,both,True,fetched,set:name_suffix+card:name_number
2026-10-02-190709,2026-10-02T17:07:09Z,115,24451,9,Alakazam,Mega Evolution Promos,009,pk_c9aea0a8a0e8e48ec83de65e6f59edfb17980fca97d64f3296b742d679dba395e20cd7e42d2afea01f99,Alakazam - 009,MEP,ME: Mega Evolution Promo,7.17,6.49,197.6,,,,both,True,fetched,set:name_suffix+card:name_number
2026-10-02-190709,2026-10-02T17:07:09Z,112,24461,7,Basic Darkness Energy - 007,MEE: Mega Evolution Energies,7,pk_29e13b2117aaf263383ecb86799feb46bda50e73f455f5db614e5d2bf8438d6bc81fba0116dab31d98c9,Basic Darkness Energy - 007,MEE,MEE: Mega Evolution Energies,0.12,0.01,19.82,,,,both,True,fetched,set:name_exact+card:name_number
2026-10-02-190709,2026-10-02T17:07:09Z,114,24499,127,Rayquaza,MEGA Dream ex,127/193,pk_cfe5c592524d2b41f855597a9bd0914284acd7d6cf071b4b7aada58a9d31e2c5207e823c9e22e4a61840fee142b6719e,Rayquaza,M2a,MEGA Dream ex,0.41,0.04,2.48,,,,both,True,fetched,set:name_exact+card:name_number
2026-10-02-190709,2026-10-02T17:07:09Z,2,24541,105,Lunatone (Energy Symbol Pattern),Ascended Heroes,105/217,pk_d9793a6e167d65575e19e3ae7d60b8e5c439ac345bb527d4a3ae8133d48e961d604f14083371f0177c3dac1afce9a36c,Lunatone (Energy Symbol Pattern),ASC,ME: Ascended Heroes,0.3,0.19,19.82,,,,both,True,fetched,set:name_suffix+card:name_number
2026-10-02-190709,2026-10-02T17:07:09Z,148,24587,22,Lapras ex,Perfect Order,022/088,pk_6b6058efd9c802b1e389e3e8417beba544e9241a26832cdb57cb00689cbefae026c62e996e138527db0318cb5e5150,Lapras ex,POR,ME03: Perfect Order,0.55,0.24,48,,,,both,True,fetched,set:name_suffix+card:name_number
2026-10-02-190709,2026-10-02T17:07:09Z,151,24587,45,Tyrantrum,Perfect Order,045/088,pk_9a566c22d95bc1f0f907c0d57a0ad942b552a239c172dcb227c416d9fde6cab5c4d862169572858ea7b857c0379f29,Tyrantrum,POR,ME03: Perfect Order,0.2,0.01,19.82,,,,both,True,fetched,set:name_suffix+card:name_number
2026-10-02-190709,2026-10-02T17:07:09Z,152,24587,53,Yveltal ex,Perfect Order,053/088,pk_1e6522572a390cd7e5c23e5ecf2c9fac8b120535aa82c09d4f9984b7b812f64608d4cba43f14b12fd4e67b9b11085c,Yveltal ex - 053/088,POR,ME03: Perfect Order,0.58,0.17,78,,,,both,True,fetched,set:name_suffix+card:name_number
2026-10-02-190709,2026-10-02T17:07:09Z,149,24587,81,Poke Pad,Perfect Order,081/088,pk_931385744e03adf02b53d63b0b5181baad5effbce0bc1fff88795f53899430b69556d2ae8cbf4808da4f4d3251dc66,Poke Pad - 081/088,POR,ME03: Perfect Order,0.27,0.01,64,,,,both,True,fetched,set:name_suffix+card:name_number
2026-10-02-190709,2026-10-02T17:07:09Z,150,24587,84,Rosa's Encouragement,Perfect Order,084/088,pk_8810b78bc3a3bdebb9201f6d8a50758931d2f3254f984671f4aa3335e7510be08f22c912a94c54e06476864803a175,Rosa's Encouragement - 084/088,POR,ME03: Perfect Order,0.13,0.01,20,,,,both,True,fetched,set:name_suffix+card:name_number
2026-10-02-190709,2026-10-02T17:07:09Z,147,24587,95,Espurr,Perfect Order,095/088,pk_1721a12a511d93baa9516f9bac24a1f826618b9abb9ca54c213b15d7cab38af7e7933f1be49adc83c52a0c3af2ed63,Espurr - 095/088,POR,ME03: Perfect Order,3.27,2.4,95.2,,,,both,True,fetched,set:name_suffix+card:name_number
2026-10-02-190709,2026-10-02T17:07:09Z,146,24587,98,Doublade,Perfect Order,098/088,pk_65b2536d7639562b8ed8b08bb039fc5a5a4a2d9772d65a5d052364bb0d1aa5ae674a66119c5ddbe6da62810f93b620,Doublade - 098/088,POR,ME03: Perfect Order,1.77,0.95,52.12,,,,both,True,fetched,set:name_suffix+card:name_number
2026-10-02-190709,2026-10-02T17:07:09Z,136,24600,101,Energy Recycler,Nihil Zero,101/080,pk_9c6825b0e51299337bd4171d063d419e767b6d0949c4452ec445c03cbaf3712a5218ce42b18dbe523f795400781ea6da,Energy Recycler,M3,M3: Nihil Zero,0.43,0.18,6,,,,tcgplayer,True,fetched,set:name_suffix+card:name_number
2026-10-02-190709,2026-10-02T17:07:09Z,138,24600,80,Rock F Energy,Nihil Zero,080/080,pk_cfb5c669ddb308a8ee9dabd6031658f663f509fb054958d15a2aad15f53ea09003f45570a88b1c5ba2a0a5d2496dd3,Rock F Energy,M3,M3: Nihil Zero,0.19,0.03,1,,,,both,True,fetched,set:name_suffix+card:name_number
2026-10-02-190709,2026-10-02T17:07:09Z,139,24600,82,Rowlet,Nihil Zero,082/080,pk_ddc49b0cf6796ec8cf435b246c6a8257c09972ae1b0e369d24d820310692919136380a1e7c80f5e5708d26633411b4,Rowlet - 082/080,M3,M3: Nihil Zero,3.01,2,9.99,,,,both,True,fetched,set:name_suffix+card:name_number
2026-10-02-190709,2026-10-02T17:07:09Z,135,24600,86,Clefairy,Nihil Zero,086/080,pk_de54928af8a10d7c6a84bfe3840871f99a0f42044c3aa5eb7508ef7f226a837dff6e5b82aad099e3cfe88c7cff779b,Clefairy - 086/080,M3,M3: Nihil Zero,9.9,7.25,20,,,,both,True,fetched,set:name_suffix+card:name_number
2026-10-02-190709,2026-10-02T17:07:09Z,137,24600,92,Raticate,Nihil Zero,092/080,pk_d84f0bf5cc7339e3ae4ebb1ef8cefb16da930ea38c2c530e1d9f646f625033f7bb410e091493357a615ca2c1bbe051,Raticate - 092/080,M3,M3: Nihil Zero,1.61,1.18,9.99,,,,both,True,fetched,set:name_suffix+card:name_number
2026-10-02-190709,2026-10-02T17:07:09Z,140,24600,94,Salazzle ex,Nihil Zero,094/080,pk_4b12268f3d797639ba2b2117cccd74e1ae6d3656dc12d4bafe471d7e3f1562d9a01d801d6f21d179349320243e803b,Salazzle ex - 094/080,M3,M3: Nihil Zero,2.5,1.44,7.99,,,,both,True,fetched,set:name_suffix+card:name_number
2026-10-02-190709,2026-10-02T17:07:09Z,41,24655,15,Mega Pyroar ex,Chaos Rising,015/086,pk_224b6293e922be8add72b79b268ddbf6f6fc29379b467a99d31202dcbaebbe3515564f23b11759256771b08b6831a9,Mega Pyroar ex - 015/086,CRI,Chaos Rising,0.48,0.13,125,,,,both,True,fetched,set:name_exact+card:name_number
2026-10-02-190709,2026-10-02T17:07:09Z,35,24655,29,Ampharos,Chaos Rising,029/086,pk_8912572396bc175b9498b25dcc05ab149d7b85d6e8660f891cb7ae71d985887865c7cb398a2fcae7a4bd554c27d55e,Ampharos - 029/086,CRI,Chaos Rising,0.16,0.01,14.19,,,,both,True,fetched,set:name_exact+card:name_number
2026-10-02-190709,2026-10-02T17:07:09Z,36,24655,29,Ampharos,Chaos Rising,029/086,pk_8912572396bc175b9498b25dcc05ab149d7b85d6e8660f891cb7ae71d985887865c7cb398a2fcae7a4bd554c27d55e,Ampharos - 029/086,CRI,Chaos Rising,0.16,0.01,14.19,,,,both,True,fetched,set:name_exact+card:name_number
2026-10-02-190709,2026-10-02T17:07:09Z,42,24655,39,Trevenant,Chaos Rising,039/086,pk_aad6381922fcc3cbf9bbcd5247dbc22b3697208f336d6a279b7d7eff7c095ba5c75e52791d62240725542177161b50,Trevenant,CRI,Chaos Rising,0.13,0.01,14.12,,,,both,True,fetched,set:name_exact+card:name_number
2026-10-02-190709,2026-10-02T17:07:09Z,44,24655,42,Xerneas,Chaos Rising,042/086,pk_2f6bd60362838c31140be07b64d2eb15545ce5adce40884309d9c05fed0be03494a579ff44e3976e6a849b1e24d3a4,Xerneas - 042/086,CRI,Chaos Rising,0.17,0.01,14.19,,,,both,True,fetched,set:name_exact+card:name_number
2026-10-02-190709,2026-10-02T17:07:09Z,40,24655,51,Crobat,Chaos Rising,051/086,pk_9abd30c72116d9b09a1f81ea12d63a4d79189295c65f43f7d6649f7a8a68b65ca91cc8e56044c6d845409c2b8e9a4c,Crobat - 051/086,CRI,Chaos Rising,0.14,0.01,14.14,,,,both,True,fetched,set:name_exact+card:name_number
2026-10-02-190709,2026-10-02T17:07:09Z,38,24655,7,Chesnaught,Chaos Rising,007/086,pk_57715dc09938ab68315ed4b1f8691cddd1f8707e4235d145a966e7501fc3894c06bbac4fb213eb4358b00d005dc0,Chesnaught,CRI,Chaos Rising,0.2,0.01,14.2,,,,both,True,fetched,set:name_exact+card:name_number
2026-10-02-190709,2026-10-02T17:07:09Z,39,24655,73,Cinccino ex,Chaos Rising,073/086,pk_0559fdc21cd36726cfa912643828a288aaecf192123e3ee9a26db6df8264bf79de0593574b41adc20af694df9c71bf,Cinccino ex - 073/086,CRI,Chaos Rising,0.63,0.05,999.99,,,,both,True,fetched,set:name_exact+card:name_number
2026-10-02-190709,2026-10-02T17:07:09Z,37,24655,84,Bubbly Water Energy,Chaos Rising,084/086,pk_f6bff30a1f8eb6a35ef87a3a15fed48a69cbbf1d9dc9688599595df98d521607f6a790b127555d02bd83ed501f6554,Bubbly W Energy,CRI,Chaos Rising,0.16,0.01,20,,,,both,True,fetched,set:name_exact+card:set_number
2026-10-02-190709,2026-10-02T17:07:09Z,43,24655,91,Xerneas,Chaos Rising,091/086,pk_7f1a7f8dc703a55cc3dbe026bfa63e965a50d369e9621ab1c17a6310a310c614d8f8fc6357578bfe5a6da30962c829,Xerneas - 091/086,CRI,Chaos Rising,5.32,4,79.99,,,,both,True,fetched,set:name_exact+card:name_number
2026-10-02-190709,2026-10-02T17:07:09Z,153,24688,107,Energy Switch,Pitch Black,107/084,pk_174b40e586b34a845403b8a3dc6833d0177b8b2dc45416e41440cb3af89eda8070707e460e930a3cd2ecee2342b7998c,Energy Switch,PBL,Pitch Black,2.06,1.05,22.49,,,,both,True,fetched,set:name_exact+card:name_number
2026-10-02-190709,2026-10-02T17:07:09Z,154,24688,83,Shadowy Darkness Energy,Pitch Black,083/084,pk_ea680540faf273481e5584c300b5f805752b335a1cf1ba19313afb2b6a5cb40f4185a0982d1bdbfc87b3556139f3e5,Shadowy Darkness Energy,PBL,Pitch Black,0.16,0.01,44,,,,both,True,fetched,set:name_exact+card:name_number
2026-10-02-190709,2026-10-02T17:07:09Z,155,24688,90,Slowbro,Pitch Black,090/084,pk_a0a77deb608aad78a2a90a81eac06fff9699e0e7d9eac861af4a7f7fbfca21fc3b1af30d60645f7999067dd2e30395,Slowbro - 090/084,PBL,Pitch Black,6.54,5.69,49.99,,,,both,True,fetched,set:name_exact+card:name_number
2026-10-02-190709,2026-10-02T17:07:09Z,84,2906,218,Greedent VMAX,Fusion Strike,218/264,pk_96e44171d7d3b664d630be7c01bbf54eb7039a07d79558fdf417afdddf3eac621f7599ad764e326fdfa062f910596c,Greedent VMAX,SWSH08,SWSH08: Fusion Strike,1.45,0.75,49.99,,,,both,True,fetched,set:name_suffix+card:name_number
2026-10-02-190709,2026-10-02T17:07:09Z,34,2931,76,M Rayquaza EX,Celebrations: Classic Collection,76/108,pk_43f54df40801d2a0f26a58c5b2d812283721022e96a87e8968b763f35ea56d9261d385e23e30f174559ab27b3f7c,M Rayquaza EX,CCC,Celebrations: Classic Collection,36.64,33.29,5000,,,,both,True,fetched,set:name_exact+card:name_number
2026-10-02-190709,2026-10-02T17:07:09Z,33,2948,0,Psychic Energy (2022 Unnumbered),Brilliant Stars,,pk_c39006e1899502137dd1afdbe95f9ad83e3e3bf4006ec6c6c0ef526e8e06d7dd2bb0cf2f09f5cc2521,Brilliant Stars Booster Box,SWSH09,SWSH09: Brilliant Stars,569.81,524.01,5000,,,,tcgplayer,True,fetched,set:name_suffix+card:set_number
2026-10-02-190709,2026-10-02T17:07:09Z,8,604,1,Alakazam,Base Set (Unlimited),1,,,,,,,,,,,,False,miss,set:name_exact+card:reject
2026-10-02-190709,2026-10-02T17:07:09Z,20,604,14,Raichu,Base Set (Unlimited),14,pk_f48f0fa08d7d86139bffba53364d2e8d72d66c897bc1a5ea82879cec61881d77b42530a230a012f0d110d94d,Raichu,BS,Base Set,67.47,43.3,392.64,,,,both,True,fetched,set:name_exact+card:name_number
2026-10-02-190709,2026-10-02T17:07:09Z,11,604,20,Electabuzz,Base Set (Unlimited),20,pk_c3520f841b7feceb93a0e3346b9bcae004214b8c25c51e2bf51d35fd37a5a01ecec76078e0ff6a74b4c44458,Electabuzz,BS,Base Set,9.97,4.26,96.95,,,,both,True,fetched,set:name_exact+card:name_number
2026-10-02-190709,2026-10-02T17:07:09Z,9,604,24,Charmeleon,Base Set (Unlimited),24,pk_63059498412d098576b08dc76b1928cb9f5f94c5d144fc3cb6a7434cf6edf080ccede894abf811b59693f4cd,Charmeleon,BS,Base Set,3.33,0.33,39.99,,,,both,True,fetched,set:name_exact+card:name_number
2026-10-02-190709,2026-10-02T17:07:09Z,13,604,27,Farfetch'd,Base Set (Unlimited),27,pk_5026dc6e5fe4605ebf0f11f4a27033d39e9fa60e25cce4868d62da9877df92acda968e4300a3ecd274cab845,Farfetch'd,BS,Base Set,1.42,0.2,96.51,,,,both,True,fetched,set:name_exact+card:name_number
2026-10-02-190709,2026-10-02T17:07:09Z,15,604,30,Ivysaur,Base Set (Unlimited),30,pk_f41e61e6d58662cfe5e61c8f2c084ca103cf6276933330c2a8fb2bad75b234ff921a4cb083385fbec4262b2b,Ivysaur,BS,Base Set,5.59,0.7,250,,,,both,True,fetched,set:name_exact+card:name_number
2026-10-02-190709,2026-10-02T17:07:09Z,16,604,32,Kadabra,Base Set (Unlimited),32,pk_ce4f3dac65006043ae6bfcd894e752dc8f81e4ce38341ba89419ee69d510b088c665d7c1ed1806198d820c04,Kadabra,BS,Base Set,2.72,0.4,9999,,,,both,True,fetched,set:name_exact+card:name_number
2026-10-02-190709,2026-10-02T17:07:09Z,10,604,48,Doduo,Base Set (Unlimited),48,pk_aad9c0422a7884cc8bdbbdc68c5b096d0f43e4c6c54de94d4b363444f04a8d43cdb46d014c0c74d6345e3ddf,Doduo,BS,Base Set,1.16,0.35,44.99,,,,both,True,fetched,set:name_exact+card:name_number
2026-10-02-190709,2026-10-02T17:07:09Z,14,604,50,Gastly,Base Set (Unlimited),50,pk_bc79fe1ffab8c7b0c88d2640f76c92180961be567645a36a7d574cec4b138c9e24af7778f9119c300e6a0938,Gastly,BS,Base Set,1.22,0.11,20.6,,,,both,True,fetched,set:name_exact+card:name_number
2026-10-02-190709,2026-10-02T17:07:09Z,17,604,55,Nidoran M,Base Set (Unlimited),55,pk_7d26c7ba9fdf1e8c9b3020c9aae40f2f7dbe5ec9786fbba5175767680b76acb258705e84a22364805eaf7954,Nidoran M,BS,Base Set,0.77,0.2,50,,,,both,True,fetched,set:name_exact+card:name_number
2026-10-02-190709,2026-10-02T17:07:09Z,18,604,58,Pikachu,Base Set (Unlimited),58,pk_25f404f23fc742cedbecc9f124cd4ce940eae98f175f66f0199b55b6ef6712372e947bd568d7442b9cb43082,Pikachu,BS,Base Set,11.56,3.66,1000,,,,both,True,fetched,set:name_exact+card:name_number
2026-10-02-190709,2026-10-02T17:07:09Z,19,604,59,Poliwag,Base Set (Unlimited),59,pk_f945e7d65b5134d135ce9f68bcbabfbc647e0cead6762814ea0fcdd71b17fdc9dcb6eb83c63b9ea56f9d6395,Poliwag,BS,Base Set,0.9,0.2,1500,,,,both,True,fetched,set:name_exact+card:name_number
2026-10-02-190709,2026-10-02T17:07:09Z,12,604,81,Energy Retrieval,Base Set (Unlimited),81,pk_00b5dc543b178932c9fa2e714434bfd47060ff72e206017db203799a9b3b44c92858686710e4387c48aefe3d,Energy Retrieval,BS,Base Set,0.63,0.1,17.94,,,,both,True,fetched,set:name_exact+card:name_number
2026-10-02-190709,2026-10-02T17:07:09Z,4,605,10,Mewtwo,Base Set 2,10,pk_1b7e570e10be97b3432489762909c6b4fae75deb5d4a62171c9e8f0e53cf5461ca105224c1b670a5d5bad4ca,Mewtwo,BS2,Base Set 2,103.56,47.99,680.84,,,,both,True,fetched,set:name_exact+card:name_number
2026-10-02-190709,2026-10-02T17:07:09Z,3,605,69,Charmander,Base Set 2,69,pk_3bf1618e2dd102f9bed90065dec525c07e0b93d05c36dbe30b110bcab2eb3d7c997bbe84b3c01e806229dd9c,Charmander,BS2,Base Set 2,1.8,0.4,7,,,,both,True,fetched,set:name_exact+card:name_number
2026-10-02-190709,2026-10-02T17:07:09Z,5,605,97,Venonat,Base Set 2,97,pk_ba7c59b82958296edc9a47f3e48acddd7eca64a1fb5b9eed6a2f4140a20a5aaaa7e487db6c1a8e3d15762ec5,Venonat,BS2,Base Set 2,1.17,0.29,29.8,,,,both,True,fetched,set:name_exact+card:name_number
2026-10-02-190709,2026-10-02T17:07:09Z,102,635,20,Jolteon,Jungle,20,pk_461527c83f7a290bee7155a0b343b55dfcab32d41b02bb6d40ee319eec4064ef8669f2086fb6d78b045d234f,Jolteon (20),JU,Jungle,25.43,9,110,,,,both,True,fetched,set:name_exact+card:name_number
2026-10-02-190709,2026-10-02T17:07:09Z,95,635,33,Butterfree,Jungle,33,pk_7d11d50a6d50847c77bd6823d254485585acd8a9c2e40d0cc6148bcd3acd7b480fba6ecd86f5d558759c03,Butterfree,JU,Jungle,1.86,0.37,30,,,,both,True,fetched,set:name_exact+card:name_number
2026-10-02-190709,2026-10-02T17:07:09Z,98,635,36,Fearow,Jungle,36,pk_7e3a78e7e005eddf094729eaa73e441d78cebe7da414613e942119c74e0fd5b01ef817ccd9db0271c91167,Fearow,JU,Jungle,1.07,0.25,24.6,,,,both,True,fetched,set:name_exact+card:name_number
2026-10-02-190709,2026-10-02T17:07:09Z,101,635,4,Jolteon,Jungle,4,,,,,,,,,,,,False,miss,set:name_exact+card:reject
2026-10-02-190709,2026-10-02T17:07:09Z,103,635,45,Rhydon,Jungle,45,pk_90c98b7b8dee6dc2e6ab93a853e288889d7f362464451e75c2208d78844dad2d7dec7300849d9381487269,Rhydon,JU,Jungle,10.66,4.07,96.95,,,,both,True,fetched,set:name_exact+card:name_number
2026-10-02-190709,2026-10-02T17:07:09Z,105,635,48,Weepinbell,Jungle,48,pk_0e47420544a15eaa773e785d8827938dcdb514cd1937eb0d034abbc2192a86eb990aa794f3d79635bc51ce,Weepinbell,JU,Jungle,3.74,1,96.95,,,,both,True,fetched,set:name_exact+card:name_number
2026-10-02-190709,2026-10-02T17:07:09Z,96,635,50,Cubone,Jungle,50,pk_8c13e61fad444fe18ddf721dee999050236fb0eceecf8cc2b331c0a4e6f8b2cd486955d58ebff6a1129f66,Cubone,JU,Jungle,13.23,3.5,96.95,,,,both,True,fetched,set:name_exact+card:name_number
2026-10-02-190709,2026-10-02T17:07:09Z,97,635,52,Exeggcute,Jungle,52,pk_27e3f6859943ea1f8ad4c56dcaf539f4008f8e91966d17bc22f301ed9cc09e96b03c03d67313ebdab10847,Exeggcute,JU,Jungle,2.54,0.88,96.95,,,,both,True,fetched,set:name_exact+card:name_number
2026-10-02-190709,2026-10-02T17:07:09Z,99,635,53,Goldeen,Jungle,53,pk_806c748371a08df608e2e5af4de74ae4e835596ec37678dab2b0c582b2b1f0a66471574d1687b6ed8be27e,Goldeen,JU,Jungle,0.46,0.14,15.32,,,,both,True,fetched,set:name_exact+card:name_number
2026-10-02-190709,2026-10-02T17:07:09Z,100,635,54,Jigglypuff,Jungle,54,pk_d780213ed78195def48858d2d12e3eb1c489cc01581ff04cc21077dfa3681bdc048cd8b37a94b51452b8c0,Jigglypuff,JU,Jungle,7.17,2.96,96.95,,,,both,True,fetched,set:name_exact+card:name_number
2026-10-02-190709,2026-10-02T17:07:09Z,104,635,61,Rhyhorn,Jungle,61,pk_2a33203e3fba2955abc3eb875171c776b475cac6e9a9d3820e714f06d66b38f444cd5d635351e2a09e4b28,Rhyhorn,JU,Jungle,2.71,0.88,96.95,,,,both,True,fetched,set:name_exact+card:name_number
2026-10-02-190709,2026-10-02T17:07:09Z,6,,96,Drowzee (JP),Base Set (Japanese),096,,,,,,,,,,,,False,orphan,set:none
2026-10-02-190709,2026-10-02T17:07:09Z,7,,62,Poliwrath (JP),Base Set (Japanese),062,,,,,,,,,,,,False,orphan,set:none
2026-10-02-190709,2026-10-02T17:07:09Z,25,,53,Deoxys VMAX,Brave Stars (Charm),053/127,,,,,,,,,,,,False,orphan,set:none
2026-10-02-190709,2026-10-02T17:07:09Z,26,,19,Raichu V,Brave Stars (Charm),019/127,,,,,,,,,,,,False,orphan,set:none
2026-10-02-190709,2026-10-02T17:07:09Z,27,,129,Solrock,Brave Stars (Charm),129/127,,,,,,,,,,,,False,orphan,set:none
2026-10-02-190709,2026-10-02T17:07:09Z,28,,27,Zeraora V,Brave Stars (Charm),027/127,,,,,,,,,,,,False,orphan,set:none
2026-10-02-190709,2026-10-02T17:07:09Z,29,,113,Oranguru V,Brave Stars (Courage),113/128,,,,,,,,,,,,False,orphan,set:none
2026-10-02-190709,2026-10-02T17:07:09Z,30,,4,Radiant Venusaur,Brave Stars (Courage),004/128,,,,,,,,,,,,False,orphan,set:none
2026-10-02-190709,2026-10-02T17:07:09Z,31,,33,Serperior VSTAR,Brave Stars (Courage),033/128,,,,,,,,,,,,False,orphan,set:none
2026-10-02-190709,2026-10-02T17:07:09Z,87,,38,Blaine's Ninetales (JP),Gym Challenge (Japanese),038,,,,,,,,,,,,False,orphan,set:none
2026-10-02-190709,2026-10-02T17:07:09Z,93,,117,Misty's Seadra (JP),Gym Heroes (Japanese),117,,,,,,,,,,,,False,orphan,set:none
2026-10-02-190709,2026-10-02T17:07:09Z,131,,95,Onix (JP),Neo Genesis (Japanese),095,,,,,,,,,,,,False,orphan,set:none
2026-10-02-190709,2026-10-02T17:07:09Z,186,,60,Poliwag (JP),Vending Series 1 (Blue),060,,,,,,,,,,,,False,orphan,set:none
2026-10-02-192342,2026-10-02T17:23:42Z,111,-113,54,Slowpoke,Lost Thunder,54,2d03e057e6e3be88c6cd23dbfbd0afc4d3d3a0fc1142f1170129ef5d2eb28d9e,Slowpoke,LOT,,,,,,,,cardmarket,True,cache,set:name_exact+card:name_number
2026-10-02-192342,2026-10-02T17:23:42Z,1,-38,90,Roaring Moon ex (JP),Ancient Roar,090/066,pk_b15b78a21cb16a19c9934d004b37011522a8e8b52386bb71544a8e585b45952c55bf11d1852e051cbd9a110a02c8c5,Roaring Moon ex - 090/066,SV4K,SV4K: Ancient Roar,40.63,38,70,,,,both,True,cache,set:name_exact+card:name_number
2026-10-02-192342,2026-10-02T17:23:42Z,190,-42,80,Gastly (JP),Wild Force,080/071,pk_51b7bb31edf1939b662c9533110216e8a78391e1406d01d0d33503aad9131294e8038a7e215494b2508f352fe7f9ef,Gastly - 080/071,SV5K,SV5K: Wild Force,37.36,33,200,,,,both,True,cache,set:name_exact+card:name_number
2026-10-02-192342,2026-10-02T17:23:42Z,168,1373,17,Rainbow Energy (17),Team Rocket,17,pk_f3e9793a32fe072f5632e5f156bba775f9cb692b953be769991b53d4aed0a9d5dbc6910ad76ca744be005452,Rainbow Energy (17),TR,Team Rocket,40.67,31.11,471.34,,,,both,True,cache,set:name_exact+card:name_number
2026-10-02-192342,2026-10-02T17:23:42Z,107,1374,67,Abra,Legendary Collection,67,64758a9fba72ea94ca400f3642dfd462047ce2832943d1b05790c8a24daf7c4f,Abra,LC,,,,,,,,cardmarket,True,cache,set:name_exact+card:name_number
2026-10-02-192342,2026-10-02T17:23:42Z,108,1374,69,Caterpie,Legendary Collection,69,0bff60d5f45980ce17d24f5825446e36c780b53bf24085665b5920ccf4116652,Caterpie,LC,,,,,,,,cardmarket,True,cache,set:name_exact+card:name_number
2026-10-02-192342,2026-10-02T17:23:42Z,161,1384,8,Rayquaza C,Supreme Victors,8,pk_53542c3fd04fb92cd5a82cfa2eba564153cd487d9c80bcc1b4aca190c302f9b06d3c1c4a6a4411b8,Rayquaza C,SV,Supreme Victors,70.62,399,499.99,,,,both,True,cache,set:name_exact+card:name_number
2026-10-02-192342,2026-10-02T17:23:42Z,142,1385,73,Terrakion,Noble Victories,73,pk_29af6af6f1579d15f2dc8fbf301d7dcced9a1799b83987267e30342e1bf204df419ec41619e15fae2397df4146,Terrakion,NVI,Noble Victories,2.43,1.9,32.84,,,,both,True,cache,set:name_exact+card:name_number
2026-10-02-192342,2026-10-02T17:23:42Z,141,1385,84,Cobalion,Noble Victories,84,pk_33cb896ef57cbbe0d68f0df0b617bba574ae49a5bfbf93d1d417586c12beeb4c46097213d6aee86acd292a0134,Cobalion,NVI,Noble Victories,1.62,1,27.24,,,,both,True,cache,set:name_exact+card:name_number
2026-10-02-192342,2026-10-02T17:23:42Z,191,1387,68,Sableye,XY Base Set,68,pk_b3f70dbc61dfa59040555de8fcd10439bad07c0f7bdbaeb1c250913f148f6e29693e771be436b2bfb1686c893d,Sableye,XY,XY Base Set,0.53,0.2,14.99,,,,both,True,cache,set:name_exact+card:name_number
2026-10-02-192342,2026-10-02T17:23:42Z,132,1389,17,Entei (17),Neo Revelation,17,pk_a2178f6bd72942e0f3deafa700ac9da07409e5cbf5963f2060b67cd7203d72234ad97eec6e40d85b96bb966f,Entei (17),N3,Neo Revelation,82.23,35.89,848.84,,,,tcgplayer,True,cache,set:name_exact+card:name_number
2026-10-02-192342,2026-10-02T17:23:42Z,133,1389,18,Ho-oh,Neo Revelation,18,pk_5218d78169cd302950269c4fb4739d0b3b2cce7dd477873ff2a2aa22516b021157b28dd95285f629eec7237d,Ho-oh (18),N3,Neo Revelation,117.89,54.99,9999,,,,tcgplayer,True,cache,set:name_exact+card:name_number
2026-10-02-192342,2026-10-02T17:23:42Z,134,1389,20,Lugia,Neo Revelation,20,pk_7c352b230d2d259ab112797b5bef75c9e41525839963501e22b576261acc1cc20d71efc7b969dbae14e3170d,Lugia,N3,Neo Revelation,62.57,35,9999,,,,tcgplayer,True,cache,set:name_exact+card:name_number
2026-10-02-192342,2026-10-02T17:23:42Z,72,1395,64,Squirtle (64),EX Crystal Guardians,64,pk_5a4bc5089043695ae6d3c18175d66b321dc2d9fdc445cdf61812a7b102de446b767e5d2e6e62f07d30f9e11549,Squirtle - 064/100,CG,Crystal Guardians,17.2,4.18,96.27,,,,both,True,cache,set:name_fuzzy+card:name_number
2026-10-02-192342,2026-10-02T17:23:42Z,126,1396,57,Cyndaquil (57),Neo Genesis,57,pk_bfb8cfc6531175cd476d1b1f977a2a11de55edc419b184e945db3318471dfa971345194ed7aefa51384457c1aa,Cyndaquil (57),N1,Neo Genesis,14.09,2.5,96.95,,,,tcgplayer,True,cache,set:name_exact+card:name_number
2026-10-02-192342,2026-10-02T17:23:42Z,128,1396,65,Mareep,Neo Genesis,65,pk_e4adcb9d0a11061a1d241a92586f8bed99896ce37b6ce0be661494253bd9e9ed4f003a8c0c73874ed687b0fd2a,Mareep,N1,Neo Genesis,3.65,1.8,30,,,,tcgplayer,True,cache,set:name_exact+card:name_number
2026-10-02-192342,2026-10-02T17:23:42Z,129,1396,74,Snubbull,Neo Genesis,74,pk_aa787e8dc3ff3a4203b1e0768eb14cae7e9d09efa6b30aa1221901f2ac59f1ec943c7ebc9cc5ae5b03ba23e0e3,Snubbull,N1,Neo Genesis,2.27,1,50,,,,tcgplayer,True,cache,set:name_exact+card:name_number
2026-10-02-192342,2026-10-02T17:23:42Z,130,1396,80,Totodile (80),Neo Genesis,80,pk_fa6f1636ccd356a500d6a2af0720eda65816adaebd1fbacefaaa34f8e4f912587436ef87cfa8cf2ecd11ec4af1,Totodile (80),N1,Neo Genesis,1.92,0.4,90,,,,tcgplayer,True,cache,set:name_exact+card:name_number
2026-10-02-192342,2026-10-02T17:23:42Z,82,1398,27,Ho-oh,EX Unseen Forces,27/115,pk_62eed384aebb3470749ae32f6182b79013e340eb290a373b098b18c57f3b0f8b4d47084c06d64b7320270e40a3,Ho-Oh,UF,Unseen Forces,7.81,6.77,74.74,,,,both,True,cache,set:name_fuzzy+card:name_number
2026-10-02-192342,2026-10-02T17:23:42Z,81,1398,54,Cyndaquil,EX Unseen Forces,54/115,pk_00f37841c6bd4ab2ce421090745d1f2d849d935d0039943b7d9e8b3cf7f0d4e20abd27dcf2a93ad167fd7c7444,Cyndaquil,UF,Unseen Forces,2.6,0.4,44.6,,,,both,True,cache,set:name_fuzzy+card:name_number
2026-10-02-192342,2026-10-02T17:23:42Z,185,1403,10,Umbreon,Undaunted,10,pk_a2bba8e9e05f3edc963632ced6b84410adfb96ba54c9d82dc7b6cbbaba99d12fb7ead9923ba1651bd0bbc06b,Umbreon,UD,Undaunted,96.83,90,679.34,,,,both,True,cache,set:name_exact+card:name_number
2026-10-02-192342,2026-10-02T17:23:42Z,109,1409,15,Virizion,Legendary Treasures,15,pk_b6ec8b056fe45cccee2b5c65490dff417cde2717807cf5a3f2118655482d11fc65ffaced33f37c4a1c70ddf8fb,Virizion,LTR,Legendary Treasures,1.7,0.99,49.99,,,,both,True,cache,set:name_exact+card:name_number
2026-10-02-192342,2026-10-02T17:23:42Z,74,1410,102,Fire Energy,EX Emerald,102,pk_2d41fe6f6139544ef4c99bbda7da1321e6c2473445123eba8fb5665a1ac2c34d3c87ba43f30fdc46876ce8b5b577,Fire Energy,EM,Emerald,17.6,12.65,184.24,,,,both,True,cache,set:name_fuzzy+card:name_number
2026-10-02-192342,2026-10-02T17:23:42Z,156,1413,126,Virbank City Gym,Plasma Storm,126,pk_de79b0b95e8292740c0042a5d1a751ba4b4488dd327a543d06b2e9e4e855427d379c79dd1d83ed3284d479d87410,Virbank City Gym,PLS,Plasma Storm,5.13,3,47.14,,,,both,True,cache,set:name_exact+card:name_number
2026-10-02-192342,2026-10-02T17:23:42Z,77,1416,60,Doduo,EX Hidden Legends,60,pk_fd55e9b969ae651b8fa7e8e5266a9b19f4878b62f396394f68617090ad2e35707fdf137feef3622030025b6357,Doduo,HL,Hidden Legends,0.36,0.1,19.82,,,,both,True,cache,set:name_fuzzy+card:name_number
2026-10-02-192342,2026-10-02T17:23:42Z,110,1417,52,Dragonair,Legends Awakened,52,pk_8a5b982b9d66dfb7a2f80c28eb6f28939fe2bb3d8f9bc9ce315cb685e007f425185a8c93eb6253e66d5521401a,Dragonair,LA,Legends Awakened,12.96,6.2,109.74,,,,both,True,cache,set:name_exact+card:name_number
2026-10-02-192342,2026-10-02T17:23:42Z,75,1419,46,Poliwhirl,EX FireRed & LeafGreen,46,pk_7e69972295f1bdf2aa0b87d8423ec9f4692d6bf91ea90b3fcf9bca02ce73f96421c30587a05530932f6f8bf58d,Poliwhirl,RG,FireRed & LeafGreen,4.62,4.91,35,,,,both,True,cache,set:name_fuzzy+card:name_number
2026-10-02-192342,2026-10-02T17:23:42Z,76,1419,78,Seel,EX FireRed & LeafGreen,78,pk_4f7665e05b3800de8173476326fccbe6afe2f7dc2ddfd0483eddc541869cdcda3a3001ea292dbe2986c919a6e7,Seel,RG,FireRed & LeafGreen,0.49,0.1,16.7,,,,both,True,cache,set:name_fuzzy+card:name_number
2026-10-02-192342,2026-10-02T17:23:42Z,73,1429,41,Dragonair,EX Delta Species,41,dc964117624a66a340572753e70c3911df2a612d13b00a1a1a81a2b5fe867f45,Dragonair δ Delta Species,DS,,,,,,,,cardmarket,True,cache,set:name_fuzzy+card:set_number
2026-10-02-192342,2026-10-02T17:23:42Z,54,1430,117,Energy Search,Diamond and Pearl,117,pk_627f265dd3440d20a05ef0dcd6bbec10d568ec410646c19b78dbbc823804e63489ab9dfeb34e931ccfe78ad24e16,Energy Search,DP,Diamond and Pearl,0.18,0.02,19.82,,,,both,True,cache,set:name_exact+card:name_number
2026-10-02-192342,2026-10-02T17:23:42Z,55,1430,117,Energy Search,Diamond and Pearl,117,pk_627f265dd3440d20a05ef0dcd6bbec10d568ec410646c19b78dbbc823804e63489ab9dfeb34e931ccfe78ad24e16,Energy Search,DP,Diamond and Pearl,0.18,0.02,19.82,,,,both,True,cache,set:name_exact+card:name_number
2026-10-02-192342,2026-10-02T17:23:42Z,53,1430,43,Budew,Diamond and Pearl,43,pk_edbbf2c21eaaaefb3f0d1d60c919372329675b3d2bb64627fab910861cdacd46e47871441b8082e8d8dfb3e8c4,Budew,DP,Diamond and Pearl,4.57,0.99,52.94,,,,both,True,cache,set:name_exact+card:name_number
2026-10-02-192342,2026-10-02T17:23:42Z,125,1434,32,Umbreon (32),Neo Discovery,32,pk_ed3624519e47271257a82a3f6a3f932f50dad08b11a8244c3c2ca9103cd37f6356994c8ee8228cd98a12a01b,Umbreon (32),N2,Neo Discovery,300,300,499.98,,,,tcgplayer,True,cache,set:name_exact+card:name_number
2026-10-02-192342,2026-10-02T17:23:42Z,124,1434,66,Tyrogue,Neo Discovery,66,pk_cac6e18a7e92b7abc0fad72666632c2ab9ea52faae88fb360ae74fccd6961a2fba8edf81f3deee1731ec78be,Tyrogue,N2,Neo Discovery,3.29,1.86,32.12,,,,tcgplayer,True,cache,set:name_exact+card:name_number
2026-10-02-192342,2026-10-02T17:23:42Z,89,1441,106,Brock's Training Method,Gym Heroes,106,pk_6b727457ca0fe15c2fc1455db4d1de85bc326f2dede3de89c8e16022f7b6e5d6c5f6651d12bc8ea471b8267db956,Brock's Training Method,G1,Gym Heroes,1.14,0.35,5,,,,tcgplayer,True,cache,set:name_exact+card:name_number
2026-10-02-192342,2026-10-02T17:23:42Z,92,1441,123,Misty's Duel,Gym Heroes,123,pk_1f77393ac0c2cff342ce80e4f83d4b039d455da883d5c5279fddab9181415ee12a7a859d522a2813dc92f31dccc6,Misty's Duel,G1,Gym Heroes,5.42,2.2,52.94,,,,tcgplayer,True,cache,set:name_exact+card:name_number
2026-10-02-192342,2026-10-02T17:23:42Z,91,1441,130,Lightning Energy,Gym Heroes,130,pk_31445d60b6bb5b719f38c2fbfb7ec1ad316c2c0608bde333ce4c6d61430ed40e39e44c7a49e2d9e775fcad6fba70,Lightning Energy,G1,Gym Heroes,2.11,0.45,95.24,,,,tcgplayer,True,cache,set:name_exact+card:name_number
2026-10-02-192342,2026-10-02T17:23:42Z,90,1441,43,Erika's Exeggcute (43),Gym Heroes,43,pk_ce2f5fe6baf2c2ee69cc6351f20132fd26d97c44ae91ab0c41c80d8b84522dc955466e9fcf916deadb08659552,Erika's Exeggcute (43),G1,Gym Heroes,6.24,3.52,58.46,,,,tcgplayer,True,cache,set:name_exact+card:name_number
2026-10-02-192342,2026-10-02T17:23:42Z,88,1441,69,Brock's Onix (69),Gym Heroes,69,pk_77be89039c43b92eb361e15926069a70eec974f076112c64c03e232933427d1f44e3e9f182680b2e3cede82ff4,Brock's Onix (69),G1,Gym Heroes,1.74,0.39,96.95,,,,tcgplayer,True,cache,set:name_exact+card:name_number
2026-10-02-192342,2026-10-02T17:23:42Z,123,1444,50,Light Ninetales,Neo Destiny,50,pk_90c9aa90e01303ed97e47d1e17aa299194980574c93cabb92c989d8d47e184978f3557370507513063a9073903,Light Ninetales,N4,Neo Destiny,28.55,15,129.3,,,,tcgplayer,True,cache,set:name_exact+card:name_number
2026-10-02-192342,2026-10-02T17:23:42Z,32,1661,69,Kirlia,BREAKthrough,69,pk_04165b50e725d66eaffee189b9831eb4bc37ce0151511eeb25343f2dbd1324df881f1263efdfe8e9f4d6d764b4d7,Kirlia,BKT,XY - BREAKthrough,0.42,0.12,16.36,,,,both,True,cache,set:name_suffix+card:name_number
2026-10-02-192342,2026-10-02T17:23:42Z,45,17689,gg60,Cynthia's Ambition,Crown Zenith: Galarian Gallery,GG60/GG70,pk_712127e0870de9b9252d990b063298a6bf7ead2d0c0611226a78d2dfa663b50f959f345622031ee5a493e7c69215344b81b6,Cynthia's Ambition,CRZ:GG,Crown Zenith: Galarian Gallery,23.17,19.95,186.92,,,,tcgplayer,True,cache,set:name_exact+card:name_number
2026-10-02-192342,2026-10-02T17:23:42Z,48,1840,13,Delphox - 013/086 (Non-Holo),Deck Exclusives,013/086,pk_03ebb83d14b57b84681330d01e499341acafbe5e177020f9097fd22604a6e0ca355c8c49915557fa142dd1ad4323,Delphox - 13/124 (XY Fates Collide),PR,Deck Exclusives,0.58,0.19,1.99,,,,tcgplayer,True,cache,set:name_exact+card:name_number
2026-10-02-192342,2026-10-02T17:23:42Z,47,1840,29,Ampharos - 029/086 (Non-Holo),Deck Exclusives,029/086,pk_36201a98df0c9ae78b81ef0cc27a69e9ffeeadd3745e7909a7a7988e6493efd80af368b35bc12fc354e5a1b2a2a2,Empoleon - 29/108 (Battle Arena Deck Exclusive),PR,Deck Exclusives,1.97,0.8,96.95,,,,tcgplayer,True,cache,set:name_exact+card:set_number
2026-10-02-192342,2026-10-02T17:23:42Z,49,1840,8,Machamp,Deck Exclusives,008/102,pk_8c7b7d6e3edf91d796bbfd511ca99f2d9c72ee3088563624ad03d5c24ce4298026540a64ba52a45de8a82138bd,Noctowl - 8/123 (HeartGold & SoulSilver),PR,Deck Exclusives,2.39,0.75,31.14,,,,tcgplayer,True,cache,set:name_exact+card:set_number
2026-10-02-192342,2026-10-02T17:23:42Z,71,1842,14,Vulpix,Evolutions,14/108,pk_f439ddf01cdda1c193e07b1f7a8579f754d5d6799b046e6a4f340a57c175af830cfb2bfed332fe3d999c2ee69b76,Vulpix,EVO,XY - Evolutions,0.22,0.01,14.21,,,,both,True,cache,set:name_suffix+card:name_number
2026-10-02-192342,2026-10-02T17:23:42Z,64,1842,23,Poliwag,Evolutions,23/108,pk_0819f6da2d6e7da5c76e543c5dd6dc4f3162bc64b8d4e66c8539362415507e67e817a0c81388b1fefac1d7a780af,Poliwag,EVO,XY - Evolutions,0.21,0.01,17.74,,,,both,True,cache,set:name_suffix+card:name_number
2026-10-02-192342,2026-10-02T17:23:42Z,65,1842,23,Poliwag,Evolutions,23/108,pk_0819f6da2d6e7da5c76e543c5dd6dc4f3162bc64b8d4e66c8539362415507e67e817a0c81388b1fefac1d7a780af,Poliwag,EVO,XY - Evolutions,0.21,0.01,17.74,,,,both,True,cache,set:name_suffix+card:name_number
2026-10-02-192342,2026-10-02T17:23:42Z,58,1842,29,Dewgong,Evolutions,29/108,pk_b2598173a2061059e0ff134c979798d7e40d466d4b1ee6d98c57795859e75f60112609cde97b3bd1926f239a0301,Dewgong,EVO,XY - Evolutions,0.22,0.05,35,,,,both,True,cache,set:name_suffix+card:name_number
2026-10-02-192342,2026-10-02T17:23:42Z,70,1842,39,Voltorb,Evolutions,39/108,pk_1a97ca0d3795ebb70e28f553d93ef3bda9d89b5bfa09c74c39829ef3bb488ce964eda7f6cb428e5c4445eebf8735,Voltorb,EVO,XY - Evolutions,0.17,0.01,18.86,,,,both,True,cache,set:name_suffix+card:name_number
2026-10-02-192342,2026-10-02T17:23:42Z,63,1842,4,Metapod,Evolutions,4/108,pk_a799e04fc2c560e3ea4f7393942f49dfe800aa4842aed40122c90e0fcc57c30eee64a5b7ee52f5e1e7ebf47f32,Metapod,EVO,XY - Evolutions,0.23,0.03,19.82,,,,both,True,cache,set:name_suffix+card:name_number
2026-10-02-192342,2026-10-02T17:23:42Z,59,1842,55,Diglett,Evolutions,55/108,pk_1efb59dca55f4689b273a98c63edab3a34cf74f70db5330bedf49250bf4ec3872aa443ba30e16f6e03843f08985c,Diglett,EVO,XY - Evolutions,0.11,0.01,14.16,,,,both,True,cache,set:name_suffix+card:name_number
2026-10-02-192342,2026-10-02T17:23:42Z,62,1842,57,Machop,Evolutions,57/108,pk_c36c6e58796bca5e44144f023bfacdd05c068c8a10ab281049109b750884a5a984479434012ef3c73acffb09d2bf,Machop,EVO,XY - Evolutions,0.19,0.01,15,,,,both,True,cache,set:name_suffix+card:name_number
2026-10-02-192342,2026-10-02T17:23:42Z,66,1842,67,Raticate,Evolutions,67/108,pk_eb56671063893b0b293ca4c109207c2a54194a1680d79dbeb6f2c1b143c480747764b69e8d90a7d40860766d47de,Raticate,EVO,XY - Evolutions,0.17,0.05,15.42,,,,both,True,cache,set:name_suffix+card:name_number
2026-10-02-192342,2026-10-02T17:23:42Z,60,1842,69,Doduo,Evolutions,69/108,pk_fd41e9060e306f05974f417cbbc0c2e591921d9a77ac25027178757139e80af53d24a8d62de42ca03290d6792606,Doduo,EVO,XY - Evolutions,0.18,0.03,14.18,,,,both,True,cache,set:name_suffix+card:name_number
2026-10-02-192342,2026-10-02T17:23:42Z,56,1842,7,Beedrill,Evolutions,7/108,pk_1fcf283e441b3342c433bb78ebbb1fcff79f5451922691cede9e88e699e5b2f5d541cfae9bdc4b5111fea25a4b,Beedrill,EVO,XY - Evolutions,0.27,0.02,19.46,,,,both,True,cache,set:name_suffix+card:name_number
2026-10-02-192342,2026-10-02T17:23:42Z,68,1842,8,Tangela,Evolutions,8/108,pk_e9820aa9b912c585fe96eda94d5d0b368cffb3fde8c7d4027de48e08fe0ab2b5516f5edda651675dd4bf8b1d1d,Tangela,EVO,XY - Evolutions,0.24,0.01,15.84,,,,both,True,cache,set:name_suffix+card:name_number
2026-10-02-192342,2026-10-02T17:23:42Z,67,1842,86,Slowbro Spirit Link,Evolutions,86/108,pk_8bc5fc0280dff1f92b5cc5e5353a66bf978063e4814ee3799a913bb1ac9c35473582d6a7716a6c965adcd5cbaac4,Slowbro Spirit Link,EVO,XY - Evolutions,0.28,0.02,14.29,,,,both,True,cache,set:name_suffix+card:name_number
2026-10-02-192342,2026-10-02T17:23:42Z,69,1842,89,Venusaur Spirit Link,Evolutions,89/108,pk_c88e0902038bc125dac7920aadab4eb4562e6a8246cb47d38759aee34d7333a0ec0282e342155ce79c45cfbe93ef,Venusaur Spirit Link,EVO,XY - Evolutions,0.24,0.04,19.82,,,,both,True,cache,set:name_suffix+card:name_number
2026-10-02-192342,2026-10-02T17:23:42Z,61,1842,94,Lightning Energy,Evolutions,94/108,pk_8234acc2fcc1778fb8c6b2d33fd8c102de546b453ebfafaa50b5f89aef82e76e1cbd26294c5ce947043983b707ed,Lightning Energy,EVO,XY - Evolutions,0.21,0.06,19.12,,,,both,True,cache,set:name_suffix+card:name_number
2026-10-02-192342,2026-10-02T17:23:42Z,57,1842,97,Darkness Energy,Evolutions,97/108,pk_f9d9d0eae7cf3282639a7250f3cb86f63aac08c6d172f11afe8d113afc8879f7ed7d6a684a9bbfd911dee7a3cbe1,Darkness Energy,EVO,XY - Evolutions,1.5,0.98,24.52,,,,both,True,cache,set:name_suffix+card:name_number
2026-10-02-192342,2026-10-02T17:23:42Z,159,22873,253,Miraidon ex,Scarlet & Violet Base Set,253/198,pk_363201270d4afa467e4be33a8351a5f4b2f358887f1383b2db03bceaf749122fce4a599f009bb58ea6e1c5a5197b7dd6,Miraidon ex - 253/198,SVI,SV01: Scarlet & Violet Base Set,7.65,5,161.2,,,,tcgplayer,True,cache,set:name_suffix+card:name_number
2026-10-02-192342,2026-10-02T17:23:42Z,24,2289,13,Virizion,Blister Exclusives,13/101,pk_9f89b162479d4911badac9a6eaf65234a26d104f06ba8ede8274f754bc04fbacb145ad5811178c2a081e206102,Virizion,NVI,Noble Victories,1.98,0.95,24.74,,,,tcgplayer,True,cache,set:name_exact+card:name_number
2026-10-02-192342,2026-10-02T17:23:42Z,23,2289,60,Baxcalibur (Cosmos Holo),Blister Exclusives,060/193,pk_e34ef3412397fc0f79c6168194b12f5e4fc2c775d1d72c7716984574a43cb613c06b2802d789fb6594a7ad0c228a,Baxcalibur - 060/193 (Cosmos Holo),BLE,Blister Exclusives,0.46,0.25,1000,,,,tcgplayer,True,cache,set:name_exact+card:name_number
2026-10-02-192342,2026-10-02T17:23:42Z,143,23120,196,Sprigatito,Paldea Evolved,196/193,pk_0b82b4bba94c0731a12e2a86dfa75a49cd70740b92439abe5dc340aae8ea8a39142f74b3d40a22e876d4c87cef9aa2cb,Sprigatito - 196/193,PAL,SV02: Paldea Evolved,57.19,44.95,850.9,,,,both,True,cache,set:name_suffix+card:name_number
2026-10-02-192342,2026-10-02T17:23:42Z,166,23237,7,Basic Darkness Energy (Cosmos Holo),SV: 151,007,pk_6f4137bf148368ce862425e9deaa1fc4231c4e827977de635e2dd8b4a5d5a7ed4bae15c87d86070a2436169a2db2,Squirtle - 007/165,MEW,SV: Scarlet & Violet 151,0.29,0.05,18.38,,,,both,True,cache,set:name_exact+card:set_number
2026-10-02-192342,2026-10-02T17:23:42Z,179,23266,17,Trevenant,Trick or Trade BOOster Bundle 2023,017/196,pk_c785c6645803cad844ffa0348402d59762906a8400b0d0b60affb2baa33715a1be0eaf9d4716593c1cfa8590879ef2,Trevenant,TTBB23,Trick or Trade BOOster Bundle 2023,0.16,0.02,19.82,,,,both,True,cache,set:name_exact+card:name_number
2026-10-02-192342,2026-10-02T17:23:42Z,177,23266,62,Pikachu,Trick or Trade BOOster Bundle 2023,062/193,pk_39b3ca391673aa7658b679bd20a2656ba338145c12d1750266f7a72a0cd9d57a871674695d27288d92a9a9c6bb0f4a,Pikachu,TTBB23,Trick or Trade BOOster Bundle 2023,0.51,0.15,19.82,,,,both,True,cache,set:name_exact+card:name_number
2026-10-02-192342,2026-10-02T17:23:42Z,175,23266,71,Dusknoir,Trick or Trade BOOster Bundle 2023,071/185,pk_cdf02f8faa96c94a79cbe62be31c1cc99ddf0d62a4b910708344e88848cab0e99dc83936973b26ac5017acddca1162,Dusknoir,TTBB23,Trick or Trade BOOster Bundle 2023,0.14,0.01,19.82,,,,both,True,cache,set:name_exact+card:name_number
2026-10-02-192342,2026-10-02T17:23:42Z,174,23266,73,Banette,Trick or Trade BOOster Bundle 2023,073/196,pk_ca34e023b23731d857200e1712faa4fb7a21cdc1cd6a076bf7a0603cf55216cc0d7364202bbef3555595b06fd0fec9,Banette,TTBB23,Trick or Trade BOOster Bundle 2023,0.18,0.05,19.82,,,,both,True,cache,set:name_exact+card:name_number
2026-10-02-192342,2026-10-02T17:23:42Z,178,23266,90,Polteageist,Trick or Trade BOOster Bundle 2023,090/202,pk_d73bda19b8fadbd8a4838baf347cea905a6dca58bb6c9bb8e6be89e731aafce7259fadb406d8e6dc25c34bdf0c74d6,Polteageist,TTBB23,Trick or Trade BOOster Bundle 2023,0.13,0.01,19.82,,,,both,True,cache,set:name_exact+card:name_number
2026-10-02-192342,2026-10-02T17:23:42Z,176,23266,95,Lycanroc,Trick or Trade BOOster Bundle 2023,095/185,pk_0b38b47f75b088061535aeb3fd2d117c3242afa97dea930c874f41e82ac21b3419fcf479b0faf3a26eebca2247bb85,Lycanroc,TTBB23,Trick or Trade BOOster Bundle 2023,0.18,0.01,19.82,,,,both,True,cache,set:name_exact+card:name_number
2026-10-02-192342,2026-10-02T17:23:42Z,145,23286,118,Yveltal,Paradox Rift,118/182,pk_4e4c7e76ec48360da366a7c98f8220e9a6a247736e5790501de132b7b503776a1a621b1d9f08140f903883abff41757f,Yveltal - 118/182,PAR,SV04: Paradox Rift,0.16,0.01,3.34,,,,both,True,cache,set:name_suffix+card:name_number
2026-10-02-192342,2026-10-02T17:23:42Z,144,23286,74,Deoxys,Paradox Rift,074/182,pk_9b460b47b1052ab331fc145210c642e43b51738613ca52e0cb394bde7488360497dd8b59cbf3b568836ace0fed53d9,Deoxys,PAR,SV04: Paradox Rift,0.22,0.01,14.21,,,,both,True,cache,set:name_suffix+card:name_number
2026-10-02-192342,2026-10-02T17:23:42Z,173,23323,15,Lt. Surge's Rattata,Trading Card Game Classic,015/034,pk_1534a68a7b872490fcc7826df737781239b8725ad322c46ffc19d6484eb9ba903123ee79b7be5ac6ba3b43aa601731,Chansey,CL,Trading Card Game Classic,8.73,7.19,9999,,,,tcgplayer,True,cache,set:name_exact+card:set_number
2026-10-02-192342,2026-10-02T17:23:42Z,172,23323,16,Lt. Surge's Raticate,Trading Card Game Classic,016/034,pk_d66a1f89329ca1f6df363bb371eaf64dc3778e1c73e1e3702115734a5ddc7fdf836bdffc011cb7aaf95fe0b37a8b15,Snorlax,CL,Trading Card Game Classic,16.65,15.14,9999,,,,tcgplayer,True,cache,set:name_exact+card:set_number
2026-10-02-192342,2026-10-02T17:23:42Z,170,23381,104,Gengar ex,Temporal Forces,104/162,pk_4feed57d5fd7bbedc4eab7dfaef8d33457abf0f2389a648f84017b037f6ce04024fe053deecfdcb1ee6602cfd5e10ce7,Gengar ex - 104/162,TEF,SV05: Temporal Forces,6.37,3.99,143.8,,,,both,True,cache,set:name_suffix+card:name_number
2026-10-02-192342,2026-10-02T17:23:42Z,184,23473,221,Teal Mask Ogerpon ex,Twilight Masquerade,221/167,pk_8b4d48cb5c5b51c74c6fcdeaf44900eb4c1aeb4fe2ab52c6dda1419b792a8db52de0f3db8f34e5fe1f5d9bf6a88a34b0,Teal Mask Ogerpon ex - 221/167,TWM,SV06: Twilight Masquerade,9.19,7,999,,,,both,True,cache,set:name_suffix+card:name_number
2026-10-02-192342,2026-10-02T17:23:42Z,183,23473,29,Magcargo ex,Twilight Masquerade,029/167,pk_fa883eb13246646c37cc824b682d82256cdb102450199b68bee312211605694e7ec544d316450070c5831a059c89d5,Magcargo ex - 029/167,TWM,SV06: Twilight Masquerade,0.65,0.3,999,,,,both,True,cache,set:name_suffix+card:name_number
2026-10-02-192342,2026-10-02T17:23:42Z,182,23473,77,Iron Thorns ex,Twilight Masquerade,077/167,pk_59369de5820b1533f00d3027755314b72bf1fcc55c33280243c300b3510ba45917ebf9f9c85406d9920b5b26781cca,Iron Thorns ex - 077/167,TWM,SV06: Twilight Masquerade,0.67,0.34,999,,,,both,True,cache,set:name_suffix+card:name_number
2026-10-02-192342,2026-10-02T17:23:42Z,181,23561,130,Umbreon,Trick or Trade BOOster Bundle 2024,130/197,pk_edcfa36e5afcbd718e4df02b3e8fe316acc80d6a6f487dcf445b23e5ff9a1ffa1cfb0fd071a149802ea8b603e1150e40,Umbreon,TTBB24,Trick or Trade BOOster Bundle 2024,0.46,0.2,35,,,,both,True,cache,set:name_exact+card:name_number
2026-10-02-192342,2026-10-02T17:23:42Z,180,23561,96,Fezandipiti (Cosmos Holo),Trick or Trade BOOster Bundle 2024,096/167,pk_9fef717584ef3b96cbece4be62b203007be6079ac628dd45567bcbda75c3f32791c8db31c5b7f24bc793f2d1dcf924,Fezandipiti (Cosmos Holo),TTBB24,Trick or Trade BOOster Bundle 2024,0.23,0.05,19.82,,,,both,True,cache,set:name_exact+card:name_number
2026-10-02-192342,2026-10-02T17:23:42Z,21,23639,29,Hisuian Typhlosion VSTAR (JP),Battle Region,029/067,pk_a95dc44d3c30745127af62856982ae41523352b5e2d9d4bdcf23a8b7943422ad1eb052298f71971731d04bbb53586f,Hisuian Typhlosion VSTAR - 029/067,S9a,S9a: Battle Region,0.84,0.55,2.99,,,,both,True,cache,set:name_suffix+card:name_number
2026-10-02-192342,2026-10-02T17:23:42Z,160,23643,330,Zamazenta V (JP),Shiny Star V,330/190,pk_51d0ba46a4faeffccb66fb3c67a158ae034bff3019ea6e3543b18a3a3f0308d686816d787a8af7be8e5dbd634d746075,Zamazenta V - 330/190,S4a,S4a: Shiny Star V,9.92,9.45,13,,,,both,True,cache,set:name_suffix+card:name_number
2026-10-02-192342,2026-10-02T17:23:42Z,188,23645,115,Radiant Eternatus (JP),VSTAR Universe,115/172,pk_98e262de840f758e80fbe90931148798e7f00117b1f35fd725424f3ba8c587b13428decd99308594bae1d92119f5996d,Radiant Eternatus,S12a,S12a: VSTAR Universe,0.63,0.42,3.25,,,,both,True,cache,set:name_suffix+card:name_number
2026-10-02-192342,2026-10-02T17:23:42Z,189,23645,41,Zeraora VMAX (JP),VSTAR Universe,041/172,pk_b7e177a6b6849247185a2d7481a34e80068e3502fb1e961d33da58116279603e763fcc8468db9c79d9543929834a11,Zeraora VMAX - 041/172,S12a,S12a: VSTAR Universe,0.96,0.59,4.6,,,,both,True,cache,set:name_suffix+card:name_number
2026-10-02-192342,2026-10-02T17:23:42Z,187,23645,48,Gengar (JP),VSTAR Universe,048/172,pk_1b3305af20ac1686743867fb66dc9015f529edc54e80bf9935c9d2a4de0c57a9d6b1aad4bc60f65f1f58b0ba39f90b,Gengar,S12a,S12a: VSTAR Universe,2.6,1.85,5.99,,,,both,True,cache,set:name_suffix+card:name_number
2026-10-02-192342,2026-10-02T17:23:42Z,162,23651,133,Alolan Exeggutor ex,Surging Sparks,133/191,pk_a3a9e0bfcc50fff4210e45ed6138ad1cd462dbd1c48e023725a140a137f5c745e79ee5467b8dea605fabb063e647422e,Alolan Exeggutor ex - 133/191,SSP,SV08: Surging Sparks,0.79,0.3,20,,,,both,True,cache,set:name_suffix+card:name_number
2026-10-02-192342,2026-10-02T17:23:42Z,163,23651,141,Eternatus,Surging Sparks,141/191,pk_78fd33d8a65a9b4d0a46e32370c0d20886d987c55b09775891c529920f7f05ad35650b31d75287ff5754096d29b103c1,Eternatus,SSP,SV08: Surging Sparks,0.22,0.01,15.19,,,,both,True,cache,set:name_suffix+card:name_number
2026-10-02-192342,2026-10-02T17:23:42Z,164,23651,31,Skeledirge,Surging Sparks,031/191,pk_f16db9de182cfb6083d218af939edc8c02171b79655d8a575dd3dbbae900d6c4259218acd7978b20bc90fdc5bd8c70,Skeledirge,SSP,SV08: Surging Sparks,0.23,0.01,19.82,,,,both,True,cache,set:name_suffix+card:name_number
2026-10-02-192342,2026-10-02T17:23:42Z,165,23651,86,Sylveon ex,Surging Sparks,086/191,pk_5707d10fd8369ec2f1f24eb14889bb83b7016a7905b023014f3063b775e0bdd97db3e9b3b46cbfa0a94702f75c954d,Sylveon ex,SSP,SV08: Surging Sparks,2.69,1.48,44,,,,both,True,cache,set:name_suffix+card:name_number
2026-10-02-192342,2026-10-02T17:23:42Z,118,2374,10,Ho-Oh (EB Games Exclusive),Miscellaneous Cards & Products,010/086,pk_99641324acffe938f1000c204b6267e10aba0335c7582f32ae04cfb4adf1a38a4a4941028e6c3df695f87edba65d,Abomasnow - 010/198 (Holiday Calendar),MCAP,Miscellaneous Cards & Products,0.52,0.2,19.82,,,,tcgplayer,True,cache,set:name_exact+card:set_number
2026-10-02-192342,2026-10-02T17:23:42Z,122,2374,125,Steelix (Cosmos Holo),Miscellaneous Cards & Products,125/182,pk_63187dec1b2cdb10faaf06e599df131598cb86715c672e91d9afd386c81753b03107f2a4e9ab8b832461002b6fb2a2,Steelix - 125/182 (Cosmos Holo),MCAP,Miscellaneous Cards & Products,10.78,7.6,94.44,,,,tcgplayer,True,cache,set:name_exact+card:name_number
2026-10-02-192342,2026-10-02T17:23:42Z,119,2374,19,Keldeo (Chaos Rising Stamped),Miscellaneous Cards & Products,019/086,pk_4def3ddb9cf6f5e8b358ea33cbf2b5dd00c93d01fcb0a89c5cc8cf8470c79baaa90c83ce0770a56ae9671b6c67ad,Charmeleon - 19/147 (Premium Collection Promo),MCAP,Miscellaneous Cards & Products,2.99,1,9999,,,,tcgplayer,True,cache,set:name_exact+card:set_number
2026-10-02-192342,2026-10-02T17:23:42Z,120,2374,48,Lapras (Holiday Calendar),Miscellaneous Cards & Products,048/202,pk_42d13c2e4a0cf744c1c21edde5aece9093bd8975ef8605f84dfc6d305bfad0a302451cd5dc17210ce9a14914d09f,Lapras - 048/202 (Holiday Calendar),MCAP,Miscellaneous Cards & Products,4.44,3.5,208.45,,,,tcgplayer,True,cache,set:name_exact+card:name_number
2026-10-02-192342,2026-10-02T17:23:42Z,121,2374,51,Pikachu (Pokemon Day 2026),Miscellaneous Cards & Products,051/162,pk_d4f24568d941a202fe8cbf136314d74c09ec8f45505cdeea665fa228eb9621dba15018f4618a1d7d86f0aca64826,Team Rocket's Articuno (Destined Rivals Stamp),MCAP,Miscellaneous Cards & Products,30.28,27,263.24,,,,tcgplayer,True,cache,set:name_exact+card:set_number
2026-10-02-192342,2026-10-02T17:23:42Z,167,23806,4,Pokegear 3.0,SV: Premium Trainer Box ex,004/028,pk_299fd3b222cbfa5c687c2459573a7743ca5c380973d35bc90f58f51d71f445677023997be85d83836d314471f7fe,Pokegear 3.0,svB,SV: Premium Trainer Box ex,,2,2,,,,both,True,cache,set:name_exact+card:name_number
2026-10-02-192342,2026-10-02T17:23:42Z,158,23821,59,Umbreon (Poke Ball Pattern),Prismatic Evolutions,059/131,pk_b1f5b1464aba9b6c5571ff23721b6705aa9b22fa212ebd30e52e06641b1605a9bd4aad790064217fdd563bdb9110aa,Umbreon,PRE,SV: Prismatic Evolutions,0.47,0.05,999,,,,both,True,cache,set:name_suffix+card:name_number
2026-10-02-192342,2026-10-02T17:23:42Z,157,23821,60,Umbreon ex,Prismatic Evolutions,060/131,pk_2b6d27a8bd0706fab12b1c79927ebd9b1be2680bf7a01e9b2287e3487906bb3a32bcccbcabc6f0c707dad8fb74abf7,Umbreon ex - 060/131,PRE,SV: Prismatic Evolutions,8.43,7,5000,,,,both,True,cache,set:name_suffix+card:name_number
2026-10-02-192342,2026-10-02T17:23:42Z,46,23898,25,Raikou EX (JP),Dark Rush,025/069,pk_7201316b5cf55d48877d41b59d146ac09251fb17057366bbdff613a658dd01f16ee92709aac4476fac6dffd2ade440,Raikou EX - 025/069,BW4,BW4: Dark Rush,8.13,6,8,,,,both,True,cache,set:name_suffix+card:name_number
2026-10-02-192342,2026-10-02T17:23:42Z,171,23909,92,Umbreon (JP),Terastal Festival ex,092/187,pk_4c3160078b4650174ea9bf9be70f740a408ed04b35aa42c9d29a2f95a41d1aa1925c143dcbcd513b75f9ab389b9c21,Umbreon,SV8a,SV8a: Terastal Fest ex,0.33,0.1,25,,,,both,True,cache,set:name_suffix+card:name_number
2026-10-02-192342,2026-10-02T17:23:42Z,79,24084,101,Mightyena ex,EX Holon Phantoms,101,pk_67f5b981f882f8227f8d48d5f974446a6d273030ec7b6af375d29392802f41ad8b0ee144e2f9f982e703c288d36b,Mightyena ex,HP,Holon Phantoms,99.99,74.99,200.01,,,,both,True,cache,set:name_fuzzy+card:name_number
2026-10-02-192342,2026-10-02T17:23:42Z,78,24084,63,Corphish (63),EX Holon Phantoms,63,pk_fdf090364ffa6990b3971ae357b5ae65e0a2dc6185ca0f2774d43898029e95457d62c813414433e4897773c7f8,Corphish - 063/110,HP,Holon Phantoms,0.37,0.15,19.82,,,,both,True,cache,set:name_fuzzy+card:name_number
2026-10-02-192342,2026-10-02T17:23:42Z,80,24084,80,Poochyena,EX Holon Phantoms,80,pk_d9edf81234590dbbad70bb58148381a6f4f0634f93ea548b8dea5d4f58b22895dd91316cdc66ac4a0a5e2d54dd,Poochyena,HP,Holon Phantoms,0.56,0.18,19.82,,,,both,True,cache,set:name_fuzzy+card:name_number
2026-10-02-192342,2026-10-02T17:23:42Z,51,2409,16,Lickitung (Holo Common),Detective Pikachu,16,pk_276d5b96e9f2113b490f393c244303c461cebf6485c759cd806f264d552b98fa8608b33a83e51d10a305fb1216,Lickitung (Holo Common),DEP,Detective Pikachu,0.43,0.1,5.6,,,,both,True,cache,set:name_exact+card:name_number
2026-10-02-192342,2026-10-02T17:23:42Z,52,2409,3,Morelull (Holo Common),Detective Pikachu,3,pk_c34ccdb4dae95dece608da5b7fbefeb08a745d2f21f5f5ca6c5f4611b40d002eeecdfd0765ae7d353bf82c60,Morelull (Holo Common),DEP,Detective Pikachu,0.37,0.05,18.2,,,,both,True,cache,set:name_exact+card:name_number
2026-10-02-192342,2026-10-02T17:23:42Z,50,24269,31,Team Rocket's Moltres ex,Destined Rivals,031/182,pk_fe5ffd94ab2efa61fd675d3f770a7afbb675808cd2636ebc962f577881d58578da8d880db3eb32ed7cb4acaf5b437d,Team Rocket's Moltres ex,DRI,SV10: Destined Rivals,0.9,0.29,50,,,,both,True,cache,set:name_suffix+card:name_number
2026-10-02-192342,2026-10-02T17:23:42Z,169,24310,68,Dark Machamp (JP),Team Rocket (Japanese),068,pk_876dc6c58cd715df1e523a8184fc6abbe908245e95e0f6a91e3519de1605485d3fc27dcadc2ba8b6e5c7fbaae58df1,Team Rocket's Muk,SV10,SV10: The Glory of Team Rocket,0.16,0.1,20,,,,both,True,cache,set:name_suffix+card:set_number
2026-10-02-192342,2026-10-02T17:23:42Z,22,24325,160,Excadrill ex,Black Bolt,160/086,pk_0618f0c2d2f265c829e60c6b083d3c13d1d132378f4f0d0dbe3eee1beca9741608752a08a762723acb62e7a4eef0e484,Excadrill ex - 160/086,BLK,SV: Black Bolt,0.81,0.45,19.82,,,,both,True,cache,set:name_suffix+card:name_number
2026-10-02-192342,2026-10-02T17:23:42Z,113,24399,29,Mega Lucario,Mega Brave,029/063,pk_4c6411ddd156628208cbc5a225cdc3541466822a14214104d8d21db537b477aa45551f7c5b3d6775dffefc59237d31,Mega Lucario ex - 029/063,m1L,m1L: Mega Brave,0.47,0.1,7.95,,,,both,True,cache,set:name_suffix+card:set_number
2026-10-02-192342,2026-10-02T17:23:42Z,117,24451,48,Totodile,Mega Evolution Promos,048,pk_072207ad9297659e5746e52ec9c8bc39911ceacad70068fe9dbfe4ba8f8006f8e4a80539788f53cb6215db,Totodile - 048,MEP,ME: Mega Evolution Promo,10.36,8.25,750,,,,both,True,cache,set:name_suffix+card:name_number
2026-10-02-192342,2026-10-02T17:23:42Z,116,24451,80,Fennekin (Pokemon Center Exclusive),Mega Evolution Promos,080,pk_bbab28d7c59388f77121c54255fcdeb17624eecf4f001e6d683de6cec6864e3772f9d4fbb13a07c004c804,Fennekin - 080 (Pokemon Center Exclusive),MEP,ME: Mega Evolution Promo,31.72,29.99,155,,,,both,True,cache,set:name_suffix+card:name_number
2026-10-02-192342,2026-10-02T17:23:42Z,115,24451,9,Alakazam,Mega Evolution Promos,009,pk_c9aea0a8a0e8e48ec83de65e6f59edfb17980fca97d64f3296b742d679dba395e20cd7e42d2afea01f99,Alakazam - 009,MEP,ME: Mega Evolution Promo,7.17,6.49,197.6,,,,both,True,cache,set:name_suffix+card:name_number
2026-10-02-192342,2026-10-02T17:23:42Z,112,24461,7,Basic Darkness Energy - 007,MEE: Mega Evolution Energies,7,pk_29e13b2117aaf263383ecb86799feb46bda50e73f455f5db614e5d2bf8438d6bc81fba0116dab31d98c9,Basic Darkness Energy - 007,MEE,MEE: Mega Evolution Energies,0.12,0.01,19.82,,,,both,True,cache,set:name_exact+card:name_number
2026-10-02-192342,2026-10-02T17:23:42Z,114,24499,127,Rayquaza,MEGA Dream ex,127/193,pk_cfe5c592524d2b41f855597a9bd0914284acd7d6cf071b4b7aada58a9d31e2c5207e823c9e22e4a61840fee142b6719e,Rayquaza,M2a,MEGA Dream ex,0.41,0.04,2.48,,,,both,True,cache,set:name_exact+card:name_number
2026-10-02-192342,2026-10-02T17:23:42Z,2,24541,105,Lunatone (Energy Symbol Pattern),Ascended Heroes,105/217,pk_d9793a6e167d65575e19e3ae7d60b8e5c439ac345bb527d4a3ae8133d48e961d604f14083371f0177c3dac1afce9a36c,Lunatone (Energy Symbol Pattern),ASC,ME: Ascended Heroes,0.3,0.19,19.82,,,,both,True,cache,set:name_suffix+card:name_number
2026-10-02-192342,2026-10-02T17:23:42Z,148,24587,22,Lapras ex,Perfect Order,022/088,pk_6b6058efd9c802b1e389e3e8417beba544e9241a26832cdb57cb00689cbefae026c62e996e138527db0318cb5e5150,Lapras ex,POR,ME03: Perfect Order,0.55,0.24,48,,,,both,True,cache,set:name_suffix+card:name_number
2026-10-02-192342,2026-10-02T17:23:42Z,151,24587,45,Tyrantrum,Perfect Order,045/088,pk_9a566c22d95bc1f0f907c0d57a0ad942b552a239c172dcb227c416d9fde6cab5c4d862169572858ea7b857c0379f29,Tyrantrum,POR,ME03: Perfect Order,0.2,0.01,19.82,,,,both,True,cache,set:name_suffix+card:name_number
2026-10-02-192342,2026-10-02T17:23:42Z,152,24587,53,Yveltal ex,Perfect Order,053/088,pk_1e6522572a390cd7e5c23e5ecf2c9fac8b120535aa82c09d4f9984b7b812f64608d4cba43f14b12fd4e67b9b11085c,Yveltal ex - 053/088,POR,ME03: Perfect Order,0.58,0.17,78,,,,both,True,cache,set:name_suffix+card:name_number
2026-10-02-192342,2026-10-02T17:23:42Z,149,24587,81,Poke Pad,Perfect Order,081/088,pk_931385744e03adf02b53d63b0b5181baad5effbce0bc1fff88795f53899430b69556d2ae8cbf4808da4f4d3251dc66,Poke Pad - 081/088,POR,ME03: Perfect Order,0.27,0.01,64,,,,both,True,cache,set:name_suffix+card:name_number
2026-10-02-192342,2026-10-02T17:23:42Z,150,24587,84,Rosa's Encouragement,Perfect Order,084/088,pk_8810b78bc3a3bdebb9201f6d8a50758931d2f3254f984671f4aa3335e7510be08f22c912a94c54e06476864803a175,Rosa's Encouragement - 084/088,POR,ME03: Perfect Order,0.13,0.01,20,,,,both,True,cache,set:name_suffix+card:name_number
2026-10-02-192342,2026-10-02T17:23:42Z,147,24587,95,Espurr,Perfect Order,095/088,pk_1721a12a511d93baa9516f9bac24a1f826618b9abb9ca54c213b15d7cab38af7e7933f1be49adc83c52a0c3af2ed63,Espurr - 095/088,POR,ME03: Perfect Order,3.27,2.4,95.2,,,,both,True,cache,set:name_suffix+card:name_number
2026-10-02-192342,2026-10-02T17:23:42Z,146,24587,98,Doublade,Perfect Order,098/088,pk_65b2536d7639562b8ed8b08bb039fc5a5a4a2d9772d65a5d052364bb0d1aa5ae674a66119c5ddbe6da62810f93b620,Doublade - 098/088,POR,ME03: Perfect Order,1.77,0.95,52.12,,,,both,True,cache,set:name_suffix+card:name_number
2026-10-02-192342,2026-10-02T17:23:42Z,136,24600,101,Energy Recycler,Nihil Zero,101/080,pk_9c6825b0e51299337bd4171d063d419e767b6d0949c4452ec445c03cbaf3712a5218ce42b18dbe523f795400781ea6da,Energy Recycler,M3,M3: Nihil Zero,0.43,0.18,6,,,,tcgplayer,True,cache,set:name_suffix+card:name_number
2026-10-02-192342,2026-10-02T17:23:42Z,138,24600,80,Rock F Energy,Nihil Zero,080/080,pk_cfb5c669ddb308a8ee9dabd6031658f663f509fb054958d15a2aad15f53ea09003f45570a88b1c5ba2a0a5d2496dd3,Rock F Energy,M3,M3: Nihil Zero,0.19,0.03,1,,,,both,True,cache,set:name_suffix+card:name_number
2026-10-02-192342,2026-10-02T17:23:42Z,139,24600,82,Rowlet,Nihil Zero,082/080,pk_ddc49b0cf6796ec8cf435b246c6a8257c09972ae1b0e369d24d820310692919136380a1e7c80f5e5708d26633411b4,Rowlet - 082/080,M3,M3: Nihil Zero,3.01,2,9.99,,,,both,True,cache,set:name_suffix+card:name_number
2026-10-02-192342,2026-10-02T17:23:42Z,135,24600,86,Clefairy,Nihil Zero,086/080,pk_de54928af8a10d7c6a84bfe3840871f99a0f42044c3aa5eb7508ef7f226a837dff6e5b82aad099e3cfe88c7cff779b,Clefairy - 086/080,M3,M3: Nihil Zero,9.9,7.25,20,,,,both,True,cache,set:name_suffix+card:name_number
2026-10-02-192342,2026-10-02T17:23:42Z,137,24600,92,Raticate,Nihil Zero,092/080,pk_d84f0bf5cc7339e3ae4ebb1ef8cefb16da930ea38c2c530e1d9f646f625033f7bb410e091493357a615ca2c1bbe051,Raticate - 092/080,M3,M3: Nihil Zero,1.61,1.18,9.99,,,,both,True,cache,set:name_suffix+card:name_number
2026-10-02-192342,2026-10-02T17:23:42Z,140,24600,94,Salazzle ex,Nihil Zero,094/080,pk_4b12268f3d797639ba2b2117cccd74e1ae6d3656dc12d4bafe471d7e3f1562d9a01d801d6f21d179349320243e803b,Salazzle ex - 094/080,M3,M3: Nihil Zero,2.5,1.44,7.99,,,,both,True,cache,set:name_suffix+card:name_number
2026-10-02-192342,2026-10-02T17:23:42Z,41,24655,15,Mega Pyroar ex,Chaos Rising,015/086,pk_224b6293e922be8add72b79b268ddbf6f6fc29379b467a99d31202dcbaebbe3515564f23b11759256771b08b6831a9,Mega Pyroar ex - 015/086,CRI,Chaos Rising,0.48,0.13,125,,,,both,True,cache,set:name_exact+card:name_number
2026-10-02-192342,2026-10-02T17:23:42Z,35,24655,29,Ampharos,Chaos Rising,029/086,pk_8912572396bc175b9498b25dcc05ab149d7b85d6e8660f891cb7ae71d985887865c7cb398a2fcae7a4bd554c27d55e,Ampharos - 029/086,CRI,Chaos Rising,0.16,0.01,14.19,,,,both,True,cache,set:name_exact+card:name_number
2026-10-02-192342,2026-10-02T17:23:42Z,36,24655,29,Ampharos,Chaos Rising,029/086,pk_8912572396bc175b9498b25dcc05ab149d7b85d6e8660f891cb7ae71d985887865c7cb398a2fcae7a4bd554c27d55e,Ampharos - 029/086,CRI,Chaos Rising,0.16,0.01,14.19,,,,both,True,cache,set:name_exact+card:name_number
2026-10-02-192342,2026-10-02T17:23:42Z,42,24655,39,Trevenant,Chaos Rising,039/086,pk_aad6381922fcc3cbf9bbcd5247dbc22b3697208f336d6a279b7d7eff7c095ba5c75e52791d62240725542177161b50,Trevenant,CRI,Chaos Rising,0.13,0.01,14.12,,,,both,True,cache,set:name_exact+card:name_number
2026-10-02-192342,2026-10-02T17:23:42Z,44,24655,42,Xerneas,Chaos Rising,042/086,pk_2f6bd60362838c31140be07b64d2eb15545ce5adce40884309d9c05fed0be03494a579ff44e3976e6a849b1e24d3a4,Xerneas - 042/086,CRI,Chaos Rising,0.17,0.01,14.19,,,,both,True,cache,set:name_exact+card:name_number
2026-10-02-192342,2026-10-02T17:23:42Z,40,24655,51,Crobat,Chaos Rising,051/086,pk_9abd30c72116d9b09a1f81ea12d63a4d79189295c65f43f7d6649f7a8a68b65ca91cc8e56044c6d845409c2b8e9a4c,Crobat - 051/086,CRI,Chaos Rising,0.14,0.01,14.14,,,,both,True,cache,set:name_exact+card:name_number
2026-10-02-192342,2026-10-02T17:23:42Z,38,24655,7,Chesnaught,Chaos Rising,007/086,pk_57715dc09938ab68315ed4b1f8691cddd1f8707e4235d145a966e7501fc3894c06bbac4fb213eb4358b00d005dc0,Chesnaught,CRI,Chaos Rising,0.2,0.01,14.2,,,,both,True,cache,set:name_exact+card:name_number
2026-10-02-192342,2026-10-02T17:23:42Z,39,24655,73,Cinccino ex,Chaos Rising,073/086,pk_0559fdc21cd36726cfa912643828a288aaecf192123e3ee9a26db6df8264bf79de0593574b41adc20af694df9c71bf,Cinccino ex - 073/086,CRI,Chaos Rising,0.63,0.05,999.99,,,,both,True,cache,set:name_exact+card:name_number
2026-10-02-192342,2026-10-02T17:23:42Z,37,24655,84,Bubbly Water Energy,Chaos Rising,084/086,pk_f6bff30a1f8eb6a35ef87a3a15fed48a69cbbf1d9dc9688599595df98d521607f6a790b127555d02bd83ed501f6554,Bubbly W Energy,CRI,Chaos Rising,0.16,0.01,20,,,,both,True,cache,set:name_exact+card:set_number
2026-10-02-192342,2026-10-02T17:23:42Z,43,24655,91,Xerneas,Chaos Rising,091/086,pk_7f1a7f8dc703a55cc3dbe026bfa63e965a50d369e9621ab1c17a6310a310c614d8f8fc6357578bfe5a6da30962c829,Xerneas - 091/086,CRI,Chaos Rising,5.32,4,79.99,,,,both,True,cache,set:name_exact+card:name_number
2026-10-02-192342,2026-10-02T17:23:42Z,153,24688,107,Energy Switch,Pitch Black,107/084,pk_174b40e586b34a845403b8a3dc6833d0177b8b2dc45416e41440cb3af89eda8070707e460e930a3cd2ecee2342b7998c,Energy Switch,PBL,Pitch Black,2.06,1.05,22.49,,,,both,True,cache,set:name_exact+card:name_number
2026-10-02-192342,2026-10-02T17:23:42Z,154,24688,83,Shadowy Darkness Energy,Pitch Black,083/084,pk_ea680540faf273481e5584c300b5f805752b335a1cf1ba19313afb2b6a5cb40f4185a0982d1bdbfc87b3556139f3e5,Shadowy Darkness Energy,PBL,Pitch Black,0.16,0.01,44,,,,both,True,cache,set:name_exact+card:name_number
2026-10-02-192342,2026-10-02T17:23:42Z,155,24688,90,Slowbro,Pitch Black,090/084,pk_a0a77deb608aad78a2a90a81eac06fff9699e0e7d9eac861af4a7f7fbfca21fc3b1af30d60645f7999067dd2e30395,Slowbro - 090/084,PBL,Pitch Black,6.54,5.69,49.99,,,,both,True,cache,set:name_exact+card:name_number
2026-10-02-192342,2026-10-02T17:23:42Z,84,2906,218,Greedent VMAX,Fusion Strike,218/264,pk_96e44171d7d3b664d630be7c01bbf54eb7039a07d79558fdf417afdddf3eac621f7599ad764e326fdfa062f910596c,Greedent VMAX,SWSH08,SWSH08: Fusion Strike,1.45,0.75,49.99,,,,both,True,cache,set:name_suffix+card:name_number
2026-10-02-192342,2026-10-02T17:23:42Z,34,2931,76,M Rayquaza EX,Celebrations: Classic Collection,76/108,pk_43f54df40801d2a0f26a58c5b2d812283721022e96a87e8968b763f35ea56d9261d385e23e30f174559ab27b3f7c,M Rayquaza EX,CCC,Celebrations: Classic Collection,36.64,33.29,5000,,,,both,True,cache,set:name_exact+card:name_number
2026-10-02-192342,2026-10-02T17:23:42Z,33,2948,0,Psychic Energy (2022 Unnumbered),Brilliant Stars,,pk_c39006e1899502137dd1afdbe95f9ad83e3e3bf4006ec6c6c0ef526e8e06d7dd2bb0cf2f09f5cc2521,Brilliant Stars Booster Box,SWSH09,SWSH09: Brilliant Stars,569.81,524.01,5000,,,,tcgplayer,True,cache,set:name_suffix+card:set_number
2026-10-02-192342,2026-10-02T17:23:42Z,20,604,14,Raichu,Base Set (Unlimited),14,pk_f48f0fa08d7d86139bffba53364d2e8d72d66c897bc1a5ea82879cec61881d77b42530a230a012f0d110d94d,Raichu,BS,Base Set,67.47,43.3,392.64,,,,both,True,cache,set:name_exact+card:name_number
2026-10-02-192342,2026-10-02T17:23:42Z,11,604,20,Electabuzz,Base Set (Unlimited),20,pk_c3520f841b7feceb93a0e3346b9bcae004214b8c25c51e2bf51d35fd37a5a01ecec76078e0ff6a74b4c44458,Electabuzz,BS,Base Set,9.97,4.26,96.95,,,,both,True,cache,set:name_exact+card:name_number
2026-10-02-192342,2026-10-02T17:23:42Z,9,604,24,Charmeleon,Base Set (Unlimited),24,pk_63059498412d098576b08dc76b1928cb9f5f94c5d144fc3cb6a7434cf6edf080ccede894abf811b59693f4cd,Charmeleon,BS,Base Set,3.33,0.33,39.99,,,,both,True,cache,set:name_exact+card:name_number
2026-10-02-192342,2026-10-02T17:23:42Z,13,604,27,Farfetch'd,Base Set (Unlimited),27,pk_5026dc6e5fe4605ebf0f11f4a27033d39e9fa60e25cce4868d62da9877df92acda968e4300a3ecd274cab845,Farfetch'd,BS,Base Set,1.42,0.2,96.51,,,,both,True,cache,set:name_exact+card:name_number
2026-10-02-192342,2026-10-02T17:23:42Z,15,604,30,Ivysaur,Base Set (Unlimited),30,pk_f41e61e6d58662cfe5e61c8f2c084ca103cf6276933330c2a8fb2bad75b234ff921a4cb083385fbec4262b2b,Ivysaur,BS,Base Set,5.59,0.7,250,,,,both,True,cache,set:name_exact+card:name_number
2026-10-02-192342,2026-10-02T17:23:42Z,16,604,32,Kadabra,Base Set (Unlimited),32,pk_ce4f3dac65006043ae6bfcd894e752dc8f81e4ce38341ba89419ee69d510b088c665d7c1ed1806198d820c04,Kadabra,BS,Base Set,2.72,0.4,9999,,,,both,True,cache,set:name_exact+card:name_number
2026-10-02-192342,2026-10-02T17:23:42Z,10,604,48,Doduo,Base Set (Unlimited),48,pk_aad9c0422a7884cc8bdbbdc68c5b096d0f43e4c6c54de94d4b363444f04a8d43cdb46d014c0c74d6345e3ddf,Doduo,BS,Base Set,1.16,0.35,44.99,,,,both,True,cache,set:name_exact+card:name_number
2026-10-02-192342,2026-10-02T17:23:42Z,14,604,50,Gastly,Base Set (Unlimited),50,pk_bc79fe1ffab8c7b0c88d2640f76c92180961be567645a36a7d574cec4b138c9e24af7778f9119c300e6a0938,Gastly,BS,Base Set,1.22,0.11,20.6,,,,both,True,cache,set:name_exact+card:name_number
2026-10-02-192342,2026-10-02T17:23:42Z,17,604,55,Nidoran M,Base Set (Unlimited),55,pk_7d26c7ba9fdf1e8c9b3020c9aae40f2f7dbe5ec9786fbba5175767680b76acb258705e84a22364805eaf7954,Nidoran M,BS,Base Set,0.77,0.2,50,,,,both,True,cache,set:name_exact+card:name_number
2026-10-02-192342,2026-10-02T17:23:42Z,18,604,58,Pikachu,Base Set (Unlimited),58,pk_25f404f23fc742cedbecc9f124cd4ce940eae98f175f66f0199b55b6ef6712372e947bd568d7442b9cb43082,Pikachu,BS,Base Set,11.56,3.66,1000,,,,both,True,cache,set:name_exact+card:name_number
2026-10-02-192342,2026-10-02T17:23:42Z,19,604,59,Poliwag,Base Set (Unlimited),59,pk_f945e7d65b5134d135ce9f68bcbabfbc647e0cead6762814ea0fcdd71b17fdc9dcb6eb83c63b9ea56f9d6395,Poliwag,BS,Base Set,0.9,0.2,1500,,,,both,True,cache,set:name_exact+card:name_number
2026-10-02-192342,2026-10-02T17:23:42Z,12,604,81,Energy Retrieval,Base Set (Unlimited),81,pk_00b5dc543b178932c9fa2e714434bfd47060ff72e206017db203799a9b3b44c92858686710e4387c48aefe3d,Energy Retrieval,BS,Base Set,0.63,0.1,17.94,,,,both,True,cache,set:name_exact+card:name_number
2026-10-02-192342,2026-10-02T17:23:42Z,4,605,10,Mewtwo,Base Set 2,10,pk_1b7e570e10be97b3432489762909c6b4fae75deb5d4a62171c9e8f0e53cf5461ca105224c1b670a5d5bad4ca,Mewtwo,BS2,Base Set 2,103.56,47.99,680.84,,,,both,True,cache,set:name_exact+card:name_number
2026-10-02-192342,2026-10-02T17:23:42Z,3,605,69,Charmander,Base Set 2,69,pk_3bf1618e2dd102f9bed90065dec525c07e0b93d05c36dbe30b110bcab2eb3d7c997bbe84b3c01e806229dd9c,Charmander,BS2,Base Set 2,1.8,0.4,7,,,,both,True,cache,set:name_exact+card:name_number
2026-10-02-192342,2026-10-02T17:23:42Z,5,605,97,Venonat,Base Set 2,97,pk_ba7c59b82958296edc9a47f3e48acddd7eca64a1fb5b9eed6a2f4140a20a5aaaa7e487db6c1a8e3d15762ec5,Venonat,BS2,Base Set 2,1.17,0.29,29.8,,,,both,True,cache,set:name_exact+card:name_number
2026-10-02-192342,2026-10-02T17:23:42Z,102,635,20,Jolteon,Jungle,20,pk_461527c83f7a290bee7155a0b343b55dfcab32d41b02bb6d40ee319eec4064ef8669f2086fb6d78b045d234f,Jolteon (20),JU,Jungle,25.43,9,110,,,,both,True,cache,set:name_exact+card:name_number
2026-10-02-192342,2026-10-02T17:23:42Z,95,635,33,Butterfree,Jungle,33,pk_7d11d50a6d50847c77bd6823d254485585acd8a9c2e40d0cc6148bcd3acd7b480fba6ecd86f5d558759c03,Butterfree,JU,Jungle,1.86,0.37,30,,,,both,True,cache,set:name_exact+card:name_number
2026-10-02-192342,2026-10-02T17:23:42Z,98,635,36,Fearow,Jungle,36,pk_7e3a78e7e005eddf094729eaa73e441d78cebe7da414613e942119c74e0fd5b01ef817ccd9db0271c91167,Fearow,JU,Jungle,1.07,0.25,24.6,,,,both,True,cache,set:name_exact+card:name_number
2026-10-02-192342,2026-10-02T17:23:42Z,103,635,45,Rhydon,Jungle,45,pk_90c98b7b8dee6dc2e6ab93a853e288889d7f362464451e75c2208d78844dad2d7dec7300849d9381487269,Rhydon,JU,Jungle,10.66,4.07,96.95,,,,both,True,cache,set:name_exact+card:name_number
2026-10-02-192342,2026-10-02T17:23:42Z,105,635,48,Weepinbell,Jungle,48,pk_0e47420544a15eaa773e785d8827938dcdb514cd1937eb0d034abbc2192a86eb990aa794f3d79635bc51ce,Weepinbell,JU,Jungle,3.74,1,96.95,,,,both,True,cache,set:name_exact+card:name_number
2026-10-02-192342,2026-10-02T17:23:42Z,96,635,50,Cubone,Jungle,50,pk_8c13e61fad444fe18ddf721dee999050236fb0eceecf8cc2b331c0a4e6f8b2cd486955d58ebff6a1129f66,Cubone,JU,Jungle,13.23,3.5,96.95,,,,both,True,cache,set:name_exact+card:name_number
2026-10-02-192342,2026-10-02T17:23:42Z,97,635,52,Exeggcute,Jungle,52,pk_27e3f6859943ea1f8ad4c56dcaf539f4008f8e91966d17bc22f301ed9cc09e96b03c03d67313ebdab10847,Exeggcute,JU,Jungle,2.54,0.88,96.95,,,,both,True,cache,set:name_exact+card:name_number
2026-10-02-192342,2026-10-02T17:23:42Z,99,635,53,Goldeen,Jungle,53,pk_806c748371a08df608e2e5af4de74ae4e835596ec37678dab2b0c582b2b1f0a66471574d1687b6ed8be27e,Goldeen,JU,Jungle,0.46,0.14,15.32,,,,both,True,cache,set:name_exact+card:name_number
2026-10-02-192342,2026-10-02T17:23:42Z,100,635,54,Jigglypuff,Jungle,54,pk_d780213ed78195def48858d2d12e3eb1c489cc01581ff04cc21077dfa3681bdc048cd8b37a94b51452b8c0,Jigglypuff,JU,Jungle,7.17,2.96,96.95,,,,both,True,cache,set:name_exact+card:name_number
2026-10-02-192342,2026-10-02T17:23:42Z,104,635,61,Rhyhorn,Jungle,61,pk_2a33203e3fba2955abc3eb875171c776b475cac6e9a9d3820e714f06d66b38f444cd5d635351e2a09e4b28,Rhyhorn,JU,Jungle,2.71,0.88,96.95,,,,both,True,cache,set:name_exact+card:name_number
2026-10-02-192342,2026-10-02T17:23:42Z,85,-240,702,Captain Pikachu (Poke Ball Pattern) (CN),Gem Pack,0702/09,,,,,,,,,,,,False,miss,set:name_partial+card:none
2026-10-02-192342,2026-10-02T17:23:42Z,86,-242,103,Captain Pikachu (Star Reverse Holo) (CN),Gem Pack Vol. 5,0103/07,,,,,,,,,,,,False,miss,set:name_exact+card:none
2026-10-02-192342,2026-10-02T17:23:42Z,6,,96,Drowzee (JP),Base Set (Japanese),096,,,,,,,,,,,,False,orphan,set:none
2026-10-02-192342,2026-10-02T17:23:42Z,7,,62,Poliwrath (JP),Base Set (Japanese),062,,,,,,,,,,,,False,orphan,set:none
2026-10-02-192342,2026-10-02T17:23:42Z,25,,53,Deoxys VMAX,Brave Stars (Charm),053/127,,,,,,,,,,,,False,orphan,set:none
2026-10-02-192342,2026-10-02T17:23:42Z,26,,19,Raichu V,Brave Stars (Charm),019/127,,,,,,,,,,,,False,orphan,set:none
2026-10-02-192342,2026-10-02T17:23:42Z,27,,129,Solrock,Brave Stars (Charm),129/127,,,,,,,,,,,,False,orphan,set:none
2026-10-02-192342,2026-10-02T17:23:42Z,28,,27,Zeraora V,Brave Stars (Charm),027/127,,,,,,,,,,,,False,orphan,set:none
2026-10-02-192342,2026-10-02T17:23:42Z,29,,113,Oranguru V,Brave Stars (Courage),113/128,,,,,,,,,,,,False,orphan,set:none
2026-10-02-192342,2026-10-02T17:23:42Z,30,,4,Radiant Venusaur,Brave Stars (Courage),004/128,,,,,,,,,,,,False,orphan,set:none
2026-10-02-192342,2026-10-02T17:23:42Z,31,,33,Serperior VSTAR,Brave Stars (Courage),033/128,,,,,,,,,,,,False,orphan,set:none
2026-10-02-192342,2026-10-02T17:23:42Z,87,,38,Blaine's Ninetales (JP),Gym Challenge (Japanese),038,,,,,,,,,,,,False,orphan,set:none
2026-10-02-192342,2026-10-02T17:23:42Z,93,,117,Misty's Seadra (JP),Gym Heroes (Japanese),117,,,,,,,,,,,,False,orphan,set:none
2026-10-02-192342,2026-10-02T17:23:42Z,131,,95,Onix (JP),Neo Genesis (Japanese),095,,,,,,,,,,,,False,orphan,set:none
2026-10-02-192342,2026-10-02T17:23:42Z,186,,60,Poliwag (JP),Vending Series 1 (Blue),060,,,,,,,,,,,,False,orphan,set:none
2026-10-02-193851,2026-10-02T17:38:51Z,111,-113,54,Slowpoke,Lost Thunder,54,2d03e057e6e3be88c6cd23dbfbd0afc4d3d3a0fc1142f1170129ef5d2eb28d9e,Slowpoke,LOT,,,,,,,,cardmarket,True,cache,set:name_exact+card:name_number
2026-10-02-193851,2026-10-02T17:38:51Z,1,-38,90,Roaring Moon ex (JP),Ancient Roar,090/066,pk_b15b78a21cb16a19c9934d004b37011522a8e8b52386bb71544a8e585b45952c55bf11d1852e051cbd9a110a02c8c5,Roaring Moon ex - 090/066,SV4K,SV4K: Ancient Roar,40.63,38,70,,,,both,True,cache,set:name_exact+card:name_number
2026-10-02-193851,2026-10-02T17:38:51Z,190,-42,80,Gastly (JP),Wild Force,080/071,pk_51b7bb31edf1939b662c9533110216e8a78391e1406d01d0d33503aad9131294e8038a7e215494b2508f352fe7f9ef,Gastly - 080/071,SV5K,SV5K: Wild Force,37.36,33,200,,,,both,True,cache,set:name_exact+card:name_number
2026-10-02-193851,2026-10-02T17:38:51Z,168,1373,17,Rainbow Energy (17),Team Rocket,17,pk_f3e9793a32fe072f5632e5f156bba775f9cb692b953be769991b53d4aed0a9d5dbc6910ad76ca744be005452,Rainbow Energy (17),TR,Team Rocket,40.67,31.11,471.34,,,,both,True,cache,set:name_exact+card:name_number
2026-10-02-193851,2026-10-02T17:38:51Z,107,1374,67,Abra,Legendary Collection,67,64758a9fba72ea94ca400f3642dfd462047ce2832943d1b05790c8a24daf7c4f,Abra,LC,,,,,,,,cardmarket,True,cache,set:name_exact+card:name_number
2026-10-02-193851,2026-10-02T17:38:51Z,108,1374,69,Caterpie,Legendary Collection,69,0bff60d5f45980ce17d24f5825446e36c780b53bf24085665b5920ccf4116652,Caterpie,LC,,,,,,,,cardmarket,True,cache,set:name_exact+card:name_number
2026-10-02-193851,2026-10-02T17:38:51Z,161,1384,8,Rayquaza C,Supreme Victors,8,pk_53542c3fd04fb92cd5a82cfa2eba564153cd487d9c80bcc1b4aca190c302f9b06d3c1c4a6a4411b8,Rayquaza C,SV,Supreme Victors,70.62,399,499.99,,,,both,True,cache,set:name_exact+card:name_number
2026-10-02-193851,2026-10-02T17:38:51Z,142,1385,73,Terrakion,Noble Victories,73,pk_29af6af6f1579d15f2dc8fbf301d7dcced9a1799b83987267e30342e1bf204df419ec41619e15fae2397df4146,Terrakion,NVI,Noble Victories,2.43,1.9,32.84,,,,both,True,cache,set:name_exact+card:name_number
2026-10-02-193851,2026-10-02T17:38:51Z,141,1385,84,Cobalion,Noble Victories,84,pk_33cb896ef57cbbe0d68f0df0b617bba574ae49a5bfbf93d1d417586c12beeb4c46097213d6aee86acd292a0134,Cobalion,NVI,Noble Victories,1.62,1,27.24,,,,both,True,cache,set:name_exact+card:name_number
2026-10-02-193851,2026-10-02T17:38:51Z,191,1387,68,Sableye,XY Base Set,68,pk_b3f70dbc61dfa59040555de8fcd10439bad07c0f7bdbaeb1c250913f148f6e29693e771be436b2bfb1686c893d,Sableye,XY,XY Base Set,0.53,0.2,14.99,,,,both,True,cache,set:name_exact+card:name_number
2026-10-02-193851,2026-10-02T17:38:51Z,132,1389,17,Entei (17),Neo Revelation,17,pk_a2178f6bd72942e0f3deafa700ac9da07409e5cbf5963f2060b67cd7203d72234ad97eec6e40d85b96bb966f,Entei (17),N3,Neo Revelation,82.23,35.89,848.84,,,,tcgplayer,True,cache,set:name_exact+card:name_number
2026-10-02-193851,2026-10-02T17:38:51Z,133,1389,18,Ho-oh,Neo Revelation,18,pk_5218d78169cd302950269c4fb4739d0b3b2cce7dd477873ff2a2aa22516b021157b28dd95285f629eec7237d,Ho-oh (18),N3,Neo Revelation,117.89,54.99,9999,,,,tcgplayer,True,cache,set:name_exact+card:name_number
2026-10-02-193851,2026-10-02T17:38:51Z,134,1389,20,Lugia,Neo Revelation,20,pk_7c352b230d2d259ab112797b5bef75c9e41525839963501e22b576261acc1cc20d71efc7b969dbae14e3170d,Lugia,N3,Neo Revelation,62.57,35,9999,,,,tcgplayer,True,cache,set:name_exact+card:name_number
2026-10-02-193851,2026-10-02T17:38:51Z,72,1395,64,Squirtle (64),EX Crystal Guardians,64,pk_5a4bc5089043695ae6d3c18175d66b321dc2d9fdc445cdf61812a7b102de446b767e5d2e6e62f07d30f9e11549,Squirtle - 064/100,CG,Crystal Guardians,17.2,4.18,96.27,,,,both,True,cache,set:name_fuzzy+card:name_number
2026-10-02-193851,2026-10-02T17:38:51Z,126,1396,57,Cyndaquil (57),Neo Genesis,57,pk_bfb8cfc6531175cd476d1b1f977a2a11de55edc419b184e945db3318471dfa971345194ed7aefa51384457c1aa,Cyndaquil (57),N1,Neo Genesis,14.09,2.5,96.95,,,,tcgplayer,True,cache,set:name_exact+card:name_number
2026-10-02-193851,2026-10-02T17:38:51Z,128,1396,65,Mareep,Neo Genesis,65,pk_e4adcb9d0a11061a1d241a92586f8bed99896ce37b6ce0be661494253bd9e9ed4f003a8c0c73874ed687b0fd2a,Mareep,N1,Neo Genesis,3.65,1.8,30,,,,tcgplayer,True,cache,set:name_exact+card:name_number
2026-10-02-193851,2026-10-02T17:38:51Z,129,1396,74,Snubbull,Neo Genesis,74,pk_aa787e8dc3ff3a4203b1e0768eb14cae7e9d09efa6b30aa1221901f2ac59f1ec943c7ebc9cc5ae5b03ba23e0e3,Snubbull,N1,Neo Genesis,2.27,1,50,,,,tcgplayer,True,cache,set:name_exact+card:name_number
2026-10-02-193851,2026-10-02T17:38:51Z,130,1396,80,Totodile (80),Neo Genesis,80,pk_fa6f1636ccd356a500d6a2af0720eda65816adaebd1fbacefaaa34f8e4f912587436ef87cfa8cf2ecd11ec4af1,Totodile (80),N1,Neo Genesis,1.92,0.4,90,,,,tcgplayer,True,cache,set:name_exact+card:name_number
2026-10-02-193851,2026-10-02T17:38:51Z,82,1398,27,Ho-oh,EX Unseen Forces,27/115,pk_62eed384aebb3470749ae32f6182b79013e340eb290a373b098b18c57f3b0f8b4d47084c06d64b7320270e40a3,Ho-Oh,UF,Unseen Forces,7.81,6.77,74.74,,,,both,True,cache,set:name_fuzzy+card:name_number
2026-10-02-193851,2026-10-02T17:38:51Z,81,1398,54,Cyndaquil,EX Unseen Forces,54/115,pk_00f37841c6bd4ab2ce421090745d1f2d849d935d0039943b7d9e8b3cf7f0d4e20abd27dcf2a93ad167fd7c7444,Cyndaquil,UF,Unseen Forces,2.6,0.4,44.6,,,,both,True,cache,set:name_fuzzy+card:name_number
2026-10-02-193851,2026-10-02T17:38:51Z,185,1403,10,Umbreon,Undaunted,10,pk_a2bba8e9e05f3edc963632ced6b84410adfb96ba54c9d82dc7b6cbbaba99d12fb7ead9923ba1651bd0bbc06b,Umbreon,UD,Undaunted,96.83,90,679.34,,,,both,True,cache,set:name_exact+card:name_number
2026-10-02-193851,2026-10-02T17:38:51Z,109,1409,15,Virizion,Legendary Treasures,15,pk_b6ec8b056fe45cccee2b5c65490dff417cde2717807cf5a3f2118655482d11fc65ffaced33f37c4a1c70ddf8fb,Virizion,LTR,Legendary Treasures,1.7,0.99,49.99,,,,both,True,cache,set:name_exact+card:name_number
2026-10-02-193851,2026-10-02T17:38:51Z,74,1410,102,Fire Energy,EX Emerald,102,pk_2d41fe6f6139544ef4c99bbda7da1321e6c2473445123eba8fb5665a1ac2c34d3c87ba43f30fdc46876ce8b5b577,Fire Energy,EM,Emerald,17.6,12.65,184.24,,,,both,True,cache,set:name_fuzzy+card:name_number
2026-10-02-193851,2026-10-02T17:38:51Z,156,1413,126,Virbank City Gym,Plasma Storm,126,pk_de79b0b95e8292740c0042a5d1a751ba4b4488dd327a543d06b2e9e4e855427d379c79dd1d83ed3284d479d87410,Virbank City Gym,PLS,Plasma Storm,5.13,3,47.14,,,,both,True,cache,set:name_exact+card:name_number
2026-10-02-193851,2026-10-02T17:38:51Z,77,1416,60,Doduo,EX Hidden Legends,60,pk_fd55e9b969ae651b8fa7e8e5266a9b19f4878b62f396394f68617090ad2e35707fdf137feef3622030025b6357,Doduo,HL,Hidden Legends,0.36,0.1,19.82,,,,both,True,cache,set:name_fuzzy+card:name_number
2026-10-02-193851,2026-10-02T17:38:51Z,110,1417,52,Dragonair,Legends Awakened,52,pk_8a5b982b9d66dfb7a2f80c28eb6f28939fe2bb3d8f9bc9ce315cb685e007f425185a8c93eb6253e66d5521401a,Dragonair,LA,Legends Awakened,12.96,6.2,109.74,,,,both,True,cache,set:name_exact+card:name_number
2026-10-02-193851,2026-10-02T17:38:51Z,75,1419,46,Poliwhirl,EX FireRed & LeafGreen,46,pk_7e69972295f1bdf2aa0b87d8423ec9f4692d6bf91ea90b3fcf9bca02ce73f96421c30587a05530932f6f8bf58d,Poliwhirl,RG,FireRed & LeafGreen,4.62,4.91,35,,,,both,True,cache,set:name_fuzzy+card:name_number
2026-10-02-193851,2026-10-02T17:38:51Z,76,1419,78,Seel,EX FireRed & LeafGreen,78,pk_4f7665e05b3800de8173476326fccbe6afe2f7dc2ddfd0483eddc541869cdcda3a3001ea292dbe2986c919a6e7,Seel,RG,FireRed & LeafGreen,0.49,0.1,16.7,,,,both,True,cache,set:name_fuzzy+card:name_number
2026-10-02-193851,2026-10-02T17:38:51Z,73,1429,41,Dragonair,EX Delta Species,41,dc964117624a66a340572753e70c3911df2a612d13b00a1a1a81a2b5fe867f45,Dragonair δ Delta Species,DS,,,,,,,,cardmarket,True,cache,set:name_fuzzy+card:set_number
2026-10-02-193851,2026-10-02T17:38:51Z,54,1430,117,Energy Search,Diamond and Pearl,117,pk_627f265dd3440d20a05ef0dcd6bbec10d568ec410646c19b78dbbc823804e63489ab9dfeb34e931ccfe78ad24e16,Energy Search,DP,Diamond and Pearl,0.18,0.02,19.82,,,,both,True,cache,set:name_exact+card:name_number
2026-10-02-193851,2026-10-02T17:38:51Z,55,1430,117,Energy Search,Diamond and Pearl,117,pk_627f265dd3440d20a05ef0dcd6bbec10d568ec410646c19b78dbbc823804e63489ab9dfeb34e931ccfe78ad24e16,Energy Search,DP,Diamond and Pearl,0.18,0.02,19.82,,,,both,True,cache,set:name_exact+card:name_number
2026-10-02-193851,2026-10-02T17:38:51Z,53,1430,43,Budew,Diamond and Pearl,43,pk_edbbf2c21eaaaefb3f0d1d60c919372329675b3d2bb64627fab910861cdacd46e47871441b8082e8d8dfb3e8c4,Budew,DP,Diamond and Pearl,4.57,0.99,52.94,,,,both,True,cache,set:name_exact+card:name_number
2026-10-02-193851,2026-10-02T17:38:51Z,125,1434,32,Umbreon (32),Neo Discovery,32,pk_ed3624519e47271257a82a3f6a3f932f50dad08b11a8244c3c2ca9103cd37f6356994c8ee8228cd98a12a01b,Umbreon (32),N2,Neo Discovery,300,300,499.98,,,,tcgplayer,True,cache,set:name_exact+card:name_number
2026-10-02-193851,2026-10-02T17:38:51Z,124,1434,66,Tyrogue,Neo Discovery,66,pk_cac6e18a7e92b7abc0fad72666632c2ab9ea52faae88fb360ae74fccd6961a2fba8edf81f3deee1731ec78be,Tyrogue,N2,Neo Discovery,3.29,1.86,32.12,,,,tcgplayer,True,cache,set:name_exact+card:name_number
2026-10-02-193851,2026-10-02T17:38:51Z,89,1441,106,Brock's Training Method,Gym Heroes,106,pk_6b727457ca0fe15c2fc1455db4d1de85bc326f2dede3de89c8e16022f7b6e5d6c5f6651d12bc8ea471b8267db956,Brock's Training Method,G1,Gym Heroes,1.14,0.35,5,,,,tcgplayer,True,cache,set:name_exact+card:name_number
2026-10-02-193851,2026-10-02T17:38:51Z,92,1441,123,Misty's Duel,Gym Heroes,123,pk_1f77393ac0c2cff342ce80e4f83d4b039d455da883d5c5279fddab9181415ee12a7a859d522a2813dc92f31dccc6,Misty's Duel,G1,Gym Heroes,5.42,2.2,52.94,,,,tcgplayer,True,cache,set:name_exact+card:name_number
2026-10-02-193851,2026-10-02T17:38:51Z,91,1441,130,Lightning Energy,Gym Heroes,130,pk_31445d60b6bb5b719f38c2fbfb7ec1ad316c2c0608bde333ce4c6d61430ed40e39e44c7a49e2d9e775fcad6fba70,Lightning Energy,G1,Gym Heroes,2.11,0.45,95.24,,,,tcgplayer,True,cache,set:name_exact+card:name_number
2026-10-02-193851,2026-10-02T17:38:51Z,90,1441,43,Erika's Exeggcute (43),Gym Heroes,43,pk_ce2f5fe6baf2c2ee69cc6351f20132fd26d97c44ae91ab0c41c80d8b84522dc955466e9fcf916deadb08659552,Erika's Exeggcute (43),G1,Gym Heroes,6.24,3.52,58.46,,,,tcgplayer,True,cache,set:name_exact+card:name_number
2026-10-02-193851,2026-10-02T17:38:51Z,88,1441,69,Brock's Onix (69),Gym Heroes,69,pk_77be89039c43b92eb361e15926069a70eec974f076112c64c03e232933427d1f44e3e9f182680b2e3cede82ff4,Brock's Onix (69),G1,Gym Heroes,1.74,0.39,96.95,,,,tcgplayer,True,cache,set:name_exact+card:name_number
2026-10-02-193851,2026-10-02T17:38:51Z,123,1444,50,Light Ninetales,Neo Destiny,50,pk_90c9aa90e01303ed97e47d1e17aa299194980574c93cabb92c989d8d47e184978f3557370507513063a9073903,Light Ninetales,N4,Neo Destiny,28.55,15,129.3,,,,tcgplayer,True,cache,set:name_exact+card:name_number
2026-10-02-193851,2026-10-02T17:38:51Z,32,1661,69,Kirlia,BREAKthrough,69,pk_04165b50e725d66eaffee189b9831eb4bc37ce0151511eeb25343f2dbd1324df881f1263efdfe8e9f4d6d764b4d7,Kirlia,BKT,XY - BREAKthrough,0.42,0.12,16.36,,,,both,True,cache,set:name_suffix+card:name_number
2026-10-02-193851,2026-10-02T17:38:51Z,45,17689,gg60,Cynthia's Ambition,Crown Zenith: Galarian Gallery,GG60/GG70,pk_712127e0870de9b9252d990b063298a6bf7ead2d0c0611226a78d2dfa663b50f959f345622031ee5a493e7c69215344b81b6,Cynthia's Ambition,CRZ:GG,Crown Zenith: Galarian Gallery,23.17,19.95,186.92,,,,tcgplayer,True,cache,set:name_exact+card:name_number
2026-10-02-193851,2026-10-02T17:38:51Z,48,1840,13,Delphox - 013/086 (Non-Holo),Deck Exclusives,013/086,pk_03ebb83d14b57b84681330d01e499341acafbe5e177020f9097fd22604a6e0ca355c8c49915557fa142dd1ad4323,Delphox - 13/124 (XY Fates Collide),PR,Deck Exclusives,0.58,0.19,1.99,,,,tcgplayer,True,cache,set:name_exact+card:name_number
2026-10-02-193851,2026-10-02T17:38:51Z,47,1840,29,Ampharos - 029/086 (Non-Holo),Deck Exclusives,029/086,pk_36201a98df0c9ae78b81ef0cc27a69e9ffeeadd3745e7909a7a7988e6493efd80af368b35bc12fc354e5a1b2a2a2,Empoleon - 29/108 (Battle Arena Deck Exclusive),PR,Deck Exclusives,1.97,0.8,96.95,,,,tcgplayer,True,cache,set:name_exact+card:set_number
2026-10-02-193851,2026-10-02T17:38:51Z,49,1840,8,Machamp,Deck Exclusives,008/102,pk_8c7b7d6e3edf91d796bbfd511ca99f2d9c72ee3088563624ad03d5c24ce4298026540a64ba52a45de8a82138bd,Noctowl - 8/123 (HeartGold & SoulSilver),PR,Deck Exclusives,2.39,0.75,31.14,,,,tcgplayer,True,cache,set:name_exact+card:set_number
2026-10-02-193851,2026-10-02T17:38:51Z,71,1842,14,Vulpix,Evolutions,14/108,pk_f439ddf01cdda1c193e07b1f7a8579f754d5d6799b046e6a4f340a57c175af830cfb2bfed332fe3d999c2ee69b76,Vulpix,EVO,XY - Evolutions,0.22,0.01,14.21,,,,both,True,cache,set:name_suffix+card:name_number
2026-10-02-193851,2026-10-02T17:38:51Z,64,1842,23,Poliwag,Evolutions,23/108,pk_0819f6da2d6e7da5c76e543c5dd6dc4f3162bc64b8d4e66c8539362415507e67e817a0c81388b1fefac1d7a780af,Poliwag,EVO,XY - Evolutions,0.21,0.01,17.74,,,,both,True,cache,set:name_suffix+card:name_number
2026-10-02-193851,2026-10-02T17:38:51Z,65,1842,23,Poliwag,Evolutions,23/108,pk_0819f6da2d6e7da5c76e543c5dd6dc4f3162bc64b8d4e66c8539362415507e67e817a0c81388b1fefac1d7a780af,Poliwag,EVO,XY - Evolutions,0.21,0.01,17.74,,,,both,True,cache,set:name_suffix+card:name_number
2026-10-02-193851,2026-10-02T17:38:51Z,58,1842,29,Dewgong,Evolutions,29/108,pk_b2598173a2061059e0ff134c979798d7e40d466d4b1ee6d98c57795859e75f60112609cde97b3bd1926f239a0301,Dewgong,EVO,XY - Evolutions,0.22,0.05,35,,,,both,True,cache,set:name_suffix+card:name_number
2026-10-02-193851,2026-10-02T17:38:51Z,70,1842,39,Voltorb,Evolutions,39/108,pk_1a97ca0d3795ebb70e28f553d93ef3bda9d89b5bfa09c74c39829ef3bb488ce964eda7f6cb428e5c4445eebf8735,Voltorb,EVO,XY - Evolutions,0.17,0.01,18.86,,,,both,True,cache,set:name_suffix+card:name_number
2026-10-02-193851,2026-10-02T17:38:51Z,63,1842,4,Metapod,Evolutions,4/108,pk_a799e04fc2c560e3ea4f7393942f49dfe800aa4842aed40122c90e0fcc57c30eee64a5b7ee52f5e1e7ebf47f32,Metapod,EVO,XY - Evolutions,0.23,0.03,19.82,,,,both,True,cache,set:name_suffix+card:name_number
2026-10-02-193851,2026-10-02T17:38:51Z,59,1842,55,Diglett,Evolutions,55/108,pk_1efb59dca55f4689b273a98c63edab3a34cf74f70db5330bedf49250bf4ec3872aa443ba30e16f6e03843f08985c,Diglett,EVO,XY - Evolutions,0.11,0.01,14.16,,,,both,True,cache,set:name_suffix+card:name_number
2026-10-02-193851,2026-10-02T17:38:51Z,62,1842,57,Machop,Evolutions,57/108,pk_c36c6e58796bca5e44144f023bfacdd05c068c8a10ab281049109b750884a5a984479434012ef3c73acffb09d2bf,Machop,EVO,XY - Evolutions,0.19,0.01,15,,,,both,True,cache,set:name_suffix+card:name_number
2026-10-02-193851,2026-10-02T17:38:51Z,66,1842,67,Raticate,Evolutions,67/108,pk_eb56671063893b0b293ca4c109207c2a54194a1680d79dbeb6f2c1b143c480747764b69e8d90a7d40860766d47de,Raticate,EVO,XY - Evolutions,0.17,0.05,15.42,,,,both,True,cache,set:name_suffix+card:name_number
2026-10-02-193851,2026-10-02T17:38:51Z,60,1842,69,Doduo,Evolutions,69/108,pk_fd41e9060e306f05974f417cbbc0c2e591921d9a77ac25027178757139e80af53d24a8d62de42ca03290d6792606,Doduo,EVO,XY - Evolutions,0.18,0.03,14.18,,,,both,True,cache,set:name_suffix+card:name_number
2026-10-02-193851,2026-10-02T17:38:51Z,56,1842,7,Beedrill,Evolutions,7/108,pk_1fcf283e441b3342c433bb78ebbb1fcff79f5451922691cede9e88e699e5b2f5d541cfae9bdc4b5111fea25a4b,Beedrill,EVO,XY - Evolutions,0.27,0.02,19.46,,,,both,True,cache,set:name_suffix+card:name_number
2026-10-02-193851,2026-10-02T17:38:51Z,68,1842,8,Tangela,Evolutions,8/108,pk_e9820aa9b912c585fe96eda94d5d0b368cffb3fde8c7d4027de48e08fe0ab2b5516f5edda651675dd4bf8b1d1d,Tangela,EVO,XY - Evolutions,0.24,0.01,15.84,,,,both,True,cache,set:name_suffix+card:name_number
2026-10-02-193851,2026-10-02T17:38:51Z,67,1842,86,Slowbro Spirit Link,Evolutions,86/108,pk_8bc5fc0280dff1f92b5cc5e5353a66bf978063e4814ee3799a913bb1ac9c35473582d6a7716a6c965adcd5cbaac4,Slowbro Spirit Link,EVO,XY - Evolutions,0.28,0.02,14.29,,,,both,True,cache,set:name_suffix+card:name_number
2026-10-02-193851,2026-10-02T17:38:51Z,69,1842,89,Venusaur Spirit Link,Evolutions,89/108,pk_c88e0902038bc125dac7920aadab4eb4562e6a8246cb47d38759aee34d7333a0ec0282e342155ce79c45cfbe93ef,Venusaur Spirit Link,EVO,XY - Evolutions,0.24,0.04,19.82,,,,both,True,cache,set:name_suffix+card:name_number
2026-10-02-193851,2026-10-02T17:38:51Z,61,1842,94,Lightning Energy,Evolutions,94/108,pk_8234acc2fcc1778fb8c6b2d33fd8c102de546b453ebfafaa50b5f89aef82e76e1cbd26294c5ce947043983b707ed,Lightning Energy,EVO,XY - Evolutions,0.21,0.06,19.12,,,,both,True,cache,set:name_suffix+card:name_number
2026-10-02-193851,2026-10-02T17:38:51Z,57,1842,97,Darkness Energy,Evolutions,97/108,pk_f9d9d0eae7cf3282639a7250f3cb86f63aac08c6d172f11afe8d113afc8879f7ed7d6a684a9bbfd911dee7a3cbe1,Darkness Energy,EVO,XY - Evolutions,1.5,0.98,24.52,,,,both,True,cache,set:name_suffix+card:name_number
2026-10-02-193851,2026-10-02T17:38:51Z,159,22873,253,Miraidon ex,Scarlet & Violet Base Set,253/198,pk_363201270d4afa467e4be33a8351a5f4b2f358887f1383b2db03bceaf749122fce4a599f009bb58ea6e1c5a5197b7dd6,Miraidon ex - 253/198,SVI,SV01: Scarlet & Violet Base Set,7.65,5,161.2,,,,tcgplayer,True,cache,set:name_suffix+card:name_number
2026-10-02-193851,2026-10-02T17:38:51Z,24,2289,13,Virizion,Blister Exclusives,13/101,pk_9f89b162479d4911badac9a6eaf65234a26d104f06ba8ede8274f754bc04fbacb145ad5811178c2a081e206102,Virizion,NVI,Noble Victories,1.98,0.95,24.74,,,,tcgplayer,True,cache,set:name_exact+card:name_number
2026-10-02-193851,2026-10-02T17:38:51Z,23,2289,60,Baxcalibur (Cosmos Holo),Blister Exclusives,060/193,pk_e34ef3412397fc0f79c6168194b12f5e4fc2c775d1d72c7716984574a43cb613c06b2802d789fb6594a7ad0c228a,Baxcalibur - 060/193 (Cosmos Holo),BLE,Blister Exclusives,0.46,0.25,1000,,,,tcgplayer,True,cache,set:name_exact+card:name_number
2026-10-02-193851,2026-10-02T17:38:51Z,143,23120,196,Sprigatito,Paldea Evolved,196/193,pk_0b82b4bba94c0731a12e2a86dfa75a49cd70740b92439abe5dc340aae8ea8a39142f74b3d40a22e876d4c87cef9aa2cb,Sprigatito - 196/193,PAL,SV02: Paldea Evolved,57.19,44.95,850.9,,,,both,True,cache,set:name_suffix+card:name_number
2026-10-02-193851,2026-10-02T17:38:51Z,166,23237,7,Basic Darkness Energy (Cosmos Holo),SV: 151,007,pk_6f4137bf148368ce862425e9deaa1fc4231c4e827977de635e2dd8b4a5d5a7ed4bae15c87d86070a2436169a2db2,Squirtle - 007/165,MEW,SV: Scarlet & Violet 151,0.29,0.05,18.38,,,,both,True,cache,set:name_exact+card:set_number
2026-10-02-193851,2026-10-02T17:38:51Z,179,23266,17,Trevenant,Trick or Trade BOOster Bundle 2023,017/196,pk_c785c6645803cad844ffa0348402d59762906a8400b0d0b60affb2baa33715a1be0eaf9d4716593c1cfa8590879ef2,Trevenant,TTBB23,Trick or Trade BOOster Bundle 2023,0.16,0.02,19.82,,,,both,True,cache,set:name_exact+card:name_number
2026-10-02-193851,2026-10-02T17:38:51Z,177,23266,62,Pikachu,Trick or Trade BOOster Bundle 2023,062/193,pk_39b3ca391673aa7658b679bd20a2656ba338145c12d1750266f7a72a0cd9d57a871674695d27288d92a9a9c6bb0f4a,Pikachu,TTBB23,Trick or Trade BOOster Bundle 2023,0.51,0.15,19.82,,,,both,True,cache,set:name_exact+card:name_number
2026-10-02-193851,2026-10-02T17:38:51Z,175,23266,71,Dusknoir,Trick or Trade BOOster Bundle 2023,071/185,pk_cdf02f8faa96c94a79cbe62be31c1cc99ddf0d62a4b910708344e88848cab0e99dc83936973b26ac5017acddca1162,Dusknoir,TTBB23,Trick or Trade BOOster Bundle 2023,0.14,0.01,19.82,,,,both,True,cache,set:name_exact+card:name_number
2026-10-02-193851,2026-10-02T17:38:51Z,174,23266,73,Banette,Trick or Trade BOOster Bundle 2023,073/196,pk_ca34e023b23731d857200e1712faa4fb7a21cdc1cd6a076bf7a0603cf55216cc0d7364202bbef3555595b06fd0fec9,Banette,TTBB23,Trick or Trade BOOster Bundle 2023,0.18,0.05,19.82,,,,both,True,cache,set:name_exact+card:name_number
2026-10-02-193851,2026-10-02T17:38:51Z,178,23266,90,Polteageist,Trick or Trade BOOster Bundle 2023,090/202,pk_d73bda19b8fadbd8a4838baf347cea905a6dca58bb6c9bb8e6be89e731aafce7259fadb406d8e6dc25c34bdf0c74d6,Polteageist,TTBB23,Trick or Trade BOOster Bundle 2023,0.13,0.01,19.82,,,,both,True,cache,set:name_exact+card:name_number
2026-10-02-193851,2026-10-02T17:38:51Z,176,23266,95,Lycanroc,Trick or Trade BOOster Bundle 2023,095/185,pk_0b38b47f75b088061535aeb3fd2d117c3242afa97dea930c874f41e82ac21b3419fcf479b0faf3a26eebca2247bb85,Lycanroc,TTBB23,Trick or Trade BOOster Bundle 2023,0.18,0.01,19.82,,,,both,True,cache,set:name_exact+card:name_number
2026-10-02-193851,2026-10-02T17:38:51Z,145,23286,118,Yveltal,Paradox Rift,118/182,pk_4e4c7e76ec48360da366a7c98f8220e9a6a247736e5790501de132b7b503776a1a621b1d9f08140f903883abff41757f,Yveltal - 118/182,PAR,SV04: Paradox Rift,0.16,0.01,3.34,,,,both,True,cache,set:name_suffix+card:name_number
2026-10-02-193851,2026-10-02T17:38:51Z,144,23286,74,Deoxys,Paradox Rift,074/182,pk_9b460b47b1052ab331fc145210c642e43b51738613ca52e0cb394bde7488360497dd8b59cbf3b568836ace0fed53d9,Deoxys,PAR,SV04: Paradox Rift,0.22,0.01,14.21,,,,both,True,cache,set:name_suffix+card:name_number
2026-10-02-193851,2026-10-02T17:38:51Z,173,23323,15,Lt. Surge's Rattata,Trading Card Game Classic,015/034,pk_1534a68a7b872490fcc7826df737781239b8725ad322c46ffc19d6484eb9ba903123ee79b7be5ac6ba3b43aa601731,Chansey,CL,Trading Card Game Classic,8.73,7.19,9999,,,,tcgplayer,True,cache,set:name_exact+card:set_number
2026-10-02-193851,2026-10-02T17:38:51Z,172,23323,16,Lt. Surge's Raticate,Trading Card Game Classic,016/034,pk_d66a1f89329ca1f6df363bb371eaf64dc3778e1c73e1e3702115734a5ddc7fdf836bdffc011cb7aaf95fe0b37a8b15,Snorlax,CL,Trading Card Game Classic,16.65,15.14,9999,,,,tcgplayer,True,cache,set:name_exact+card:set_number
2026-10-02-193851,2026-10-02T17:38:51Z,170,23381,104,Gengar ex,Temporal Forces,104/162,pk_4feed57d5fd7bbedc4eab7dfaef8d33457abf0f2389a648f84017b037f6ce04024fe053deecfdcb1ee6602cfd5e10ce7,Gengar ex - 104/162,TEF,SV05: Temporal Forces,6.37,3.99,143.8,,,,both,True,cache,set:name_suffix+card:name_number
2026-10-02-193851,2026-10-02T17:38:51Z,184,23473,221,Teal Mask Ogerpon ex,Twilight Masquerade,221/167,pk_8b4d48cb5c5b51c74c6fcdeaf44900eb4c1aeb4fe2ab52c6dda1419b792a8db52de0f3db8f34e5fe1f5d9bf6a88a34b0,Teal Mask Ogerpon ex - 221/167,TWM,SV06: Twilight Masquerade,9.19,7,999,,,,both,True,cache,set:name_suffix+card:name_number
2026-10-02-193851,2026-10-02T17:38:51Z,183,23473,29,Magcargo ex,Twilight Masquerade,029/167,pk_fa883eb13246646c37cc824b682d82256cdb102450199b68bee312211605694e7ec544d316450070c5831a059c89d5,Magcargo ex - 029/167,TWM,SV06: Twilight Masquerade,0.65,0.3,999,,,,both,True,cache,set:name_suffix+card:name_number
2026-10-02-193851,2026-10-02T17:38:51Z,182,23473,77,Iron Thorns ex,Twilight Masquerade,077/167,pk_59369de5820b1533f00d3027755314b72bf1fcc55c33280243c300b3510ba45917ebf9f9c85406d9920b5b26781cca,Iron Thorns ex - 077/167,TWM,SV06: Twilight Masquerade,0.67,0.34,999,,,,both,True,cache,set:name_suffix+card:name_number
2026-10-02-193851,2026-10-02T17:38:51Z,181,23561,130,Umbreon,Trick or Trade BOOster Bundle 2024,130/197,pk_edcfa36e5afcbd718e4df02b3e8fe316acc80d6a6f487dcf445b23e5ff9a1ffa1cfb0fd071a149802ea8b603e1150e40,Umbreon,TTBB24,Trick or Trade BOOster Bundle 2024,0.46,0.2,35,,,,both,True,cache,set:name_exact+card:name_number
2026-10-02-193851,2026-10-02T17:38:51Z,180,23561,96,Fezandipiti (Cosmos Holo),Trick or Trade BOOster Bundle 2024,096/167,pk_9fef717584ef3b96cbece4be62b203007be6079ac628dd45567bcbda75c3f32791c8db31c5b7f24bc793f2d1dcf924,Fezandipiti (Cosmos Holo),TTBB24,Trick or Trade BOOster Bundle 2024,0.23,0.05,19.82,,,,both,True,cache,set:name_exact+card:name_number
2026-10-02-193851,2026-10-02T17:38:51Z,21,23639,29,Hisuian Typhlosion VSTAR (JP),Battle Region,029/067,pk_a95dc44d3c30745127af62856982ae41523352b5e2d9d4bdcf23a8b7943422ad1eb052298f71971731d04bbb53586f,Hisuian Typhlosion VSTAR - 029/067,S9a,S9a: Battle Region,0.84,0.55,2.99,,,,both,True,cache,set:name_suffix+card:name_number
2026-10-02-193851,2026-10-02T17:38:51Z,160,23643,330,Zamazenta V (JP),Shiny Star V,330/190,pk_51d0ba46a4faeffccb66fb3c67a158ae034bff3019ea6e3543b18a3a3f0308d686816d787a8af7be8e5dbd634d746075,Zamazenta V - 330/190,S4a,S4a: Shiny Star V,9.92,9.45,13,,,,both,True,cache,set:name_suffix+card:name_number
2026-10-02-193851,2026-10-02T17:38:51Z,188,23645,115,Radiant Eternatus (JP),VSTAR Universe,115/172,pk_98e262de840f758e80fbe90931148798e7f00117b1f35fd725424f3ba8c587b13428decd99308594bae1d92119f5996d,Radiant Eternatus,S12a,S12a: VSTAR Universe,0.63,0.42,3.25,,,,both,True,cache,set:name_suffix+card:name_number
2026-10-02-193851,2026-10-02T17:38:51Z,189,23645,41,Zeraora VMAX (JP),VSTAR Universe,041/172,pk_b7e177a6b6849247185a2d7481a34e80068e3502fb1e961d33da58116279603e763fcc8468db9c79d9543929834a11,Zeraora VMAX - 041/172,S12a,S12a: VSTAR Universe,0.96,0.59,4.6,,,,both,True,cache,set:name_suffix+card:name_number
2026-10-02-193851,2026-10-02T17:38:51Z,187,23645,48,Gengar (JP),VSTAR Universe,048/172,pk_1b3305af20ac1686743867fb66dc9015f529edc54e80bf9935c9d2a4de0c57a9d6b1aad4bc60f65f1f58b0ba39f90b,Gengar,S12a,S12a: VSTAR Universe,2.6,1.85,5.99,,,,both,True,cache,set:name_suffix+card:name_number
2026-10-02-193851,2026-10-02T17:38:51Z,162,23651,133,Alolan Exeggutor ex,Surging Sparks,133/191,pk_a3a9e0bfcc50fff4210e45ed6138ad1cd462dbd1c48e023725a140a137f5c745e79ee5467b8dea605fabb063e647422e,Alolan Exeggutor ex - 133/191,SSP,SV08: Surging Sparks,0.79,0.3,20,,,,both,True,cache,set:name_suffix+card:name_number
2026-10-02-193851,2026-10-02T17:38:51Z,163,23651,141,Eternatus,Surging Sparks,141/191,pk_78fd33d8a65a9b4d0a46e32370c0d20886d987c55b09775891c529920f7f05ad35650b31d75287ff5754096d29b103c1,Eternatus,SSP,SV08: Surging Sparks,0.22,0.01,15.19,,,,both,True,cache,set:name_suffix+card:name_number
2026-10-02-193851,2026-10-02T17:38:51Z,164,23651,31,Skeledirge,Surging Sparks,031/191,pk_f16db9de182cfb6083d218af939edc8c02171b79655d8a575dd3dbbae900d6c4259218acd7978b20bc90fdc5bd8c70,Skeledirge,SSP,SV08: Surging Sparks,0.23,0.01,19.82,,,,both,True,cache,set:name_suffix+card:name_number
2026-10-02-193851,2026-10-02T17:38:51Z,165,23651,86,Sylveon ex,Surging Sparks,086/191,pk_5707d10fd8369ec2f1f24eb14889bb83b7016a7905b023014f3063b775e0bdd97db3e9b3b46cbfa0a94702f75c954d,Sylveon ex,SSP,SV08: Surging Sparks,2.69,1.48,44,,,,both,True,cache,set:name_suffix+card:name_number
2026-10-02-193851,2026-10-02T17:38:51Z,118,2374,10,Ho-Oh (EB Games Exclusive),Miscellaneous Cards & Products,010/086,pk_99641324acffe938f1000c204b6267e10aba0335c7582f32ae04cfb4adf1a38a4a4941028e6c3df695f87edba65d,Abomasnow - 010/198 (Holiday Calendar),MCAP,Miscellaneous Cards & Products,0.52,0.2,19.82,,,,tcgplayer,True,cache,set:name_exact+card:set_number
2026-10-02-193851,2026-10-02T17:38:51Z,122,2374,125,Steelix (Cosmos Holo),Miscellaneous Cards & Products,125/182,pk_63187dec1b2cdb10faaf06e599df131598cb86715c672e91d9afd386c81753b03107f2a4e9ab8b832461002b6fb2a2,Steelix - 125/182 (Cosmos Holo),MCAP,Miscellaneous Cards & Products,10.78,7.6,94.44,,,,tcgplayer,True,cache,set:name_exact+card:name_number
2026-10-02-193851,2026-10-02T17:38:51Z,119,2374,19,Keldeo (Chaos Rising Stamped),Miscellaneous Cards & Products,019/086,pk_4def3ddb9cf6f5e8b358ea33cbf2b5dd00c93d01fcb0a89c5cc8cf8470c79baaa90c83ce0770a56ae9671b6c67ad,Charmeleon - 19/147 (Premium Collection Promo),MCAP,Miscellaneous Cards & Products,2.99,1,9999,,,,tcgplayer,True,cache,set:name_exact+card:set_number
2026-10-02-193851,2026-10-02T17:38:51Z,120,2374,48,Lapras (Holiday Calendar),Miscellaneous Cards & Products,048/202,pk_42d13c2e4a0cf744c1c21edde5aece9093bd8975ef8605f84dfc6d305bfad0a302451cd5dc17210ce9a14914d09f,Lapras - 048/202 (Holiday Calendar),MCAP,Miscellaneous Cards & Products,4.44,3.5,208.45,,,,tcgplayer,True,cache,set:name_exact+card:name_number
2026-10-02-193851,2026-10-02T17:38:51Z,121,2374,51,Pikachu (Pokemon Day 2026),Miscellaneous Cards & Products,051/162,pk_d4f24568d941a202fe8cbf136314d74c09ec8f45505cdeea665fa228eb9621dba15018f4618a1d7d86f0aca64826,Team Rocket's Articuno (Destined Rivals Stamp),MCAP,Miscellaneous Cards & Products,30.28,27,263.24,,,,tcgplayer,True,cache,set:name_exact+card:set_number
2026-10-02-193851,2026-10-02T17:38:51Z,167,23806,4,Pokegear 3.0,SV: Premium Trainer Box ex,004/028,pk_299fd3b222cbfa5c687c2459573a7743ca5c380973d35bc90f58f51d71f445677023997be85d83836d314471f7fe,Pokegear 3.0,svB,SV: Premium Trainer Box ex,,2,2,,,,both,True,cache,set:name_exact+card:name_number
2026-10-02-193851,2026-10-02T17:38:51Z,158,23821,59,Umbreon (Poke Ball Pattern),Prismatic Evolutions,059/131,pk_b1f5b1464aba9b6c5571ff23721b6705aa9b22fa212ebd30e52e06641b1605a9bd4aad790064217fdd563bdb9110aa,Umbreon,PRE,SV: Prismatic Evolutions,0.47,0.05,999,,,,both,True,cache,set:name_suffix+card:name_number
2026-10-02-193851,2026-10-02T17:38:51Z,157,23821,60,Umbreon ex,Prismatic Evolutions,060/131,pk_2b6d27a8bd0706fab12b1c79927ebd9b1be2680bf7a01e9b2287e3487906bb3a32bcccbcabc6f0c707dad8fb74abf7,Umbreon ex - 060/131,PRE,SV: Prismatic Evolutions,8.43,7,5000,,,,both,True,cache,set:name_suffix+card:name_number
2026-10-02-193851,2026-10-02T17:38:51Z,46,23898,25,Raikou EX (JP),Dark Rush,025/069,pk_7201316b5cf55d48877d41b59d146ac09251fb17057366bbdff613a658dd01f16ee92709aac4476fac6dffd2ade440,Raikou EX - 025/069,BW4,BW4: Dark Rush,8.13,6,8,,,,both,True,cache,set:name_suffix+card:name_number
2026-10-02-193851,2026-10-02T17:38:51Z,171,23909,92,Umbreon (JP),Terastal Festival ex,092/187,pk_4c3160078b4650174ea9bf9be70f740a408ed04b35aa42c9d29a2f95a41d1aa1925c143dcbcd513b75f9ab389b9c21,Umbreon,SV8a,SV8a: Terastal Fest ex,0.33,0.1,25,,,,both,True,cache,set:name_suffix+card:name_number
2026-10-02-193851,2026-10-02T17:38:51Z,79,24084,101,Mightyena ex,EX Holon Phantoms,101,pk_67f5b981f882f8227f8d48d5f974446a6d273030ec7b6af375d29392802f41ad8b0ee144e2f9f982e703c288d36b,Mightyena ex,HP,Holon Phantoms,99.99,74.99,200.01,,,,both,True,cache,set:name_fuzzy+card:name_number
2026-10-02-193851,2026-10-02T17:38:51Z,78,24084,63,Corphish (63),EX Holon Phantoms,63,pk_fdf090364ffa6990b3971ae357b5ae65e0a2dc6185ca0f2774d43898029e95457d62c813414433e4897773c7f8,Corphish - 063/110,HP,Holon Phantoms,0.37,0.15,19.82,,,,both,True,cache,set:name_fuzzy+card:name_number
2026-10-02-193851,2026-10-02T17:38:51Z,80,24084,80,Poochyena,EX Holon Phantoms,80,pk_d9edf81234590dbbad70bb58148381a6f4f0634f93ea548b8dea5d4f58b22895dd91316cdc66ac4a0a5e2d54dd,Poochyena,HP,Holon Phantoms,0.56,0.18,19.82,,,,both,True,cache,set:name_fuzzy+card:name_number
2026-10-02-193851,2026-10-02T17:38:51Z,51,2409,16,Lickitung (Holo Common),Detective Pikachu,16,pk_276d5b96e9f2113b490f393c244303c461cebf6485c759cd806f264d552b98fa8608b33a83e51d10a305fb1216,Lickitung (Holo Common),DEP,Detective Pikachu,0.43,0.1,5.6,,,,both,True,cache,set:name_exact+card:name_number
2026-10-02-193851,2026-10-02T17:38:51Z,52,2409,3,Morelull (Holo Common),Detective Pikachu,3,pk_c34ccdb4dae95dece608da5b7fbefeb08a745d2f21f5f5ca6c5f4611b40d002eeecdfd0765ae7d353bf82c60,Morelull (Holo Common),DEP,Detective Pikachu,0.37,0.05,18.2,,,,both,True,cache,set:name_exact+card:name_number
2026-10-02-193851,2026-10-02T17:38:51Z,50,24269,31,Team Rocket's Moltres ex,Destined Rivals,031/182,pk_fe5ffd94ab2efa61fd675d3f770a7afbb675808cd2636ebc962f577881d58578da8d880db3eb32ed7cb4acaf5b437d,Team Rocket's Moltres ex,DRI,SV10: Destined Rivals,0.9,0.29,50,,,,both,True,cache,set:name_suffix+card:name_number
2026-10-02-193851,2026-10-02T17:38:51Z,169,24310,68,Dark Machamp (JP),Team Rocket (Japanese),068,pk_876dc6c58cd715df1e523a8184fc6abbe908245e95e0f6a91e3519de1605485d3fc27dcadc2ba8b6e5c7fbaae58df1,Team Rocket's Muk,SV10,SV10: The Glory of Team Rocket,0.16,0.1,20,,,,both,True,cache,set:name_suffix+card:set_number
2026-10-02-193851,2026-10-02T17:38:51Z,22,24325,160,Excadrill ex,Black Bolt,160/086,pk_0618f0c2d2f265c829e60c6b083d3c13d1d132378f4f0d0dbe3eee1beca9741608752a08a762723acb62e7a4eef0e484,Excadrill ex - 160/086,BLK,SV: Black Bolt,0.81,0.45,19.82,,,,both,True,cache,set:name_suffix+card:name_number
2026-10-02-193851,2026-10-02T17:38:51Z,113,24399,29,Mega Lucario,Mega Brave,029/063,pk_4c6411ddd156628208cbc5a225cdc3541466822a14214104d8d21db537b477aa45551f7c5b3d6775dffefc59237d31,Mega Lucario ex - 029/063,m1L,m1L: Mega Brave,0.47,0.1,7.95,,,,both,True,cache,set:name_suffix+card:set_number
2026-10-02-193851,2026-10-02T17:38:51Z,117,24451,48,Totodile,Mega Evolution Promos,048,pk_072207ad9297659e5746e52ec9c8bc39911ceacad70068fe9dbfe4ba8f8006f8e4a80539788f53cb6215db,Totodile - 048,MEP,ME: Mega Evolution Promo,10.36,8.25,750,,,,both,True,cache,set:name_suffix+card:name_number
2026-10-02-193851,2026-10-02T17:38:51Z,116,24451,80,Fennekin (Pokemon Center Exclusive),Mega Evolution Promos,080,pk_bbab28d7c59388f77121c54255fcdeb17624eecf4f001e6d683de6cec6864e3772f9d4fbb13a07c004c804,Fennekin - 080 (Pokemon Center Exclusive),MEP,ME: Mega Evolution Promo,31.72,29.99,155,,,,both,True,cache,set:name_suffix+card:name_number
2026-10-02-193851,2026-10-02T17:38:51Z,115,24451,9,Alakazam,Mega Evolution Promos,009,pk_c9aea0a8a0e8e48ec83de65e6f59edfb17980fca97d64f3296b742d679dba395e20cd7e42d2afea01f99,Alakazam - 009,MEP,ME: Mega Evolution Promo,7.17,6.49,197.6,,,,both,True,cache,set:name_suffix+card:name_number
2026-10-02-193851,2026-10-02T17:38:51Z,112,24461,7,Basic Darkness Energy - 007,MEE: Mega Evolution Energies,7,pk_29e13b2117aaf263383ecb86799feb46bda50e73f455f5db614e5d2bf8438d6bc81fba0116dab31d98c9,Basic Darkness Energy - 007,MEE,MEE: Mega Evolution Energies,0.12,0.01,19.82,,,,both,True,cache,set:name_exact+card:name_number
2026-10-02-193851,2026-10-02T17:38:51Z,114,24499,127,Rayquaza,MEGA Dream ex,127/193,pk_cfe5c592524d2b41f855597a9bd0914284acd7d6cf071b4b7aada58a9d31e2c5207e823c9e22e4a61840fee142b6719e,Rayquaza,M2a,MEGA Dream ex,0.41,0.04,2.48,,,,both,True,cache,set:name_exact+card:name_number
2026-10-02-193851,2026-10-02T17:38:51Z,2,24541,105,Lunatone (Energy Symbol Pattern),Ascended Heroes,105/217,pk_d9793a6e167d65575e19e3ae7d60b8e5c439ac345bb527d4a3ae8133d48e961d604f14083371f0177c3dac1afce9a36c,Lunatone (Energy Symbol Pattern),ASC,ME: Ascended Heroes,0.3,0.19,19.82,,,,both,True,cache,set:name_suffix+card:name_number
2026-10-02-193851,2026-10-02T17:38:51Z,148,24587,22,Lapras ex,Perfect Order,022/088,pk_6b6058efd9c802b1e389e3e8417beba544e9241a26832cdb57cb00689cbefae026c62e996e138527db0318cb5e5150,Lapras ex,POR,ME03: Perfect Order,0.55,0.24,48,,,,both,True,cache,set:name_suffix+card:name_number
2026-10-02-193851,2026-10-02T17:38:51Z,151,24587,45,Tyrantrum,Perfect Order,045/088,pk_9a566c22d95bc1f0f907c0d57a0ad942b552a239c172dcb227c416d9fde6cab5c4d862169572858ea7b857c0379f29,Tyrantrum,POR,ME03: Perfect Order,0.2,0.01,19.82,,,,both,True,cache,set:name_suffix+card:name_number
2026-10-02-193851,2026-10-02T17:38:51Z,152,24587,53,Yveltal ex,Perfect Order,053/088,pk_1e6522572a390cd7e5c23e5ecf2c9fac8b120535aa82c09d4f9984b7b812f64608d4cba43f14b12fd4e67b9b11085c,Yveltal ex - 053/088,POR,ME03: Perfect Order,0.58,0.17,78,,,,both,True,cache,set:name_suffix+card:name_number
2026-10-02-193851,2026-10-02T17:38:51Z,149,24587,81,Poke Pad,Perfect Order,081/088,pk_931385744e03adf02b53d63b0b5181baad5effbce0bc1fff88795f53899430b69556d2ae8cbf4808da4f4d3251dc66,Poke Pad - 081/088,POR,ME03: Perfect Order,0.27,0.01,64,,,,both,True,cache,set:name_suffix+card:name_number
2026-10-02-193851,2026-10-02T17:38:51Z,150,24587,84,Rosa's Encouragement,Perfect Order,084/088,pk_8810b78bc3a3bdebb9201f6d8a50758931d2f3254f984671f4aa3335e7510be08f22c912a94c54e06476864803a175,Rosa's Encouragement - 084/088,POR,ME03: Perfect Order,0.13,0.01,20,,,,both,True,cache,set:name_suffix+card:name_number
2026-10-02-193851,2026-10-02T17:38:51Z,147,24587,95,Espurr,Perfect Order,095/088,pk_1721a12a511d93baa9516f9bac24a1f826618b9abb9ca54c213b15d7cab38af7e7933f1be49adc83c52a0c3af2ed63,Espurr - 095/088,POR,ME03: Perfect Order,3.27,2.4,95.2,,,,both,True,cache,set:name_suffix+card:name_number
2026-10-02-193851,2026-10-02T17:38:51Z,146,24587,98,Doublade,Perfect Order,098/088,pk_65b2536d7639562b8ed8b08bb039fc5a5a4a2d9772d65a5d052364bb0d1aa5ae674a66119c5ddbe6da62810f93b620,Doublade - 098/088,POR,ME03: Perfect Order,1.77,0.95,52.12,,,,both,True,cache,set:name_suffix+card:name_number
2026-10-02-193851,2026-10-02T17:38:51Z,136,24600,101,Energy Recycler,Nihil Zero,101/080,pk_9c6825b0e51299337bd4171d063d419e767b6d0949c4452ec445c03cbaf3712a5218ce42b18dbe523f795400781ea6da,Energy Recycler,M3,M3: Nihil Zero,0.43,0.18,6,,,,tcgplayer,True,cache,set:name_suffix+card:name_number
2026-10-02-193851,2026-10-02T17:38:51Z,138,24600,80,Rock F Energy,Nihil Zero,080/080,pk_cfb5c669ddb308a8ee9dabd6031658f663f509fb054958d15a2aad15f53ea09003f45570a88b1c5ba2a0a5d2496dd3,Rock F Energy,M3,M3: Nihil Zero,0.19,0.03,1,,,,both,True,cache,set:name_suffix+card:name_number
2026-10-02-193851,2026-10-02T17:38:51Z,139,24600,82,Rowlet,Nihil Zero,082/080,pk_ddc49b0cf6796ec8cf435b246c6a8257c09972ae1b0e369d24d820310692919136380a1e7c80f5e5708d26633411b4,Rowlet - 082/080,M3,M3: Nihil Zero,3.01,2,9.99,,,,both,True,cache,set:name_suffix+card:name_number
2026-10-02-193851,2026-10-02T17:38:51Z,135,24600,86,Clefairy,Nihil Zero,086/080,pk_de54928af8a10d7c6a84bfe3840871f99a0f42044c3aa5eb7508ef7f226a837dff6e5b82aad099e3cfe88c7cff779b,Clefairy - 086/080,M3,M3: Nihil Zero,9.9,7.25,20,,,,both,True,cache,set:name_suffix+card:name_number
2026-10-02-193851,2026-10-02T17:38:51Z,137,24600,92,Raticate,Nihil Zero,092/080,pk_d84f0bf5cc7339e3ae4ebb1ef8cefb16da930ea38c2c530e1d9f646f625033f7bb410e091493357a615ca2c1bbe051,Raticate - 092/080,M3,M3: Nihil Zero,1.61,1.18,9.99,,,,both,True,cache,set:name_suffix+card:name_number
2026-10-02-193851,2026-10-02T17:38:51Z,140,24600,94,Salazzle ex,Nihil Zero,094/080,pk_4b12268f3d797639ba2b2117cccd74e1ae6d3656dc12d4bafe471d7e3f1562d9a01d801d6f21d179349320243e803b,Salazzle ex - 094/080,M3,M3: Nihil Zero,2.5,1.44,7.99,,,,both,True,cache,set:name_suffix+card:name_number
2026-10-02-193851,2026-10-02T17:38:51Z,41,24655,15,Mega Pyroar ex,Chaos Rising,015/086,pk_224b6293e922be8add72b79b268ddbf6f6fc29379b467a99d31202dcbaebbe3515564f23b11759256771b08b6831a9,Mega Pyroar ex - 015/086,CRI,Chaos Rising,0.48,0.13,125,,,,both,True,cache,set:name_exact+card:name_number
2026-10-02-193851,2026-10-02T17:38:51Z,35,24655,29,Ampharos,Chaos Rising,029/086,pk_8912572396bc175b9498b25dcc05ab149d7b85d6e8660f891cb7ae71d985887865c7cb398a2fcae7a4bd554c27d55e,Ampharos - 029/086,CRI,Chaos Rising,0.16,0.01,14.19,,,,both,True,cache,set:name_exact+card:name_number
2026-10-02-193851,2026-10-02T17:38:51Z,36,24655,29,Ampharos,Chaos Rising,029/086,pk_8912572396bc175b9498b25dcc05ab149d7b85d6e8660f891cb7ae71d985887865c7cb398a2fcae7a4bd554c27d55e,Ampharos - 029/086,CRI,Chaos Rising,0.16,0.01,14.19,,,,both,True,cache,set:name_exact+card:name_number
2026-10-02-193851,2026-10-02T17:38:51Z,42,24655,39,Trevenant,Chaos Rising,039/086,pk_aad6381922fcc3cbf9bbcd5247dbc22b3697208f336d6a279b7d7eff7c095ba5c75e52791d62240725542177161b50,Trevenant,CRI,Chaos Rising,0.13,0.01,14.12,,,,both,True,cache,set:name_exact+card:name_number
2026-10-02-193851,2026-10-02T17:38:51Z,44,24655,42,Xerneas,Chaos Rising,042/086,pk_2f6bd60362838c31140be07b64d2eb15545ce5adce40884309d9c05fed0be03494a579ff44e3976e6a849b1e24d3a4,Xerneas - 042/086,CRI,Chaos Rising,0.17,0.01,14.19,,,,both,True,cache,set:name_exact+card:name_number
2026-10-02-193851,2026-10-02T17:38:51Z,40,24655,51,Crobat,Chaos Rising,051/086,pk_9abd30c72116d9b09a1f81ea12d63a4d79189295c65f43f7d6649f7a8a68b65ca91cc8e56044c6d845409c2b8e9a4c,Crobat - 051/086,CRI,Chaos Rising,0.14,0.01,14.14,,,,both,True,cache,set:name_exact+card:name_number
2026-10-02-193851,2026-10-02T17:38:51Z,38,24655,7,Chesnaught,Chaos Rising,007/086,pk_57715dc09938ab68315ed4b1f8691cddd1f8707e4235d145a966e7501fc3894c06bbac4fb213eb4358b00d005dc0,Chesnaught,CRI,Chaos Rising,0.2,0.01,14.2,,,,both,True,cache,set:name_exact+card:name_number
2026-10-02-193851,2026-10-02T17:38:51Z,39,24655,73,Cinccino ex,Chaos Rising,073/086,pk_0559fdc21cd36726cfa912643828a288aaecf192123e3ee9a26db6df8264bf79de0593574b41adc20af694df9c71bf,Cinccino ex - 073/086,CRI,Chaos Rising,0.63,0.05,999.99,,,,both,True,cache,set:name_exact+card:name_number
2026-10-02-193851,2026-10-02T17:38:51Z,37,24655,84,Bubbly Water Energy,Chaos Rising,084/086,pk_f6bff30a1f8eb6a35ef87a3a15fed48a69cbbf1d9dc9688599595df98d521607f6a790b127555d02bd83ed501f6554,Bubbly W Energy,CRI,Chaos Rising,0.16,0.01,20,,,,both,True,cache,set:name_exact+card:set_number
2026-10-02-193851,2026-10-02T17:38:51Z,43,24655,91,Xerneas,Chaos Rising,091/086,pk_7f1a7f8dc703a55cc3dbe026bfa63e965a50d369e9621ab1c17a6310a310c614d8f8fc6357578bfe5a6da30962c829,Xerneas - 091/086,CRI,Chaos Rising,5.32,4,79.99,,,,both,True,cache,set:name_exact+card:name_number
2026-10-02-193851,2026-10-02T17:38:51Z,153,24688,107,Energy Switch,Pitch Black,107/084,pk_174b40e586b34a845403b8a3dc6833d0177b8b2dc45416e41440cb3af89eda8070707e460e930a3cd2ecee2342b7998c,Energy Switch,PBL,Pitch Black,2.06,1.05,22.49,,,,both,True,cache,set:name_exact+card:name_number
2026-10-02-193851,2026-10-02T17:38:51Z,154,24688,83,Shadowy Darkness Energy,Pitch Black,083/084,pk_ea680540faf273481e5584c300b5f805752b335a1cf1ba19313afb2b6a5cb40f4185a0982d1bdbfc87b3556139f3e5,Shadowy Darkness Energy,PBL,Pitch Black,0.16,0.01,44,,,,both,True,cache,set:name_exact+card:name_number
2026-10-02-193851,2026-10-02T17:38:51Z,155,24688,90,Slowbro,Pitch Black,090/084,pk_a0a77deb608aad78a2a90a81eac06fff9699e0e7d9eac861af4a7f7fbfca21fc3b1af30d60645f7999067dd2e30395,Slowbro - 090/084,PBL,Pitch Black,6.54,5.69,49.99,,,,both,True,cache,set:name_exact+card:name_number
2026-10-02-193851,2026-10-02T17:38:51Z,84,2906,218,Greedent VMAX,Fusion Strike,218/264,pk_96e44171d7d3b664d630be7c01bbf54eb7039a07d79558fdf417afdddf3eac621f7599ad764e326fdfa062f910596c,Greedent VMAX,SWSH08,SWSH08: Fusion Strike,1.45,0.75,49.99,,,,both,True,cache,set:name_suffix+card:name_number
2026-10-02-193851,2026-10-02T17:38:51Z,34,2931,76,M Rayquaza EX,Celebrations: Classic Collection,76/108,pk_43f54df40801d2a0f26a58c5b2d812283721022e96a87e8968b763f35ea56d9261d385e23e30f174559ab27b3f7c,M Rayquaza EX,CCC,Celebrations: Classic Collection,36.64,33.29,5000,,,,both,True,cache,set:name_exact+card:name_number
2026-10-02-193851,2026-10-02T17:38:51Z,33,2948,0,Psychic Energy (2022 Unnumbered),Brilliant Stars,,pk_c39006e1899502137dd1afdbe95f9ad83e3e3bf4006ec6c6c0ef526e8e06d7dd2bb0cf2f09f5cc2521,Brilliant Stars Booster Box,SWSH09,SWSH09: Brilliant Stars,569.81,524.01,5000,,,,tcgplayer,True,cache,set:name_suffix+card:set_number
2026-10-02-193851,2026-10-02T17:38:51Z,20,604,14,Raichu,Base Set (Unlimited),14,pk_f48f0fa08d7d86139bffba53364d2e8d72d66c897bc1a5ea82879cec61881d77b42530a230a012f0d110d94d,Raichu,BS,Base Set,67.47,43.3,392.64,,,,both,True,cache,set:name_exact+card:name_number
2026-10-02-193851,2026-10-02T17:38:51Z,11,604,20,Electabuzz,Base Set (Unlimited),20,pk_c3520f841b7feceb93a0e3346b9bcae004214b8c25c51e2bf51d35fd37a5a01ecec76078e0ff6a74b4c44458,Electabuzz,BS,Base Set,9.97,4.26,96.95,,,,both,True,cache,set:name_exact+card:name_number
2026-10-02-193851,2026-10-02T17:38:51Z,9,604,24,Charmeleon,Base Set (Unlimited),24,pk_63059498412d098576b08dc76b1928cb9f5f94c5d144fc3cb6a7434cf6edf080ccede894abf811b59693f4cd,Charmeleon,BS,Base Set,3.33,0.33,39.99,,,,both,True,cache,set:name_exact+card:name_number
2026-10-02-193851,2026-10-02T17:38:51Z,13,604,27,Farfetch'd,Base Set (Unlimited),27,pk_5026dc6e5fe4605ebf0f11f4a27033d39e9fa60e25cce4868d62da9877df92acda968e4300a3ecd274cab845,Farfetch'd,BS,Base Set,1.42,0.2,96.51,,,,both,True,cache,set:name_exact+card:name_number
2026-10-02-193851,2026-10-02T17:38:51Z,15,604,30,Ivysaur,Base Set (Unlimited),30,pk_f41e61e6d58662cfe5e61c8f2c084ca103cf6276933330c2a8fb2bad75b234ff921a4cb083385fbec4262b2b,Ivysaur,BS,Base Set,5.59,0.7,250,,,,both,True,cache,set:name_exact+card:name_number
2026-10-02-193851,2026-10-02T17:38:51Z,16,604,32,Kadabra,Base Set (Unlimited),32,pk_ce4f3dac65006043ae6bfcd894e752dc8f81e4ce38341ba89419ee69d510b088c665d7c1ed1806198d820c04,Kadabra,BS,Base Set,2.72,0.4,9999,,,,both,True,cache,set:name_exact+card:name_number
2026-10-02-193851,2026-10-02T17:38:51Z,10,604,48,Doduo,Base Set (Unlimited),48,pk_aad9c0422a7884cc8bdbbdc68c5b096d0f43e4c6c54de94d4b363444f04a8d43cdb46d014c0c74d6345e3ddf,Doduo,BS,Base Set,1.16,0.35,44.99,,,,both,True,cache,set:name_exact+card:name_number
2026-10-02-193851,2026-10-02T17:38:51Z,14,604,50,Gastly,Base Set (Unlimited),50,pk_bc79fe1ffab8c7b0c88d2640f76c92180961be567645a36a7d574cec4b138c9e24af7778f9119c300e6a0938,Gastly,BS,Base Set,1.22,0.11,20.6,,,,both,True,cache,set:name_exact+card:name_number
2026-10-02-193851,2026-10-02T17:38:51Z,17,604,55,Nidoran M,Base Set (Unlimited),55,pk_7d26c7ba9fdf1e8c9b3020c9aae40f2f7dbe5ec9786fbba5175767680b76acb258705e84a22364805eaf7954,Nidoran M,BS,Base Set,0.77,0.2,50,,,,both,True,cache,set:name_exact+card:name_number
2026-10-02-193851,2026-10-02T17:38:51Z,18,604,58,Pikachu,Base Set (Unlimited),58,pk_25f404f23fc742cedbecc9f124cd4ce940eae98f175f66f0199b55b6ef6712372e947bd568d7442b9cb43082,Pikachu,BS,Base Set,11.56,3.66,1000,,,,both,True,cache,set:name_exact+card:name_number
2026-10-02-193851,2026-10-02T17:38:51Z,19,604,59,Poliwag,Base Set (Unlimited),59,pk_f945e7d65b5134d135ce9f68bcbabfbc647e0cead6762814ea0fcdd71b17fdc9dcb6eb83c63b9ea56f9d6395,Poliwag,BS,Base Set,0.9,0.2,1500,,,,both,True,cache,set:name_exact+card:name_number
2026-10-02-193851,2026-10-02T17:38:51Z,12,604,81,Energy Retrieval,Base Set (Unlimited),81,pk_00b5dc543b178932c9fa2e714434bfd47060ff72e206017db203799a9b3b44c92858686710e4387c48aefe3d,Energy Retrieval,BS,Base Set,0.63,0.1,17.94,,,,both,True,cache,set:name_exact+card:name_number
2026-10-02-193851,2026-10-02T17:38:51Z,4,605,10,Mewtwo,Base Set 2,10,pk_1b7e570e10be97b3432489762909c6b4fae75deb5d4a62171c9e8f0e53cf5461ca105224c1b670a5d5bad4ca,Mewtwo,BS2,Base Set 2,103.56,47.99,680.84,,,,both,True,cache,set:name_exact+card:name_number
2026-10-02-193851,2026-10-02T17:38:51Z,3,605,69,Charmander,Base Set 2,69,pk_3bf1618e2dd102f9bed90065dec525c07e0b93d05c36dbe30b110bcab2eb3d7c997bbe84b3c01e806229dd9c,Charmander,BS2,Base Set 2,1.8,0.4,7,,,,both,True,cache,set:name_exact+card:name_number
2026-10-02-193851,2026-10-02T17:38:51Z,5,605,97,Venonat,Base Set 2,97,pk_ba7c59b82958296edc9a47f3e48acddd7eca64a1fb5b9eed6a2f4140a20a5aaaa7e487db6c1a8e3d15762ec5,Venonat,BS2,Base Set 2,1.17,0.29,29.8,,,,both,True,cache,set:name_exact+card:name_number
2026-10-02-193851,2026-10-02T17:38:51Z,102,635,20,Jolteon,Jungle,20,pk_461527c83f7a290bee7155a0b343b55dfcab32d41b02bb6d40ee319eec4064ef8669f2086fb6d78b045d234f,Jolteon (20),JU,Jungle,25.43,9,110,,,,both,True,cache,set:name_exact+card:name_number
2026-10-02-193851,2026-10-02T17:38:51Z,95,635,33,Butterfree,Jungle,33,pk_7d11d50a6d50847c77bd6823d254485585acd8a9c2e40d0cc6148bcd3acd7b480fba6ecd86f5d558759c03,Butterfree,JU,Jungle,1.86,0.37,30,,,,both,True,cache,set:name_exact+card:name_number
2026-10-02-193851,2026-10-02T17:38:51Z,98,635,36,Fearow,Jungle,36,pk_7e3a78e7e005eddf094729eaa73e441d78cebe7da414613e942119c74e0fd5b01ef817ccd9db0271c91167,Fearow,JU,Jungle,1.07,0.25,24.6,,,,both,True,cache,set:name_exact+card:name_number
2026-10-02-193851,2026-10-02T17:38:51Z,103,635,45,Rhydon,Jungle,45,pk_90c98b7b8dee6dc2e6ab93a853e288889d7f362464451e75c2208d78844dad2d7dec7300849d9381487269,Rhydon,JU,Jungle,10.66,4.07,96.95,,,,both,True,cache,set:name_exact+card:name_number
2026-10-02-193851,2026-10-02T17:38:51Z,105,635,48,Weepinbell,Jungle,48,pk_0e47420544a15eaa773e785d8827938dcdb514cd1937eb0d034abbc2192a86eb990aa794f3d79635bc51ce,Weepinbell,JU,Jungle,3.74,1,96.95,,,,both,True,cache,set:name_exact+card:name_number
2026-10-02-193851,2026-10-02T17:38:51Z,96,635,50,Cubone,Jungle,50,pk_8c13e61fad444fe18ddf721dee999050236fb0eceecf8cc2b331c0a4e6f8b2cd486955d58ebff6a1129f66,Cubone,JU,Jungle,13.23,3.5,96.95,,,,both,True,cache,set:name_exact+card:name_number
2026-10-02-193851,2026-10-02T17:38:51Z,97,635,52,Exeggcute,Jungle,52,pk_27e3f6859943ea1f8ad4c56dcaf539f4008f8e91966d17bc22f301ed9cc09e96b03c03d67313ebdab10847,Exeggcute,JU,Jungle,2.54,0.88,96.95,,,,both,True,cache,set:name_exact+card:name_number
2026-10-02-193851,2026-10-02T17:38:51Z,99,635,53,Goldeen,Jungle,53,pk_806c748371a08df608e2e5af4de74ae4e835596ec37678dab2b0c582b2b1f0a66471574d1687b6ed8be27e,Goldeen,JU,Jungle,0.46,0.14,15.32,,,,both,True,cache,set:name_exact+card:name_number
2026-10-02-193851,2026-10-02T17:38:51Z,100,635,54,Jigglypuff,Jungle,54,pk_d780213ed78195def48858d2d12e3eb1c489cc01581ff04cc21077dfa3681bdc048cd8b37a94b51452b8c0,Jigglypuff,JU,Jungle,7.17,2.96,96.95,,,,both,True,cache,set:name_exact+card:name_number
2026-10-02-193851,2026-10-02T17:38:51Z,104,635,61,Rhyhorn,Jungle,61,pk_2a33203e3fba2955abc3eb875171c776b475cac6e9a9d3820e714f06d66b38f444cd5d635351e2a09e4b28,Rhyhorn,JU,Jungle,2.71,0.88,96.95,,,,both,True,cache,set:name_exact+card:name_number
2026-10-02-193851,2026-10-02T17:38:51Z,6,,96,Drowzee (JP),Base Set (Japanese),096,,,,,,,,,,,,False,orphan,set:none
2026-10-02-193851,2026-10-02T17:38:51Z,7,,62,Poliwrath (JP),Base Set (Japanese),062,,,,,,,,,,,,False,orphan,set:none
2026-10-02-193851,2026-10-02T17:38:51Z,25,,53,Deoxys VMAX,Brave Stars (Charm),053/127,,,,,,,,,,,,False,orphan,set:none
2026-10-02-193851,2026-10-02T17:38:51Z,26,,19,Raichu V,Brave Stars (Charm),019/127,,,,,,,,,,,,False,orphan,set:none
2026-10-02-193851,2026-10-02T17:38:51Z,27,,129,Solrock,Brave Stars (Charm),129/127,,,,,,,,,,,,False,orphan,set:none
2026-10-02-193851,2026-10-02T17:38:51Z,28,,27,Zeraora V,Brave Stars (Charm),027/127,,,,,,,,,,,,False,orphan,set:none
2026-10-02-193851,2026-10-02T17:38:51Z,29,,113,Oranguru V,Brave Stars (Courage),113/128,,,,,,,,,,,,False,orphan,set:none
2026-10-02-193851,2026-10-02T17:38:51Z,30,,4,Radiant Venusaur,Brave Stars (Courage),004/128,,,,,,,,,,,,False,orphan,set:none
2026-10-02-193851,2026-10-02T17:38:51Z,31,,33,Serperior VSTAR,Brave Stars (Courage),033/128,,,,,,,,,,,,False,orphan,set:none
2026-10-02-193851,2026-10-02T17:38:51Z,87,,38,Blaine's Ninetales (JP),Gym Challenge (Japanese),038,,,,,,,,,,,,False,orphan,set:none
2026-10-02-193851,2026-10-02T17:38:51Z,93,,117,Misty's Seadra (JP),Gym Heroes (Japanese),117,,,,,,,,,,,,False,orphan,set:none
2026-10-02-193851,2026-10-02T17:38:51Z,131,,95,Onix (JP),Neo Genesis (Japanese),095,,,,,,,,,,,,False,orphan,set:none
2026-10-02-193851,2026-10-02T17:38:51Z,186,,60,Poliwag (JP),Vending Series 1 (Blue),060,,,,,,,,,,,,False,orphan,set:none
2026-10-02-195354,2026-10-02T17:53:54Z,111,-113,54,Slowpoke,Lost Thunder,54,2d03e057e6e3be88c6cd23dbfbd0afc4d3d3a0fc1142f1170129ef5d2eb28d9e,Slowpoke,LOT,,,,,,,,cardmarket,True,cache,set:name_exact+card:name_number
2026-10-02-195354,2026-10-02T17:53:54Z,1,-38,90,Roaring Moon ex (JP),Ancient Roar,090/066,pk_b15b78a21cb16a19c9934d004b37011522a8e8b52386bb71544a8e585b45952c55bf11d1852e051cbd9a110a02c8c5,Roaring Moon ex - 090/066,SV4K,SV4K: Ancient Roar,40.63,38,70,,,,both,True,cache,set:name_exact+card:name_number
2026-10-02-195354,2026-10-02T17:53:54Z,190,-42,80,Gastly (JP),Wild Force,080/071,pk_51b7bb31edf1939b662c9533110216e8a78391e1406d01d0d33503aad9131294e8038a7e215494b2508f352fe7f9ef,Gastly - 080/071,SV5K,SV5K: Wild Force,37.36,33,200,,,,both,True,cache,set:name_exact+card:name_number
2026-10-02-195354,2026-10-02T17:53:54Z,168,1373,17,Rainbow Energy (17),Team Rocket,17,pk_f3e9793a32fe072f5632e5f156bba775f9cb692b953be769991b53d4aed0a9d5dbc6910ad76ca744be005452,Rainbow Energy (17),TR,Team Rocket,40.67,31.11,471.34,,,,both,True,cache,set:name_exact+card:name_number
2026-10-02-195354,2026-10-02T17:53:54Z,107,1374,67,Abra,Legendary Collection,67,64758a9fba72ea94ca400f3642dfd462047ce2832943d1b05790c8a24daf7c4f,Abra,LC,,,,,,,,cardmarket,True,cache,set:name_exact+card:name_number
2026-10-02-195354,2026-10-02T17:53:54Z,108,1374,69,Caterpie,Legendary Collection,69,0bff60d5f45980ce17d24f5825446e36c780b53bf24085665b5920ccf4116652,Caterpie,LC,,,,,,,,cardmarket,True,cache,set:name_exact+card:name_number
2026-10-02-195354,2026-10-02T17:53:54Z,161,1384,8,Rayquaza C,Supreme Victors,8,pk_53542c3fd04fb92cd5a82cfa2eba564153cd487d9c80bcc1b4aca190c302f9b06d3c1c4a6a4411b8,Rayquaza C,SV,Supreme Victors,70.62,399,499.99,,,,both,True,cache,set:name_exact+card:name_number
2026-10-02-195354,2026-10-02T17:53:54Z,142,1385,73,Terrakion,Noble Victories,73,pk_29af6af6f1579d15f2dc8fbf301d7dcced9a1799b83987267e30342e1bf204df419ec41619e15fae2397df4146,Terrakion,NVI,Noble Victories,2.43,1.9,32.84,,,,both,True,cache,set:name_exact+card:name_number
2026-10-02-195354,2026-10-02T17:53:54Z,141,1385,84,Cobalion,Noble Victories,84,pk_33cb896ef57cbbe0d68f0df0b617bba574ae49a5bfbf93d1d417586c12beeb4c46097213d6aee86acd292a0134,Cobalion,NVI,Noble Victories,1.62,1,27.24,,,,both,True,cache,set:name_exact+card:name_number
2026-10-02-195354,2026-10-02T17:53:54Z,191,1387,68,Sableye,XY Base Set,68,pk_b3f70dbc61dfa59040555de8fcd10439bad07c0f7bdbaeb1c250913f148f6e29693e771be436b2bfb1686c893d,Sableye,XY,XY Base Set,0.53,0.2,14.99,,,,both,True,cache,set:name_exact+card:name_number
2026-10-02-195354,2026-10-02T17:53:54Z,132,1389,17,Entei (17),Neo Revelation,17,pk_a2178f6bd72942e0f3deafa700ac9da07409e5cbf5963f2060b67cd7203d72234ad97eec6e40d85b96bb966f,Entei (17),N3,Neo Revelation,82.23,35.89,848.84,,,,tcgplayer,True,cache,set:name_exact+card:name_number
2026-10-02-195354,2026-10-02T17:53:54Z,133,1389,18,Ho-oh,Neo Revelation,18,pk_5218d78169cd302950269c4fb4739d0b3b2cce7dd477873ff2a2aa22516b021157b28dd95285f629eec7237d,Ho-oh (18),N3,Neo Revelation,117.89,54.99,9999,,,,tcgplayer,True,cache,set:name_exact+card:name_number
2026-10-02-195354,2026-10-02T17:53:54Z,134,1389,20,Lugia,Neo Revelation,20,pk_7c352b230d2d259ab112797b5bef75c9e41525839963501e22b576261acc1cc20d71efc7b969dbae14e3170d,Lugia,N3,Neo Revelation,62.57,35,9999,,,,tcgplayer,True,cache,set:name_exact+card:name_number
2026-10-02-195354,2026-10-02T17:53:54Z,72,1395,64,Squirtle (64),EX Crystal Guardians,64,pk_5a4bc5089043695ae6d3c18175d66b321dc2d9fdc445cdf61812a7b102de446b767e5d2e6e62f07d30f9e11549,Squirtle - 064/100,CG,Crystal Guardians,17.2,4.18,96.27,,,,both,True,cache,set:name_fuzzy+card:name_number
2026-10-02-195354,2026-10-02T17:53:54Z,126,1396,57,Cyndaquil (57),Neo Genesis,57,pk_bfb8cfc6531175cd476d1b1f977a2a11de55edc419b184e945db3318471dfa971345194ed7aefa51384457c1aa,Cyndaquil (57),N1,Neo Genesis,14.09,2.5,96.95,,,,tcgplayer,True,cache,set:name_exact+card:name_number
2026-10-02-195354,2026-10-02T17:53:54Z,128,1396,65,Mareep,Neo Genesis,65,pk_e4adcb9d0a11061a1d241a92586f8bed99896ce37b6ce0be661494253bd9e9ed4f003a8c0c73874ed687b0fd2a,Mareep,N1,Neo Genesis,3.65,1.8,30,,,,tcgplayer,True,cache,set:name_exact+card:name_number
2026-10-02-195354,2026-10-02T17:53:54Z,129,1396,74,Snubbull,Neo Genesis,74,pk_aa787e8dc3ff3a4203b1e0768eb14cae7e9d09efa6b30aa1221901f2ac59f1ec943c7ebc9cc5ae5b03ba23e0e3,Snubbull,N1,Neo Genesis,2.27,1,50,,,,tcgplayer,True,cache,set:name_exact+card:name_number
2026-10-02-195354,2026-10-02T17:53:54Z,130,1396,80,Totodile (80),Neo Genesis,80,pk_fa6f1636ccd356a500d6a2af0720eda65816adaebd1fbacefaaa34f8e4f912587436ef87cfa8cf2ecd11ec4af1,Totodile (80),N1,Neo Genesis,1.92,0.4,90,,,,tcgplayer,True,cache,set:name_exact+card:name_number
2026-10-02-195354,2026-10-02T17:53:54Z,82,1398,27,Ho-oh,EX Unseen Forces,27/115,pk_62eed384aebb3470749ae32f6182b79013e340eb290a373b098b18c57f3b0f8b4d47084c06d64b7320270e40a3,Ho-Oh,UF,Unseen Forces,7.81,6.77,74.74,,,,both,True,cache,set:name_fuzzy+card:name_number
2026-10-02-195354,2026-10-02T17:53:54Z,81,1398,54,Cyndaquil,EX Unseen Forces,54/115,pk_00f37841c6bd4ab2ce421090745d1f2d849d935d0039943b7d9e8b3cf7f0d4e20abd27dcf2a93ad167fd7c7444,Cyndaquil,UF,Unseen Forces,2.6,0.4,44.6,,,,both,True,cache,set:name_fuzzy+card:name_number
2026-10-02-195354,2026-10-02T17:53:54Z,185,1403,10,Umbreon,Undaunted,10,pk_a2bba8e9e05f3edc963632ced6b84410adfb96ba54c9d82dc7b6cbbaba99d12fb7ead9923ba1651bd0bbc06b,Umbreon,UD,Undaunted,96.83,90,679.34,,,,both,True,cache,set:name_exact+card:name_number
2026-10-02-195354,2026-10-02T17:53:54Z,109,1409,15,Virizion,Legendary Treasures,15,pk_b6ec8b056fe45cccee2b5c65490dff417cde2717807cf5a3f2118655482d11fc65ffaced33f37c4a1c70ddf8fb,Virizion,LTR,Legendary Treasures,1.7,0.99,49.99,,,,both,True,cache,set:name_exact+card:name_number
2026-10-02-195354,2026-10-02T17:53:54Z,74,1410,102,Fire Energy,EX Emerald,102,pk_2d41fe6f6139544ef4c99bbda7da1321e6c2473445123eba8fb5665a1ac2c34d3c87ba43f30fdc46876ce8b5b577,Fire Energy,EM,Emerald,17.6,12.65,184.24,,,,both,True,cache,set:name_fuzzy+card:name_number
2026-10-02-195354,2026-10-02T17:53:54Z,156,1413,126,Virbank City Gym,Plasma Storm,126,pk_de79b0b95e8292740c0042a5d1a751ba4b4488dd327a543d06b2e9e4e855427d379c79dd1d83ed3284d479d87410,Virbank City Gym,PLS,Plasma Storm,5.13,3,47.14,,,,both,True,cache,set:name_exact+card:name_number
2026-10-02-195354,2026-10-02T17:53:54Z,77,1416,60,Doduo,EX Hidden Legends,60,pk_fd55e9b969ae651b8fa7e8e5266a9b19f4878b62f396394f68617090ad2e35707fdf137feef3622030025b6357,Doduo,HL,Hidden Legends,0.36,0.1,19.82,,,,both,True,cache,set:name_fuzzy+card:name_number
2026-10-02-195354,2026-10-02T17:53:54Z,110,1417,52,Dragonair,Legends Awakened,52,pk_8a5b982b9d66dfb7a2f80c28eb6f28939fe2bb3d8f9bc9ce315cb685e007f425185a8c93eb6253e66d5521401a,Dragonair,LA,Legends Awakened,12.96,6.2,109.74,,,,both,True,cache,set:name_exact+card:name_number
2026-10-02-195354,2026-10-02T17:53:54Z,75,1419,46,Poliwhirl,EX FireRed & LeafGreen,46,pk_7e69972295f1bdf2aa0b87d8423ec9f4692d6bf91ea90b3fcf9bca02ce73f96421c30587a05530932f6f8bf58d,Poliwhirl,RG,FireRed & LeafGreen,4.62,4.91,35,,,,both,True,cache,set:name_fuzzy+card:name_number
2026-10-02-195354,2026-10-02T17:53:54Z,76,1419,78,Seel,EX FireRed & LeafGreen,78,pk_4f7665e05b3800de8173476326fccbe6afe2f7dc2ddfd0483eddc541869cdcda3a3001ea292dbe2986c919a6e7,Seel,RG,FireRed & LeafGreen,0.49,0.1,16.7,,,,both,True,cache,set:name_fuzzy+card:name_number
2026-10-02-195354,2026-10-02T17:53:54Z,73,1429,41,Dragonair,EX Delta Species,41,dc964117624a66a340572753e70c3911df2a612d13b00a1a1a81a2b5fe867f45,Dragonair δ Delta Species,DS,,,,,,,,cardmarket,True,cache,set:name_fuzzy+card:set_number
2026-10-02-195354,2026-10-02T17:53:54Z,54,1430,117,Energy Search,Diamond and Pearl,117,pk_627f265dd3440d20a05ef0dcd6bbec10d568ec410646c19b78dbbc823804e63489ab9dfeb34e931ccfe78ad24e16,Energy Search,DP,Diamond and Pearl,0.18,0.02,19.82,,,,both,True,cache,set:name_exact+card:name_number
2026-10-02-195354,2026-10-02T17:53:54Z,55,1430,117,Energy Search,Diamond and Pearl,117,pk_627f265dd3440d20a05ef0dcd6bbec10d568ec410646c19b78dbbc823804e63489ab9dfeb34e931ccfe78ad24e16,Energy Search,DP,Diamond and Pearl,0.18,0.02,19.82,,,,both,True,cache,set:name_exact+card:name_number
2026-10-02-195354,2026-10-02T17:53:54Z,53,1430,43,Budew,Diamond and Pearl,43,pk_edbbf2c21eaaaefb3f0d1d60c919372329675b3d2bb64627fab910861cdacd46e47871441b8082e8d8dfb3e8c4,Budew,DP,Diamond and Pearl,4.57,0.99,52.94,,,,both,True,cache,set:name_exact+card:name_number
2026-10-02-195354,2026-10-02T17:53:54Z,125,1434,32,Umbreon (32),Neo Discovery,32,pk_ed3624519e47271257a82a3f6a3f932f50dad08b11a8244c3c2ca9103cd37f6356994c8ee8228cd98a12a01b,Umbreon (32),N2,Neo Discovery,300,300,499.98,,,,tcgplayer,True,cache,set:name_exact+card:name_number
2026-10-02-195354,2026-10-02T17:53:54Z,124,1434,66,Tyrogue,Neo Discovery,66,pk_cac6e18a7e92b7abc0fad72666632c2ab9ea52faae88fb360ae74fccd6961a2fba8edf81f3deee1731ec78be,Tyrogue,N2,Neo Discovery,3.29,1.86,32.12,,,,tcgplayer,True,cache,set:name_exact+card:name_number
2026-10-02-195354,2026-10-02T17:53:54Z,89,1441,106,Brock's Training Method,Gym Heroes,106,pk_6b727457ca0fe15c2fc1455db4d1de85bc326f2dede3de89c8e16022f7b6e5d6c5f6651d12bc8ea471b8267db956,Brock's Training Method,G1,Gym Heroes,1.14,0.35,5,,,,tcgplayer,True,cache,set:name_exact+card:name_number
2026-10-02-195354,2026-10-02T17:53:54Z,92,1441,123,Misty's Duel,Gym Heroes,123,pk_1f77393ac0c2cff342ce80e4f83d4b039d455da883d5c5279fddab9181415ee12a7a859d522a2813dc92f31dccc6,Misty's Duel,G1,Gym Heroes,5.42,2.2,52.94,,,,tcgplayer,True,cache,set:name_exact+card:name_number
2026-10-02-195354,2026-10-02T17:53:54Z,91,1441,130,Lightning Energy,Gym Heroes,130,pk_31445d60b6bb5b719f38c2fbfb7ec1ad316c2c0608bde333ce4c6d61430ed40e39e44c7a49e2d9e775fcad6fba70,Lightning Energy,G1,Gym Heroes,2.11,0.45,95.24,,,,tcgplayer,True,cache,set:name_exact+card:name_number
2026-10-02-195354,2026-10-02T17:53:54Z,90,1441,43,Erika's Exeggcute (43),Gym Heroes,43,pk_ce2f5fe6baf2c2ee69cc6351f20132fd26d97c44ae91ab0c41c80d8b84522dc955466e9fcf916deadb08659552,Erika's Exeggcute (43),G1,Gym Heroes,6.24,3.52,58.46,,,,tcgplayer,True,cache,set:name_exact+card:name_number
2026-10-02-195354,2026-10-02T17:53:54Z,88,1441,69,Brock's Onix (69),Gym Heroes,69,pk_77be89039c43b92eb361e15926069a70eec974f076112c64c03e232933427d1f44e3e9f182680b2e3cede82ff4,Brock's Onix (69),G1,Gym Heroes,1.74,0.39,96.95,,,,tcgplayer,True,cache,set:name_exact+card:name_number
2026-10-02-195354,2026-10-02T17:53:54Z,123,1444,50,Light Ninetales,Neo Destiny,50,pk_90c9aa90e01303ed97e47d1e17aa299194980574c93cabb92c989d8d47e184978f3557370507513063a9073903,Light Ninetales,N4,Neo Destiny,28.55,15,129.3,,,,tcgplayer,True,cache,set:name_exact+card:name_number
2026-10-02-195354,2026-10-02T17:53:54Z,32,1661,69,Kirlia,BREAKthrough,69,pk_04165b50e725d66eaffee189b9831eb4bc37ce0151511eeb25343f2dbd1324df881f1263efdfe8e9f4d6d764b4d7,Kirlia,BKT,XY - BREAKthrough,0.42,0.12,16.36,,,,both,True,cache,set:name_suffix+card:name_number
2026-10-02-195354,2026-10-02T17:53:54Z,45,17689,gg60,Cynthia's Ambition,Crown Zenith: Galarian Gallery,GG60/GG70,pk_712127e0870de9b9252d990b063298a6bf7ead2d0c0611226a78d2dfa663b50f959f345622031ee5a493e7c69215344b81b6,Cynthia's Ambition,CRZ:GG,Crown Zenith: Galarian Gallery,23.17,19.95,186.92,,,,tcgplayer,True,cache,set:name_exact+card:name_number
2026-10-02-195354,2026-10-02T17:53:54Z,48,1840,13,Delphox - 013/086 (Non-Holo),Deck Exclusives,013/086,pk_03ebb83d14b57b84681330d01e499341acafbe5e177020f9097fd22604a6e0ca355c8c49915557fa142dd1ad4323,Delphox - 13/124 (XY Fates Collide),PR,Deck Exclusives,0.58,0.19,1.99,,,,tcgplayer,True,cache,set:name_exact+card:name_number
2026-10-02-195354,2026-10-02T17:53:54Z,47,1840,29,Ampharos - 029/086 (Non-Holo),Deck Exclusives,029/086,pk_36201a98df0c9ae78b81ef0cc27a69e9ffeeadd3745e7909a7a7988e6493efd80af368b35bc12fc354e5a1b2a2a2,Empoleon - 29/108 (Battle Arena Deck Exclusive),PR,Deck Exclusives,1.97,0.8,96.95,,,,tcgplayer,True,cache,set:name_exact+card:set_number
2026-10-02-195354,2026-10-02T17:53:54Z,49,1840,8,Machamp,Deck Exclusives,008/102,pk_8c7b7d6e3edf91d796bbfd511ca99f2d9c72ee3088563624ad03d5c24ce4298026540a64ba52a45de8a82138bd,Noctowl - 8/123 (HeartGold & SoulSilver),PR,Deck Exclusives,2.39,0.75,31.14,,,,tcgplayer,True,cache,set:name_exact+card:set_number
2026-10-02-195354,2026-10-02T17:53:54Z,71,1842,14,Vulpix,Evolutions,14/108,pk_f439ddf01cdda1c193e07b1f7a8579f754d5d6799b046e6a4f340a57c175af830cfb2bfed332fe3d999c2ee69b76,Vulpix,EVO,XY - Evolutions,0.22,0.01,14.21,,,,both,True,cache,set:name_suffix+card:name_number
2026-10-02-195354,2026-10-02T17:53:54Z,64,1842,23,Poliwag,Evolutions,23/108,pk_0819f6da2d6e7da5c76e543c5dd6dc4f3162bc64b8d4e66c8539362415507e67e817a0c81388b1fefac1d7a780af,Poliwag,EVO,XY - Evolutions,0.21,0.01,17.74,,,,both,True,cache,set:name_suffix+card:name_number
2026-10-02-195354,2026-10-02T17:53:54Z,65,1842,23,Poliwag,Evolutions,23/108,pk_0819f6da2d6e7da5c76e543c5dd6dc4f3162bc64b8d4e66c8539362415507e67e817a0c81388b1fefac1d7a780af,Poliwag,EVO,XY - Evolutions,0.21,0.01,17.74,,,,both,True,cache,set:name_suffix+card:name_number
2026-10-02-195354,2026-10-02T17:53:54Z,58,1842,29,Dewgong,Evolutions,29/108,pk_b2598173a2061059e0ff134c979798d7e40d466d4b1ee6d98c57795859e75f60112609cde97b3bd1926f239a0301,Dewgong,EVO,XY - Evolutions,0.22,0.05,35,,,,both,True,cache,set:name_suffix+card:name_number
2026-10-02-195354,2026-10-02T17:53:54Z,70,1842,39,Voltorb,Evolutions,39/108,pk_1a97ca0d3795ebb70e28f553d93ef3bda9d89b5bfa09c74c39829ef3bb488ce964eda7f6cb428e5c4445eebf8735,Voltorb,EVO,XY - Evolutions,0.17,0.01,18.86,,,,both,True,cache,set:name_suffix+card:name_number
2026-10-02-195354,2026-10-02T17:53:54Z,63,1842,4,Metapod,Evolutions,4/108,pk_a799e04fc2c560e3ea4f7393942f49dfe800aa4842aed40122c90e0fcc57c30eee64a5b7ee52f5e1e7ebf47f32,Metapod,EVO,XY - Evolutions,0.23,0.03,19.82,,,,both,True,cache,set:name_suffix+card:name_number
2026-10-02-195354,2026-10-02T17:53:54Z,59,1842,55,Diglett,Evolutions,55/108,pk_1efb59dca55f4689b273a98c63edab3a34cf74f70db5330bedf49250bf4ec3872aa443ba30e16f6e03843f08985c,Diglett,EVO,XY - Evolutions,0.11,0.01,14.16,,,,both,True,cache,set:name_suffix+card:name_number
2026-10-02-195354,2026-10-02T17:53:54Z,62,1842,57,Machop,Evolutions,57/108,pk_c36c6e58796bca5e44144f023bfacdd05c068c8a10ab281049109b750884a5a984479434012ef3c73acffb09d2bf,Machop,EVO,XY - Evolutions,0.19,0.01,15,,,,both,True,cache,set:name_suffix+card:name_number
2026-10-02-195354,2026-10-02T17:53:54Z,66,1842,67,Raticate,Evolutions,67/108,pk_eb56671063893b0b293ca4c109207c2a54194a1680d79dbeb6f2c1b143c480747764b69e8d90a7d40860766d47de,Raticate,EVO,XY - Evolutions,0.17,0.05,15.42,,,,both,True,cache,set:name_suffix+card:name_number
2026-10-02-195354,2026-10-02T17:53:54Z,60,1842,69,Doduo,Evolutions,69/108,pk_fd41e9060e306f05974f417cbbc0c2e591921d9a77ac25027178757139e80af53d24a8d62de42ca03290d6792606,Doduo,EVO,XY - Evolutions,0.18,0.03,14.18,,,,both,True,cache,set:name_suffix+card:name_number
2026-10-02-195354,2026-10-02T17:53:54Z,56,1842,7,Beedrill,Evolutions,7/108,pk_1fcf283e441b3342c433bb78ebbb1fcff79f5451922691cede9e88e699e5b2f5d541cfae9bdc4b5111fea25a4b,Beedrill,EVO,XY - Evolutions,0.27,0.02,19.46,,,,both,True,cache,set:name_suffix+card:name_number
2026-10-02-195354,2026-10-02T17:53:54Z,68,1842,8,Tangela,Evolutions,8/108,pk_e9820aa9b912c585fe96eda94d5d0b368cffb3fde8c7d4027de48e08fe0ab2b5516f5edda651675dd4bf8b1d1d,Tangela,EVO,XY - Evolutions,0.24,0.01,15.84,,,,both,True,cache,set:name_suffix+card:name_number
2026-10-02-195354,2026-10-02T17:53:54Z,67,1842,86,Slowbro Spirit Link,Evolutions,86/108,pk_8bc5fc0280dff1f92b5cc5e5353a66bf978063e4814ee3799a913bb1ac9c35473582d6a7716a6c965adcd5cbaac4,Slowbro Spirit Link,EVO,XY - Evolutions,0.28,0.02,14.29,,,,both,True,cache,set:name_suffix+card:name_number
2026-10-02-195354,2026-10-02T17:53:54Z,69,1842,89,Venusaur Spirit Link,Evolutions,89/108,pk_c88e0902038bc125dac7920aadab4eb4562e6a8246cb47d38759aee34d7333a0ec0282e342155ce79c45cfbe93ef,Venusaur Spirit Link,EVO,XY - Evolutions,0.24,0.04,19.82,,,,both,True,cache,set:name_suffix+card:name_number
2026-10-02-195354,2026-10-02T17:53:54Z,61,1842,94,Lightning Energy,Evolutions,94/108,pk_8234acc2fcc1778fb8c6b2d33fd8c102de546b453ebfafaa50b5f89aef82e76e1cbd26294c5ce947043983b707ed,Lightning Energy,EVO,XY - Evolutions,0.21,0.06,19.12,,,,both,True,cache,set:name_suffix+card:name_number
2026-10-02-195354,2026-10-02T17:53:54Z,57,1842,97,Darkness Energy,Evolutions,97/108,pk_f9d9d0eae7cf3282639a7250f3cb86f63aac08c6d172f11afe8d113afc8879f7ed7d6a684a9bbfd911dee7a3cbe1,Darkness Energy,EVO,XY - Evolutions,1.5,0.98,24.52,,,,both,True,cache,set:name_suffix+card:name_number
2026-10-02-195354,2026-10-02T17:53:54Z,159,22873,253,Miraidon ex,Scarlet & Violet Base Set,253/198,pk_363201270d4afa467e4be33a8351a5f4b2f358887f1383b2db03bceaf749122fce4a599f009bb58ea6e1c5a5197b7dd6,Miraidon ex - 253/198,SVI,SV01: Scarlet & Violet Base Set,7.65,5,161.2,,,,tcgplayer,True,cache,set:name_suffix+card:name_number
2026-10-02-195354,2026-10-02T17:53:54Z,24,2289,13,Virizion,Blister Exclusives,13/101,pk_9f89b162479d4911badac9a6eaf65234a26d104f06ba8ede8274f754bc04fbacb145ad5811178c2a081e206102,Virizion,NVI,Noble Victories,1.98,0.95,24.74,,,,tcgplayer,True,cache,set:name_exact+card:name_number
2026-10-02-195354,2026-10-02T17:53:54Z,23,2289,60,Baxcalibur (Cosmos Holo),Blister Exclusives,060/193,pk_e34ef3412397fc0f79c6168194b12f5e4fc2c775d1d72c7716984574a43cb613c06b2802d789fb6594a7ad0c228a,Baxcalibur - 060/193 (Cosmos Holo),BLE,Blister Exclusives,0.46,0.25,1000,,,,tcgplayer,True,cache,set:name_exact+card:name_number
2026-10-02-195354,2026-10-02T17:53:54Z,143,23120,196,Sprigatito,Paldea Evolved,196/193,pk_0b82b4bba94c0731a12e2a86dfa75a49cd70740b92439abe5dc340aae8ea8a39142f74b3d40a22e876d4c87cef9aa2cb,Sprigatito - 196/193,PAL,SV02: Paldea Evolved,57.19,44.95,850.9,,,,both,True,cache,set:name_suffix+card:name_number
2026-10-02-195354,2026-10-02T17:53:54Z,166,23237,7,Basic Darkness Energy (Cosmos Holo),SV: 151,007,pk_6f4137bf148368ce862425e9deaa1fc4231c4e827977de635e2dd8b4a5d5a7ed4bae15c87d86070a2436169a2db2,Squirtle - 007/165,MEW,SV: Scarlet & Violet 151,0.29,0.05,18.38,,,,both,True,cache,set:name_exact+card:set_number
2026-10-02-195354,2026-10-02T17:53:54Z,179,23266,17,Trevenant,Trick or Trade BOOster Bundle 2023,017/196,pk_c785c6645803cad844ffa0348402d59762906a8400b0d0b60affb2baa33715a1be0eaf9d4716593c1cfa8590879ef2,Trevenant,TTBB23,Trick or Trade BOOster Bundle 2023,0.16,0.02,19.82,,,,both,True,cache,set:name_exact+card:name_number
2026-10-02-195354,2026-10-02T17:53:54Z,177,23266,62,Pikachu,Trick or Trade BOOster Bundle 2023,062/193,pk_39b3ca391673aa7658b679bd20a2656ba338145c12d1750266f7a72a0cd9d57a871674695d27288d92a9a9c6bb0f4a,Pikachu,TTBB23,Trick or Trade BOOster Bundle 2023,0.51,0.15,19.82,,,,both,True,cache,set:name_exact+card:name_number
2026-10-02-195354,2026-10-02T17:53:54Z,175,23266,71,Dusknoir,Trick or Trade BOOster Bundle 2023,071/185,pk_cdf02f8faa96c94a79cbe62be31c1cc99ddf0d62a4b910708344e88848cab0e99dc83936973b26ac5017acddca1162,Dusknoir,TTBB23,Trick or Trade BOOster Bundle 2023,0.14,0.01,19.82,,,,both,True,cache,set:name_exact+card:name_number
2026-10-02-195354,2026-10-02T17:53:54Z,174,23266,73,Banette,Trick or Trade BOOster Bundle 2023,073/196,pk_ca34e023b23731d857200e1712faa4fb7a21cdc1cd6a076bf7a0603cf55216cc0d7364202bbef3555595b06fd0fec9,Banette,TTBB23,Trick or Trade BOOster Bundle 2023,0.18,0.05,19.82,,,,both,True,cache,set:name_exact+card:name_number
2026-10-02-195354,2026-10-02T17:53:54Z,178,23266,90,Polteageist,Trick or Trade BOOster Bundle 2023,090/202,pk_d73bda19b8fadbd8a4838baf347cea905a6dca58bb6c9bb8e6be89e731aafce7259fadb406d8e6dc25c34bdf0c74d6,Polteageist,TTBB23,Trick or Trade BOOster Bundle 2023,0.13,0.01,19.82,,,,both,True,cache,set:name_exact+card:name_number
2026-10-02-195354,2026-10-02T17:53:54Z,176,23266,95,Lycanroc,Trick or Trade BOOster Bundle 2023,095/185,pk_0b38b47f75b088061535aeb3fd2d117c3242afa97dea930c874f41e82ac21b3419fcf479b0faf3a26eebca2247bb85,Lycanroc,TTBB23,Trick or Trade BOOster Bundle 2023,0.18,0.01,19.82,,,,both,True,cache,set:name_exact+card:name_number
2026-10-02-195354,2026-10-02T17:53:54Z,145,23286,118,Yveltal,Paradox Rift,118/182,pk_4e4c7e76ec48360da366a7c98f8220e9a6a247736e5790501de132b7b503776a1a621b1d9f08140f903883abff41757f,Yveltal - 118/182,PAR,SV04: Paradox Rift,0.16,0.01,3.34,,,,both,True,cache,set:name_suffix+card:name_number
2026-10-02-195354,2026-10-02T17:53:54Z,144,23286,74,Deoxys,Paradox Rift,074/182,pk_9b460b47b1052ab331fc145210c642e43b51738613ca52e0cb394bde7488360497dd8b59cbf3b568836ace0fed53d9,Deoxys,PAR,SV04: Paradox Rift,0.22,0.01,14.21,,,,both,True,cache,set:name_suffix+card:name_number
2026-10-02-195354,2026-10-02T17:53:54Z,173,23323,15,Lt. Surge's Rattata,Trading Card Game Classic,015/034,pk_1534a68a7b872490fcc7826df737781239b8725ad322c46ffc19d6484eb9ba903123ee79b7be5ac6ba3b43aa601731,Chansey,CL,Trading Card Game Classic,8.73,7.19,9999,,,,tcgplayer,True,cache,set:name_exact+card:set_number
2026-10-02-195354,2026-10-02T17:53:54Z,172,23323,16,Lt. Surge's Raticate,Trading Card Game Classic,016/034,pk_d66a1f89329ca1f6df363bb371eaf64dc3778e1c73e1e3702115734a5ddc7fdf836bdffc011cb7aaf95fe0b37a8b15,Snorlax,CL,Trading Card Game Classic,16.65,15.14,9999,,,,tcgplayer,True,cache,set:name_exact+card:set_number
2026-10-02-195354,2026-10-02T17:53:54Z,170,23381,104,Gengar ex,Temporal Forces,104/162,pk_4feed57d5fd7bbedc4eab7dfaef8d33457abf0f2389a648f84017b037f6ce04024fe053deecfdcb1ee6602cfd5e10ce7,Gengar ex - 104/162,TEF,SV05: Temporal Forces,6.37,3.99,143.8,,,,both,True,cache,set:name_suffix+card:name_number
2026-10-02-195354,2026-10-02T17:53:54Z,184,23473,221,Teal Mask Ogerpon ex,Twilight Masquerade,221/167,pk_8b4d48cb5c5b51c74c6fcdeaf44900eb4c1aeb4fe2ab52c6dda1419b792a8db52de0f3db8f34e5fe1f5d9bf6a88a34b0,Teal Mask Ogerpon ex - 221/167,TWM,SV06: Twilight Masquerade,9.19,7,999,,,,both,True,cache,set:name_suffix+card:name_number
2026-10-02-195354,2026-10-02T17:53:54Z,183,23473,29,Magcargo ex,Twilight Masquerade,029/167,pk_fa883eb13246646c37cc824b682d82256cdb102450199b68bee312211605694e7ec544d316450070c5831a059c89d5,Magcargo ex - 029/167,TWM,SV06: Twilight Masquerade,0.65,0.3,999,,,,both,True,cache,set:name_suffix+card:name_number
2026-10-02-195354,2026-10-02T17:53:54Z,182,23473,77,Iron Thorns ex,Twilight Masquerade,077/167,pk_59369de5820b1533f00d3027755314b72bf1fcc55c33280243c300b3510ba45917ebf9f9c85406d9920b5b26781cca,Iron Thorns ex - 077/167,TWM,SV06: Twilight Masquerade,0.67,0.34,999,,,,both,True,cache,set:name_suffix+card:name_number
2026-10-02-195354,2026-10-02T17:53:54Z,181,23561,130,Umbreon,Trick or Trade BOOster Bundle 2024,130/197,pk_edcfa36e5afcbd718e4df02b3e8fe316acc80d6a6f487dcf445b23e5ff9a1ffa1cfb0fd071a149802ea8b603e1150e40,Umbreon,TTBB24,Trick or Trade BOOster Bundle 2024,0.46,0.2,35,,,,both,True,cache,set:name_exact+card:name_number
2026-10-02-195354,2026-10-02T17:53:54Z,180,23561,96,Fezandipiti (Cosmos Holo),Trick or Trade BOOster Bundle 2024,096/167,pk_9fef717584ef3b96cbece4be62b203007be6079ac628dd45567bcbda75c3f32791c8db31c5b7f24bc793f2d1dcf924,Fezandipiti (Cosmos Holo),TTBB24,Trick or Trade BOOster Bundle 2024,0.23,0.05,19.82,,,,both,True,cache,set:name_exact+card:name_number
2026-10-02-195354,2026-10-02T17:53:54Z,21,23639,29,Hisuian Typhlosion VSTAR (JP),Battle Region,029/067,pk_a95dc44d3c30745127af62856982ae41523352b5e2d9d4bdcf23a8b7943422ad1eb052298f71971731d04bbb53586f,Hisuian Typhlosion VSTAR - 029/067,S9a,S9a: Battle Region,0.84,0.55,2.99,,,,both,True,cache,set:name_suffix+card:name_number
2026-10-02-195354,2026-10-02T17:53:54Z,160,23643,330,Zamazenta V (JP),Shiny Star V,330/190,pk_51d0ba46a4faeffccb66fb3c67a158ae034bff3019ea6e3543b18a3a3f0308d686816d787a8af7be8e5dbd634d746075,Zamazenta V - 330/190,S4a,S4a: Shiny Star V,9.92,9.45,13,,,,both,True,cache,set:name_suffix+card:name_number
2026-10-02-195354,2026-10-02T17:53:54Z,188,23645,115,Radiant Eternatus (JP),VSTAR Universe,115/172,pk_98e262de840f758e80fbe90931148798e7f00117b1f35fd725424f3ba8c587b13428decd99308594bae1d92119f5996d,Radiant Eternatus,S12a,S12a: VSTAR Universe,0.63,0.42,3.25,,,,both,True,cache,set:name_suffix+card:name_number
2026-10-02-195354,2026-10-02T17:53:54Z,189,23645,41,Zeraora VMAX (JP),VSTAR Universe,041/172,pk_b7e177a6b6849247185a2d7481a34e80068e3502fb1e961d33da58116279603e763fcc8468db9c79d9543929834a11,Zeraora VMAX - 041/172,S12a,S12a: VSTAR Universe,0.96,0.59,4.6,,,,both,True,cache,set:name_suffix+card:name_number
2026-10-02-195354,2026-10-02T17:53:54Z,187,23645,48,Gengar (JP),VSTAR Universe,048/172,pk_1b3305af20ac1686743867fb66dc9015f529edc54e80bf9935c9d2a4de0c57a9d6b1aad4bc60f65f1f58b0ba39f90b,Gengar,S12a,S12a: VSTAR Universe,2.6,1.85,5.99,,,,both,True,cache,set:name_suffix+card:name_number
2026-10-02-195354,2026-10-02T17:53:54Z,162,23651,133,Alolan Exeggutor ex,Surging Sparks,133/191,pk_a3a9e0bfcc50fff4210e45ed6138ad1cd462dbd1c48e023725a140a137f5c745e79ee5467b8dea605fabb063e647422e,Alolan Exeggutor ex - 133/191,SSP,SV08: Surging Sparks,0.79,0.3,20,,,,both,True,cache,set:name_suffix+card:name_number
2026-10-02-195354,2026-10-02T17:53:54Z,163,23651,141,Eternatus,Surging Sparks,141/191,pk_78fd33d8a65a9b4d0a46e32370c0d20886d987c55b09775891c529920f7f05ad35650b31d75287ff5754096d29b103c1,Eternatus,SSP,SV08: Surging Sparks,0.22,0.01,15.19,,,,both,True,cache,set:name_suffix+card:name_number
2026-10-02-195354,2026-10-02T17:53:54Z,164,23651,31,Skeledirge,Surging Sparks,031/191,pk_f16db9de182cfb6083d218af939edc8c02171b79655d8a575dd3dbbae900d6c4259218acd7978b20bc90fdc5bd8c70,Skeledirge,SSP,SV08: Surging Sparks,0.23,0.01,19.82,,,,both,True,cache,set:name_suffix+card:name_number
2026-10-02-195354,2026-10-02T17:53:54Z,165,23651,86,Sylveon ex,Surging Sparks,086/191,pk_5707d10fd8369ec2f1f24eb14889bb83b7016a7905b023014f3063b775e0bdd97db3e9b3b46cbfa0a94702f75c954d,Sylveon ex,SSP,SV08: Surging Sparks,2.69,1.48,44,,,,both,True,cache,set:name_suffix+card:name_number
2026-10-02-195354,2026-10-02T17:53:54Z,118,2374,10,Ho-Oh (EB Games Exclusive),Miscellaneous Cards & Products,010/086,pk_99641324acffe938f1000c204b6267e10aba0335c7582f32ae04cfb4adf1a38a4a4941028e6c3df695f87edba65d,Abomasnow - 010/198 (Holiday Calendar),MCAP,Miscellaneous Cards & Products,0.52,0.2,19.82,,,,tcgplayer,True,cache,set:name_exact+card:set_number
2026-10-02-195354,2026-10-02T17:53:54Z,122,2374,125,Steelix (Cosmos Holo),Miscellaneous Cards & Products,125/182,pk_63187dec1b2cdb10faaf06e599df131598cb86715c672e91d9afd386c81753b03107f2a4e9ab8b832461002b6fb2a2,Steelix - 125/182 (Cosmos Holo),MCAP,Miscellaneous Cards & Products,10.78,7.6,94.44,,,,tcgplayer,True,cache,set:name_exact+card:name_number
2026-10-02-195354,2026-10-02T17:53:54Z,119,2374,19,Keldeo (Chaos Rising Stamped),Miscellaneous Cards & Products,019/086,pk_4def3ddb9cf6f5e8b358ea33cbf2b5dd00c93d01fcb0a89c5cc8cf8470c79baaa90c83ce0770a56ae9671b6c67ad,Charmeleon - 19/147 (Premium Collection Promo),MCAP,Miscellaneous Cards & Products,2.99,1,9999,,,,tcgplayer,True,cache,set:name_exact+card:set_number
2026-10-02-195354,2026-10-02T17:53:54Z,120,2374,48,Lapras (Holiday Calendar),Miscellaneous Cards & Products,048/202,pk_42d13c2e4a0cf744c1c21edde5aece9093bd8975ef8605f84dfc6d305bfad0a302451cd5dc17210ce9a14914d09f,Lapras - 048/202 (Holiday Calendar),MCAP,Miscellaneous Cards & Products,4.44,3.5,208.45,,,,tcgplayer,True,cache,set:name_exact+card:name_number
2026-10-02-195354,2026-10-02T17:53:54Z,121,2374,51,Pikachu (Pokemon Day 2026),Miscellaneous Cards & Products,051/162,pk_d4f24568d941a202fe8cbf136314d74c09ec8f45505cdeea665fa228eb9621dba15018f4618a1d7d86f0aca64826,Team Rocket's Articuno (Destined Rivals Stamp),MCAP,Miscellaneous Cards & Products,30.28,27,263.24,,,,tcgplayer,True,cache,set:name_exact+card:set_number
2026-10-02-195354,2026-10-02T17:53:54Z,167,23806,4,Pokegear 3.0,SV: Premium Trainer Box ex,004/028,pk_299fd3b222cbfa5c687c2459573a7743ca5c380973d35bc90f58f51d71f445677023997be85d83836d314471f7fe,Pokegear 3.0,svB,SV: Premium Trainer Box ex,,2,2,,,,both,True,cache,set:name_exact+card:name_number
2026-10-02-195354,2026-10-02T17:53:54Z,158,23821,59,Umbreon (Poke Ball Pattern),Prismatic Evolutions,059/131,pk_b1f5b1464aba9b6c5571ff23721b6705aa9b22fa212ebd30e52e06641b1605a9bd4aad790064217fdd563bdb9110aa,Umbreon,PRE,SV: Prismatic Evolutions,0.47,0.05,999,,,,both,True,cache,set:name_suffix+card:name_number
2026-10-02-195354,2026-10-02T17:53:54Z,157,23821,60,Umbreon ex,Prismatic Evolutions,060/131,pk_2b6d27a8bd0706fab12b1c79927ebd9b1be2680bf7a01e9b2287e3487906bb3a32bcccbcabc6f0c707dad8fb74abf7,Umbreon ex - 060/131,PRE,SV: Prismatic Evolutions,8.43,7,5000,,,,both,True,cache,set:name_suffix+card:name_number
2026-10-02-195354,2026-10-02T17:53:54Z,46,23898,25,Raikou EX (JP),Dark Rush,025/069,pk_7201316b5cf55d48877d41b59d146ac09251fb17057366bbdff613a658dd01f16ee92709aac4476fac6dffd2ade440,Raikou EX - 025/069,BW4,BW4: Dark Rush,8.13,6,8,,,,both,True,cache,set:name_suffix+card:name_number
2026-10-02-195354,2026-10-02T17:53:54Z,171,23909,92,Umbreon (JP),Terastal Festival ex,092/187,pk_4c3160078b4650174ea9bf9be70f740a408ed04b35aa42c9d29a2f95a41d1aa1925c143dcbcd513b75f9ab389b9c21,Umbreon,SV8a,SV8a: Terastal Fest ex,0.33,0.1,25,,,,both,True,cache,set:name_suffix+card:name_number
2026-10-02-195354,2026-10-02T17:53:54Z,79,24084,101,Mightyena ex,EX Holon Phantoms,101,pk_67f5b981f882f8227f8d48d5f974446a6d273030ec7b6af375d29392802f41ad8b0ee144e2f9f982e703c288d36b,Mightyena ex,HP,Holon Phantoms,99.99,74.99,200.01,,,,both,True,cache,set:name_fuzzy+card:name_number
2026-10-02-195354,2026-10-02T17:53:54Z,78,24084,63,Corphish (63),EX Holon Phantoms,63,pk_fdf090364ffa6990b3971ae357b5ae65e0a2dc6185ca0f2774d43898029e95457d62c813414433e4897773c7f8,Corphish - 063/110,HP,Holon Phantoms,0.37,0.15,19.82,,,,both,True,cache,set:name_fuzzy+card:name_number
2026-10-02-195354,2026-10-02T17:53:54Z,80,24084,80,Poochyena,EX Holon Phantoms,80,pk_d9edf81234590dbbad70bb58148381a6f4f0634f93ea548b8dea5d4f58b22895dd91316cdc66ac4a0a5e2d54dd,Poochyena,HP,Holon Phantoms,0.56,0.18,19.82,,,,both,True,cache,set:name_fuzzy+card:name_number
2026-10-02-195354,2026-10-02T17:53:54Z,51,2409,16,Lickitung (Holo Common),Detective Pikachu,16,pk_276d5b96e9f2113b490f393c244303c461cebf6485c759cd806f264d552b98fa8608b33a83e51d10a305fb1216,Lickitung (Holo Common),DEP,Detective Pikachu,0.43,0.1,5.6,,,,both,True,cache,set:name_exact+card:name_number
2026-10-02-195354,2026-10-02T17:53:54Z,52,2409,3,Morelull (Holo Common),Detective Pikachu,3,pk_c34ccdb4dae95dece608da5b7fbefeb08a745d2f21f5f5ca6c5f4611b40d002eeecdfd0765ae7d353bf82c60,Morelull (Holo Common),DEP,Detective Pikachu,0.37,0.05,18.2,,,,both,True,cache,set:name_exact+card:name_number
2026-10-02-195354,2026-10-02T17:53:54Z,50,24269,31,Team Rocket's Moltres ex,Destined Rivals,031/182,pk_fe5ffd94ab2efa61fd675d3f770a7afbb675808cd2636ebc962f577881d58578da8d880db3eb32ed7cb4acaf5b437d,Team Rocket's Moltres ex,DRI,SV10: Destined Rivals,0.9,0.29,50,,,,both,True,cache,set:name_suffix+card:name_number
2026-10-02-195354,2026-10-02T17:53:54Z,169,24310,68,Dark Machamp (JP),Team Rocket (Japanese),068,pk_876dc6c58cd715df1e523a8184fc6abbe908245e95e0f6a91e3519de1605485d3fc27dcadc2ba8b6e5c7fbaae58df1,Team Rocket's Muk,SV10,SV10: The Glory of Team Rocket,0.16,0.1,20,,,,both,True,cache,set:name_suffix+card:set_number
2026-10-02-195354,2026-10-02T17:53:54Z,22,24325,160,Excadrill ex,Black Bolt,160/086,pk_0618f0c2d2f265c829e60c6b083d3c13d1d132378f4f0d0dbe3eee1beca9741608752a08a762723acb62e7a4eef0e484,Excadrill ex - 160/086,BLK,SV: Black Bolt,0.81,0.45,19.82,,,,both,True,cache,set:name_suffix+card:name_number
2026-10-02-195354,2026-10-02T17:53:54Z,113,24399,29,Mega Lucario,Mega Brave,029/063,pk_4c6411ddd156628208cbc5a225cdc3541466822a14214104d8d21db537b477aa45551f7c5b3d6775dffefc59237d31,Mega Lucario ex - 029/063,m1L,m1L: Mega Brave,0.47,0.1,7.95,,,,both,True,cache,set:name_suffix+card:set_number
2026-10-02-195354,2026-10-02T17:53:54Z,117,24451,48,Totodile,Mega Evolution Promos,048,pk_072207ad9297659e5746e52ec9c8bc39911ceacad70068fe9dbfe4ba8f8006f8e4a80539788f53cb6215db,Totodile - 048,MEP,ME: Mega Evolution Promo,10.36,8.25,750,,,,both,True,cache,set:name_suffix+card:name_number
2026-10-02-195354,2026-10-02T17:53:54Z,116,24451,80,Fennekin (Pokemon Center Exclusive),Mega Evolution Promos,080,pk_bbab28d7c59388f77121c54255fcdeb17624eecf4f001e6d683de6cec6864e3772f9d4fbb13a07c004c804,Fennekin - 080 (Pokemon Center Exclusive),MEP,ME: Mega Evolution Promo,31.72,29.99,155,,,,both,True,cache,set:name_suffix+card:name_number
2026-10-02-195354,2026-10-02T17:53:54Z,115,24451,9,Alakazam,Mega Evolution Promos,009,pk_c9aea0a8a0e8e48ec83de65e6f59edfb17980fca97d64f3296b742d679dba395e20cd7e42d2afea01f99,Alakazam - 009,MEP,ME: Mega Evolution Promo,7.17,6.49,197.6,,,,both,True,cache,set:name_suffix+card:name_number
2026-10-02-195354,2026-10-02T17:53:54Z,112,24461,7,Basic Darkness Energy - 007,MEE: Mega Evolution Energies,7,pk_29e13b2117aaf263383ecb86799feb46bda50e73f455f5db614e5d2bf8438d6bc81fba0116dab31d98c9,Basic Darkness Energy - 007,MEE,MEE: Mega Evolution Energies,0.12,0.01,19.82,,,,both,True,cache,set:name_exact+card:name_number
2026-10-02-195354,2026-10-02T17:53:54Z,114,24499,127,Rayquaza,MEGA Dream ex,127/193,pk_cfe5c592524d2b41f855597a9bd0914284acd7d6cf071b4b7aada58a9d31e2c5207e823c9e22e4a61840fee142b6719e,Rayquaza,M2a,MEGA Dream ex,0.41,0.04,2.48,,,,both,True,cache,set:name_exact+card:name_number
2026-10-02-195354,2026-10-02T17:53:54Z,2,24541,105,Lunatone (Energy Symbol Pattern),Ascended Heroes,105/217,pk_d9793a6e167d65575e19e3ae7d60b8e5c439ac345bb527d4a3ae8133d48e961d604f14083371f0177c3dac1afce9a36c,Lunatone (Energy Symbol Pattern),ASC,ME: Ascended Heroes,0.3,0.19,19.82,,,,both,True,cache,set:name_suffix+card:name_number
2026-10-02-195354,2026-10-02T17:53:54Z,148,24587,22,Lapras ex,Perfect Order,022/088,pk_6b6058efd9c802b1e389e3e8417beba544e9241a26832cdb57cb00689cbefae026c62e996e138527db0318cb5e5150,Lapras ex,POR,ME03: Perfect Order,0.55,0.24,48,,,,both,True,cache,set:name_suffix+card:name_number
2026-10-02-195354,2026-10-02T17:53:54Z,151,24587,45,Tyrantrum,Perfect Order,045/088,pk_9a566c22d95bc1f0f907c0d57a0ad942b552a239c172dcb227c416d9fde6cab5c4d862169572858ea7b857c0379f29,Tyrantrum,POR,ME03: Perfect Order,0.2,0.01,19.82,,,,both,True,cache,set:name_suffix+card:name_number
2026-10-02-195354,2026-10-02T17:53:54Z,152,24587,53,Yveltal ex,Perfect Order,053/088,pk_1e6522572a390cd7e5c23e5ecf2c9fac8b120535aa82c09d4f9984b7b812f64608d4cba43f14b12fd4e67b9b11085c,Yveltal ex - 053/088,POR,ME03: Perfect Order,0.58,0.17,78,,,,both,True,cache,set:name_suffix+card:name_number
2026-10-02-195354,2026-10-02T17:53:54Z,149,24587,81,Poke Pad,Perfect Order,081/088,pk_931385744e03adf02b53d63b0b5181baad5effbce0bc1fff88795f53899430b69556d2ae8cbf4808da4f4d3251dc66,Poke Pad - 081/088,POR,ME03: Perfect Order,0.27,0.01,64,,,,both,True,cache,set:name_suffix+card:name_number
2026-10-02-195354,2026-10-02T17:53:54Z,150,24587,84,Rosa's Encouragement,Perfect Order,084/088,pk_8810b78bc3a3bdebb9201f6d8a50758931d2f3254f984671f4aa3335e7510be08f22c912a94c54e06476864803a175,Rosa's Encouragement - 084/088,POR,ME03: Perfect Order,0.13,0.01,20,,,,both,True,cache,set:name_suffix+card:name_number
2026-10-02-195354,2026-10-02T17:53:54Z,147,24587,95,Espurr,Perfect Order,095/088,pk_1721a12a511d93baa9516f9bac24a1f826618b9abb9ca54c213b15d7cab38af7e7933f1be49adc83c52a0c3af2ed63,Espurr - 095/088,POR,ME03: Perfect Order,3.27,2.4,95.2,,,,both,True,cache,set:name_suffix+card:name_number
2026-10-02-195354,2026-10-02T17:53:54Z,146,24587,98,Doublade,Perfect Order,098/088,pk_65b2536d7639562b8ed8b08bb039fc5a5a4a2d9772d65a5d052364bb0d1aa5ae674a66119c5ddbe6da62810f93b620,Doublade - 098/088,POR,ME03: Perfect Order,1.77,0.95,52.12,,,,both,True,cache,set:name_suffix+card:name_number
2026-10-02-195354,2026-10-02T17:53:54Z,136,24600,101,Energy Recycler,Nihil Zero,101/080,pk_9c6825b0e51299337bd4171d063d419e767b6d0949c4452ec445c03cbaf3712a5218ce42b18dbe523f795400781ea6da,Energy Recycler,M3,M3: Nihil Zero,0.43,0.18,6,,,,tcgplayer,True,cache,set:name_suffix+card:name_number
2026-10-02-195354,2026-10-02T17:53:54Z,138,24600,80,Rock F Energy,Nihil Zero,080/080,pk_cfb5c669ddb308a8ee9dabd6031658f663f509fb054958d15a2aad15f53ea09003f45570a88b1c5ba2a0a5d2496dd3,Rock F Energy,M3,M3: Nihil Zero,0.19,0.03,1,,,,both,True,cache,set:name_suffix+card:name_number
2026-10-02-195354,2026-10-02T17:53:54Z,139,24600,82,Rowlet,Nihil Zero,082/080,pk_ddc49b0cf6796ec8cf435b246c6a8257c09972ae1b0e369d24d820310692919136380a1e7c80f5e5708d26633411b4,Rowlet - 082/080,M3,M3: Nihil Zero,3.01,2,9.99,,,,both,True,cache,set:name_suffix+card:name_number
2026-10-02-195354,2026-10-02T17:53:54Z,135,24600,86,Clefairy,Nihil Zero,086/080,pk_de54928af8a10d7c6a84bfe3840871f99a0f42044c3aa5eb7508ef7f226a837dff6e5b82aad099e3cfe88c7cff779b,Clefairy - 086/080,M3,M3: Nihil Zero,9.9,7.25,20,,,,both,True,cache,set:name_suffix+card:name_number
2026-10-02-195354,2026-10-02T17:53:54Z,137,24600,92,Raticate,Nihil Zero,092/080,pk_d84f0bf5cc7339e3ae4ebb1ef8cefb16da930ea38c2c530e1d9f646f625033f7bb410e091493357a615ca2c1bbe051,Raticate - 092/080,M3,M3: Nihil Zero,1.61,1.18,9.99,,,,both,True,cache,set:name_suffix+card:name_number
2026-10-02-195354,2026-10-02T17:53:54Z,140,24600,94,Salazzle ex,Nihil Zero,094/080,pk_4b12268f3d797639ba2b2117cccd74e1ae6d3656dc12d4bafe471d7e3f1562d9a01d801d6f21d179349320243e803b,Salazzle ex - 094/080,M3,M3: Nihil Zero,2.5,1.44,7.99,,,,both,True,cache,set:name_suffix+card:name_number
2026-10-02-195354,2026-10-02T17:53:54Z,41,24655,15,Mega Pyroar ex,Chaos Rising,015/086,pk_224b6293e922be8add72b79b268ddbf6f6fc29379b467a99d31202dcbaebbe3515564f23b11759256771b08b6831a9,Mega Pyroar ex - 015/086,CRI,Chaos Rising,0.48,0.13,125,,,,both,True,cache,set:name_exact+card:name_number
2026-10-02-195354,2026-10-02T17:53:54Z,35,24655,29,Ampharos,Chaos Rising,029/086,pk_8912572396bc175b9498b25dcc05ab149d7b85d6e8660f891cb7ae71d985887865c7cb398a2fcae7a4bd554c27d55e,Ampharos - 029/086,CRI,Chaos Rising,0.16,0.01,14.19,,,,both,True,cache,set:name_exact+card:name_number
2026-10-02-195354,2026-10-02T17:53:54Z,36,24655,29,Ampharos,Chaos Rising,029/086,pk_8912572396bc175b9498b25dcc05ab149d7b85d6e8660f891cb7ae71d985887865c7cb398a2fcae7a4bd554c27d55e,Ampharos - 029/086,CRI,Chaos Rising,0.16,0.01,14.19,,,,both,True,cache,set:name_exact+card:name_number
2026-10-02-195354,2026-10-02T17:53:54Z,42,24655,39,Trevenant,Chaos Rising,039/086,pk_aad6381922fcc3cbf9bbcd5247dbc22b3697208f336d6a279b7d7eff7c095ba5c75e52791d62240725542177161b50,Trevenant,CRI,Chaos Rising,0.13,0.01,14.12,,,,both,True,cache,set:name_exact+card:name_number
2026-10-02-195354,2026-10-02T17:53:54Z,44,24655,42,Xerneas,Chaos Rising,042/086,pk_2f6bd60362838c31140be07b64d2eb15545ce5adce40884309d9c05fed0be03494a579ff44e3976e6a849b1e24d3a4,Xerneas - 042/086,CRI,Chaos Rising,0.17,0.01,14.19,,,,both,True,cache,set:name_exact+card:name_number
2026-10-02-195354,2026-10-02T17:53:54Z,40,24655,51,Crobat,Chaos Rising,051/086,pk_9abd30c72116d9b09a1f81ea12d63a4d79189295c65f43f7d6649f7a8a68b65ca91cc8e56044c6d845409c2b8e9a4c,Crobat - 051/086,CRI,Chaos Rising,0.14,0.01,14.14,,,,both,True,cache,set:name_exact+card:name_number
2026-10-02-195354,2026-10-02T17:53:54Z,38,24655,7,Chesnaught,Chaos Rising,007/086,pk_57715dc09938ab68315ed4b1f8691cddd1f8707e4235d145a966e7501fc3894c06bbac4fb213eb4358b00d005dc0,Chesnaught,CRI,Chaos Rising,0.2,0.01,14.2,,,,both,True,cache,set:name_exact+card:name_number
2026-10-02-195354,2026-10-02T17:53:54Z,39,24655,73,Cinccino ex,Chaos Rising,073/086,pk_0559fdc21cd36726cfa912643828a288aaecf192123e3ee9a26db6df8264bf79de0593574b41adc20af694df9c71bf,Cinccino ex - 073/086,CRI,Chaos Rising,0.63,0.05,999.99,,,,both,True,cache,set:name_exact+card:name_number
2026-10-02-195354,2026-10-02T17:53:54Z,37,24655,84,Bubbly Water Energy,Chaos Rising,084/086,pk_f6bff30a1f8eb6a35ef87a3a15fed48a69cbbf1d9dc9688599595df98d521607f6a790b127555d02bd83ed501f6554,Bubbly W Energy,CRI,Chaos Rising,0.16,0.01,20,,,,both,True,cache,set:name_exact+card:set_number
2026-10-02-195354,2026-10-02T17:53:54Z,43,24655,91,Xerneas,Chaos Rising,091/086,pk_7f1a7f8dc703a55cc3dbe026bfa63e965a50d369e9621ab1c17a6310a310c614d8f8fc6357578bfe5a6da30962c829,Xerneas - 091/086,CRI,Chaos Rising,5.32,4,79.99,,,,both,True,cache,set:name_exact+card:name_number
2026-10-02-195354,2026-10-02T17:53:54Z,153,24688,107,Energy Switch,Pitch Black,107/084,pk_174b40e586b34a845403b8a3dc6833d0177b8b2dc45416e41440cb3af89eda8070707e460e930a3cd2ecee2342b7998c,Energy Switch,PBL,Pitch Black,2.06,1.05,22.49,,,,both,True,cache,set:name_exact+card:name_number
2026-10-02-195354,2026-10-02T17:53:54Z,154,24688,83,Shadowy Darkness Energy,Pitch Black,083/084,pk_ea680540faf273481e5584c300b5f805752b335a1cf1ba19313afb2b6a5cb40f4185a0982d1bdbfc87b3556139f3e5,Shadowy Darkness Energy,PBL,Pitch Black,0.16,0.01,44,,,,both,True,cache,set:name_exact+card:name_number
2026-10-02-195354,2026-10-02T17:53:54Z,155,24688,90,Slowbro,Pitch Black,090/084,pk_a0a77deb608aad78a2a90a81eac06fff9699e0e7d9eac861af4a7f7fbfca21fc3b1af30d60645f7999067dd2e30395,Slowbro - 090/084,PBL,Pitch Black,6.54,5.69,49.99,,,,both,True,cache,set:name_exact+card:name_number
2026-10-02-195354,2026-10-02T17:53:54Z,84,2906,218,Greedent VMAX,Fusion Strike,218/264,pk_96e44171d7d3b664d630be7c01bbf54eb7039a07d79558fdf417afdddf3eac621f7599ad764e326fdfa062f910596c,Greedent VMAX,SWSH08,SWSH08: Fusion Strike,1.45,0.75,49.99,,,,both,True,cache,set:name_suffix+card:name_number
2026-10-02-195354,2026-10-02T17:53:54Z,34,2931,76,M Rayquaza EX,Celebrations: Classic Collection,76/108,pk_43f54df40801d2a0f26a58c5b2d812283721022e96a87e8968b763f35ea56d9261d385e23e30f174559ab27b3f7c,M Rayquaza EX,CCC,Celebrations: Classic Collection,36.64,33.29,5000,,,,both,True,cache,set:name_exact+card:name_number
2026-10-02-195354,2026-10-02T17:53:54Z,33,2948,0,Psychic Energy (2022 Unnumbered),Brilliant Stars,,pk_c39006e1899502137dd1afdbe95f9ad83e3e3bf4006ec6c6c0ef526e8e06d7dd2bb0cf2f09f5cc2521,Brilliant Stars Booster Box,SWSH09,SWSH09: Brilliant Stars,569.81,524.01,5000,,,,tcgplayer,True,cache,set:name_suffix+card:set_number
2026-10-02-195354,2026-10-02T17:53:54Z,20,604,14,Raichu,Base Set (Unlimited),14,pk_f48f0fa08d7d86139bffba53364d2e8d72d66c897bc1a5ea82879cec61881d77b42530a230a012f0d110d94d,Raichu,BS,Base Set,67.47,43.3,392.64,,,,both,True,cache,set:name_exact+card:name_number
2026-10-02-195354,2026-10-02T17:53:54Z,11,604,20,Electabuzz,Base Set (Unlimited),20,pk_c3520f841b7feceb93a0e3346b9bcae004214b8c25c51e2bf51d35fd37a5a01ecec76078e0ff6a74b4c44458,Electabuzz,BS,Base Set,9.97,4.26,96.95,,,,both,True,cache,set:name_exact+card:name_number
2026-10-02-195354,2026-10-02T17:53:54Z,9,604,24,Charmeleon,Base Set (Unlimited),24,pk_63059498412d098576b08dc76b1928cb9f5f94c5d144fc3cb6a7434cf6edf080ccede894abf811b59693f4cd,Charmeleon,BS,Base Set,3.33,0.33,39.99,,,,both,True,cache,set:name_exact+card:name_number
2026-10-02-195354,2026-10-02T17:53:54Z,13,604,27,Farfetch'd,Base Set (Unlimited),27,pk_5026dc6e5fe4605ebf0f11f4a27033d39e9fa60e25cce4868d62da9877df92acda968e4300a3ecd274cab845,Farfetch'd,BS,Base Set,1.42,0.2,96.51,,,,both,True,cache,set:name_exact+card:name_number
2026-10-02-195354,2026-10-02T17:53:54Z,15,604,30,Ivysaur,Base Set (Unlimited),30,pk_f41e61e6d58662cfe5e61c8f2c084ca103cf6276933330c2a8fb2bad75b234ff921a4cb083385fbec4262b2b,Ivysaur,BS,Base Set,5.59,0.7,250,,,,both,True,cache,set:name_exact+card:name_number
2026-10-02-195354,2026-10-02T17:53:54Z,16,604,32,Kadabra,Base Set (Unlimited),32,pk_ce4f3dac65006043ae6bfcd894e752dc8f81e4ce38341ba89419ee69d510b088c665d7c1ed1806198d820c04,Kadabra,BS,Base Set,2.72,0.4,9999,,,,both,True,cache,set:name_exact+card:name_number
2026-10-02-195354,2026-10-02T17:53:54Z,10,604,48,Doduo,Base Set (Unlimited),48,pk_aad9c0422a7884cc8bdbbdc68c5b096d0f43e4c6c54de94d4b363444f04a8d43cdb46d014c0c74d6345e3ddf,Doduo,BS,Base Set,1.16,0.35,44.99,,,,both,True,cache,set:name_exact+card:name_number
2026-10-02-195354,2026-10-02T17:53:54Z,14,604,50,Gastly,Base Set (Unlimited),50,pk_bc79fe1ffab8c7b0c88d2640f76c92180961be567645a36a7d574cec4b138c9e24af7778f9119c300e6a0938,Gastly,BS,Base Set,1.22,0.11,20.6,,,,both,True,cache,set:name_exact+card:name_number
2026-10-02-195354,2026-10-02T17:53:54Z,17,604,55,Nidoran M,Base Set (Unlimited),55,pk_7d26c7ba9fdf1e8c9b3020c9aae40f2f7dbe5ec9786fbba5175767680b76acb258705e84a22364805eaf7954,Nidoran M,BS,Base Set,0.77,0.2,50,,,,both,True,cache,set:name_exact+card:name_number
2026-10-02-195354,2026-10-02T17:53:54Z,18,604,58,Pikachu,Base Set (Unlimited),58,pk_25f404f23fc742cedbecc9f124cd4ce940eae98f175f66f0199b55b6ef6712372e947bd568d7442b9cb43082,Pikachu,BS,Base Set,11.56,3.66,1000,,,,both,True,cache,set:name_exact+card:name_number
2026-10-02-195354,2026-10-02T17:53:54Z,19,604,59,Poliwag,Base Set (Unlimited),59,pk_f945e7d65b5134d135ce9f68bcbabfbc647e0cead6762814ea0fcdd71b17fdc9dcb6eb83c63b9ea56f9d6395,Poliwag,BS,Base Set,0.9,0.2,1500,,,,both,True,cache,set:name_exact+card:name_number
2026-10-02-195354,2026-10-02T17:53:54Z,12,604,81,Energy Retrieval,Base Set (Unlimited),81,pk_00b5dc543b178932c9fa2e714434bfd47060ff72e206017db203799a9b3b44c92858686710e4387c48aefe3d,Energy Retrieval,BS,Base Set,0.63,0.1,17.94,,,,both,True,cache,set:name_exact+card:name_number
2026-10-02-195354,2026-10-02T17:53:54Z,4,605,10,Mewtwo,Base Set 2,10,pk_1b7e570e10be97b3432489762909c6b4fae75deb5d4a62171c9e8f0e53cf5461ca105224c1b670a5d5bad4ca,Mewtwo,BS2,Base Set 2,103.56,47.99,680.84,,,,both,True,cache,set:name_exact+card:name_number
2026-10-02-195354,2026-10-02T17:53:54Z,3,605,69,Charmander,Base Set 2,69,pk_3bf1618e2dd102f9bed90065dec525c07e0b93d05c36dbe30b110bcab2eb3d7c997bbe84b3c01e806229dd9c,Charmander,BS2,Base Set 2,1.8,0.4,7,,,,both,True,cache,set:name_exact+card:name_number
2026-10-02-195354,2026-10-02T17:53:54Z,5,605,97,Venonat,Base Set 2,97,pk_ba7c59b82958296edc9a47f3e48acddd7eca64a1fb5b9eed6a2f4140a20a5aaaa7e487db6c1a8e3d15762ec5,Venonat,BS2,Base Set 2,1.17,0.29,29.8,,,,both,True,cache,set:name_exact+card:name_number
2026-10-02-195354,2026-10-02T17:53:54Z,102,635,20,Jolteon,Jungle,20,pk_461527c83f7a290bee7155a0b343b55dfcab32d41b02bb6d40ee319eec4064ef8669f2086fb6d78b045d234f,Jolteon (20),JU,Jungle,25.43,9,110,,,,both,True,cache,set:name_exact+card:name_number
2026-10-02-195354,2026-10-02T17:53:54Z,95,635,33,Butterfree,Jungle,33,pk_7d11d50a6d50847c77bd6823d254485585acd8a9c2e40d0cc6148bcd3acd7b480fba6ecd86f5d558759c03,Butterfree,JU,Jungle,1.86,0.37,30,,,,both,True,cache,set:name_exact+card:name_number
2026-10-02-195354,2026-10-02T17:53:54Z,98,635,36,Fearow,Jungle,36,pk_7e3a78e7e005eddf094729eaa73e441d78cebe7da414613e942119c74e0fd5b01ef817ccd9db0271c91167,Fearow,JU,Jungle,1.07,0.25,24.6,,,,both,True,cache,set:name_exact+card:name_number
2026-10-02-195354,2026-10-02T17:53:54Z,103,635,45,Rhydon,Jungle,45,pk_90c98b7b8dee6dc2e6ab93a853e288889d7f362464451e75c2208d78844dad2d7dec7300849d9381487269,Rhydon,JU,Jungle,10.66,4.07,96.95,,,,both,True,cache,set:name_exact+card:name_number
2026-10-02-195354,2026-10-02T17:53:54Z,105,635,48,Weepinbell,Jungle,48,pk_0e47420544a15eaa773e785d8827938dcdb514cd1937eb0d034abbc2192a86eb990aa794f3d79635bc51ce,Weepinbell,JU,Jungle,3.74,1,96.95,,,,both,True,cache,set:name_exact+card:name_number
2026-10-02-195354,2026-10-02T17:53:54Z,96,635,50,Cubone,Jungle,50,pk_8c13e61fad444fe18ddf721dee999050236fb0eceecf8cc2b331c0a4e6f8b2cd486955d58ebff6a1129f66,Cubone,JU,Jungle,13.23,3.5,96.95,,,,both,True,cache,set:name_exact+card:name_number
2026-10-02-195354,2026-10-02T17:53:54Z,97,635,52,Exeggcute,Jungle,52,pk_27e3f6859943ea1f8ad4c56dcaf539f4008f8e91966d17bc22f301ed9cc09e96b03c03d67313ebdab10847,Exeggcute,JU,Jungle,2.54,0.88,96.95,,,,both,True,cache,set:name_exact+card:name_number
2026-10-02-195354,2026-10-02T17:53:54Z,99,635,53,Goldeen,Jungle,53,pk_806c748371a08df608e2e5af4de74ae4e835596ec37678dab2b0c582b2b1f0a66471574d1687b6ed8be27e,Goldeen,JU,Jungle,0.46,0.14,15.32,,,,both,True,cache,set:name_exact+card:name_number
2026-10-02-195354,2026-10-02T17:53:54Z,100,635,54,Jigglypuff,Jungle,54,pk_d780213ed78195def48858d2d12e3eb1c489cc01581ff04cc21077dfa3681bdc048cd8b37a94b51452b8c0,Jigglypuff,JU,Jungle,7.17,2.96,96.95,,,,both,True,cache,set:name_exact+card:name_number
2026-10-02-195354,2026-10-02T17:53:54Z,104,635,61,Rhyhorn,Jungle,61,pk_2a33203e3fba2955abc3eb875171c776b475cac6e9a9d3820e714f06d66b38f444cd5d635351e2a09e4b28,Rhyhorn,JU,Jungle,2.71,0.88,96.95,,,,both,True,cache,set:name_exact+card:name_number
2026-10-02-195354,2026-10-02T17:53:54Z,6,,96,Drowzee (JP),Base Set (Japanese),096,,,,,,,,,,,,False,orphan,set:none
2026-10-02-195354,2026-10-02T17:53:54Z,7,,62,Poliwrath (JP),Base Set (Japanese),062,,,,,,,,,,,,False,orphan,set:none
2026-10-02-195354,2026-10-02T17:53:54Z,25,,53,Deoxys VMAX,Brave Stars (Charm),053/127,,,,,,,,,,,,False,orphan,set:none
2026-10-02-195354,2026-10-02T17:53:54Z,26,,19,Raichu V,Brave Stars (Charm),019/127,,,,,,,,,,,,False,orphan,set:none
2026-10-02-195354,2026-10-02T17:53:54Z,27,,129,Solrock,Brave Stars (Charm),129/127,,,,,,,,,,,,False,orphan,set:none
2026-10-02-195354,2026-10-02T17:53:54Z,28,,27,Zeraora V,Brave Stars (Charm),027/127,,,,,,,,,,,,False,orphan,set:none
2026-10-02-195354,2026-10-02T17:53:54Z,29,,113,Oranguru V,Brave Stars (Courage),113/128,,,,,,,,,,,,False,orphan,set:none
2026-10-02-195354,2026-10-02T17:53:54Z,30,,4,Radiant Venusaur,Brave Stars (Courage),004/128,,,,,,,,,,,,False,orphan,set:none
2026-10-02-195354,2026-10-02T17:53:54Z,31,,33,Serperior VSTAR,Brave Stars (Courage),033/128,,,,,,,,,,,,False,orphan,set:none
2026-10-02-195354,2026-10-02T17:53:54Z,87,,38,Blaine's Ninetales (JP),Gym Challenge (Japanese),038,,,,,,,,,,,,False,orphan,set:none
2026-10-02-195354,2026-10-02T17:53:54Z,93,,117,Misty's Seadra (JP),Gym Heroes (Japanese),117,,,,,,,,,,,,False,orphan,set:none
2026-10-02-195354,2026-10-02T17:53:54Z,131,,95,Onix (JP),Neo Genesis (Japanese),095,,,,,,,,,,,,False,orphan,set:none
2026-10-02-195354,2026-10-02T17:53:54Z,186,,60,Poliwag (JP),Vending Series 1 (Blue),060,,,,,,,,,,,,False,orphan,set:none
2026-10-02-200902,2026-10-02T18:09:02Z,111,-113,54,Slowpoke,Lost Thunder,54,2d03e057e6e3be88c6cd23dbfbd0afc4d3d3a0fc1142f1170129ef5d2eb28d9e,Slowpoke,LOT,,,,,,,,cardmarket,True,cache,set:name_exact+card:name_number
2026-10-02-200902,2026-10-02T18:09:02Z,1,-38,90,Roaring Moon ex (JP),Ancient Roar,090/066,pk_b15b78a21cb16a19c9934d004b37011522a8e8b52386bb71544a8e585b45952c55bf11d1852e051cbd9a110a02c8c5,Roaring Moon ex - 090/066,SV4K,SV4K: Ancient Roar,40.63,38,70,,,,both,True,cache,set:name_exact+card:name_number
2026-10-02-200902,2026-10-02T18:09:02Z,190,-42,80,Gastly (JP),Wild Force,080/071,pk_51b7bb31edf1939b662c9533110216e8a78391e1406d01d0d33503aad9131294e8038a7e215494b2508f352fe7f9ef,Gastly - 080/071,SV5K,SV5K: Wild Force,37.36,33,200,,,,both,True,cache,set:name_exact+card:name_number
2026-10-02-200902,2026-10-02T18:09:02Z,168,1373,17,Rainbow Energy (17),Team Rocket,17,pk_f3e9793a32fe072f5632e5f156bba775f9cb692b953be769991b53d4aed0a9d5dbc6910ad76ca744be005452,Rainbow Energy (17),TR,Team Rocket,40.67,31.11,471.34,,,,both,True,cache,set:name_exact+card:name_number
2026-10-02-200902,2026-10-02T18:09:02Z,107,1374,67,Abra,Legendary Collection,67,64758a9fba72ea94ca400f3642dfd462047ce2832943d1b05790c8a24daf7c4f,Abra,LC,,,,,,,,cardmarket,True,cache,set:name_exact+card:name_number
2026-10-02-200902,2026-10-02T18:09:02Z,108,1374,69,Caterpie,Legendary Collection,69,0bff60d5f45980ce17d24f5825446e36c780b53bf24085665b5920ccf4116652,Caterpie,LC,,,,,,,,cardmarket,True,cache,set:name_exact+card:name_number
2026-10-02-200902,2026-10-02T18:09:02Z,161,1384,8,Rayquaza C,Supreme Victors,8,pk_53542c3fd04fb92cd5a82cfa2eba564153cd487d9c80bcc1b4aca190c302f9b06d3c1c4a6a4411b8,Rayquaza C,SV,Supreme Victors,70.62,399,499.99,,,,both,True,cache,set:name_exact+card:name_number
2026-10-02-200902,2026-10-02T18:09:02Z,142,1385,73,Terrakion,Noble Victories,73,pk_29af6af6f1579d15f2dc8fbf301d7dcced9a1799b83987267e30342e1bf204df419ec41619e15fae2397df4146,Terrakion,NVI,Noble Victories,2.43,1.9,32.84,,,,both,True,cache,set:name_exact+card:name_number
2026-10-02-200902,2026-10-02T18:09:02Z,141,1385,84,Cobalion,Noble Victories,84,pk_33cb896ef57cbbe0d68f0df0b617bba574ae49a5bfbf93d1d417586c12beeb4c46097213d6aee86acd292a0134,Cobalion,NVI,Noble Victories,1.62,1,27.24,,,,both,True,cache,set:name_exact+card:name_number
2026-10-02-200902,2026-10-02T18:09:02Z,191,1387,68,Sableye,XY Base Set,68,pk_b3f70dbc61dfa59040555de8fcd10439bad07c0f7bdbaeb1c250913f148f6e29693e771be436b2bfb1686c893d,Sableye,XY,XY Base Set,0.53,0.2,14.99,,,,both,True,cache,set:name_exact+card:name_number
2026-10-02-200902,2026-10-02T18:09:02Z,132,1389,17,Entei (17),Neo Revelation,17,pk_a2178f6bd72942e0f3deafa700ac9da07409e5cbf5963f2060b67cd7203d72234ad97eec6e40d85b96bb966f,Entei (17),N3,Neo Revelation,82.23,35.89,848.84,,,,tcgplayer,True,cache,set:name_exact+card:name_number
2026-10-02-200902,2026-10-02T18:09:02Z,133,1389,18,Ho-oh,Neo Revelation,18,pk_5218d78169cd302950269c4fb4739d0b3b2cce7dd477873ff2a2aa22516b021157b28dd95285f629eec7237d,Ho-oh (18),N3,Neo Revelation,117.89,54.99,9999,,,,tcgplayer,True,cache,set:name_exact+card:name_number
2026-10-02-200902,2026-10-02T18:09:02Z,134,1389,20,Lugia,Neo Revelation,20,pk_7c352b230d2d259ab112797b5bef75c9e41525839963501e22b576261acc1cc20d71efc7b969dbae14e3170d,Lugia,N3,Neo Revelation,62.57,35,9999,,,,tcgplayer,True,cache,set:name_exact+card:name_number
2026-10-02-200902,2026-10-02T18:09:02Z,72,1395,64,Squirtle (64),EX Crystal Guardians,64,pk_5a4bc5089043695ae6d3c18175d66b321dc2d9fdc445cdf61812a7b102de446b767e5d2e6e62f07d30f9e11549,Squirtle - 064/100,CG,Crystal Guardians,17.2,4.18,96.27,,,,both,True,cache,set:name_fuzzy+card:name_number
2026-10-02-200902,2026-10-02T18:09:02Z,126,1396,57,Cyndaquil (57),Neo Genesis,57,pk_bfb8cfc6531175cd476d1b1f977a2a11de55edc419b184e945db3318471dfa971345194ed7aefa51384457c1aa,Cyndaquil (57),N1,Neo Genesis,14.09,2.5,96.95,,,,tcgplayer,True,cache,set:name_exact+card:name_number
2026-10-02-200902,2026-10-02T18:09:02Z,128,1396,65,Mareep,Neo Genesis,65,pk_e4adcb9d0a11061a1d241a92586f8bed99896ce37b6ce0be661494253bd9e9ed4f003a8c0c73874ed687b0fd2a,Mareep,N1,Neo Genesis,3.65,1.8,30,,,,tcgplayer,True,cache,set:name_exact+card:name_number
2026-10-02-200902,2026-10-02T18:09:02Z,129,1396,74,Snubbull,Neo Genesis,74,pk_aa787e8dc3ff3a4203b1e0768eb14cae7e9d09efa6b30aa1221901f2ac59f1ec943c7ebc9cc5ae5b03ba23e0e3,Snubbull,N1,Neo Genesis,2.27,1,50,,,,tcgplayer,True,cache,set:name_exact+card:name_number
2026-10-02-200902,2026-10-02T18:09:02Z,130,1396,80,Totodile (80),Neo Genesis,80,pk_fa6f1636ccd356a500d6a2af0720eda65816adaebd1fbacefaaa34f8e4f912587436ef87cfa8cf2ecd11ec4af1,Totodile (80),N1,Neo Genesis,1.92,0.4,90,,,,tcgplayer,True,cache,set:name_exact+card:name_number
2026-10-02-200902,2026-10-02T18:09:02Z,82,1398,27,Ho-oh,EX Unseen Forces,27/115,pk_62eed384aebb3470749ae32f6182b79013e340eb290a373b098b18c57f3b0f8b4d47084c06d64b7320270e40a3,Ho-Oh,UF,Unseen Forces,7.81,6.77,74.74,,,,both,True,cache,set:name_fuzzy+card:name_number
2026-10-02-200902,2026-10-02T18:09:02Z,81,1398,54,Cyndaquil,EX Unseen Forces,54/115,pk_00f37841c6bd4ab2ce421090745d1f2d849d935d0039943b7d9e8b3cf7f0d4e20abd27dcf2a93ad167fd7c7444,Cyndaquil,UF,Unseen Forces,2.6,0.4,44.6,,,,both,True,cache,set:name_fuzzy+card:name_number
2026-10-02-200902,2026-10-02T18:09:02Z,185,1403,10,Umbreon,Undaunted,10,pk_a2bba8e9e05f3edc963632ced6b84410adfb96ba54c9d82dc7b6cbbaba99d12fb7ead9923ba1651bd0bbc06b,Umbreon,UD,Undaunted,96.83,90,679.34,,,,both,True,cache,set:name_exact+card:name_number
2026-10-02-200902,2026-10-02T18:09:02Z,109,1409,15,Virizion,Legendary Treasures,15,pk_b6ec8b056fe45cccee2b5c65490dff417cde2717807cf5a3f2118655482d11fc65ffaced33f37c4a1c70ddf8fb,Virizion,LTR,Legendary Treasures,1.7,0.99,49.99,,,,both,True,cache,set:name_exact+card:name_number
2026-10-02-200902,2026-10-02T18:09:02Z,74,1410,102,Fire Energy,EX Emerald,102,pk_2d41fe6f6139544ef4c99bbda7da1321e6c2473445123eba8fb5665a1ac2c34d3c87ba43f30fdc46876ce8b5b577,Fire Energy,EM,Emerald,17.6,12.65,184.24,,,,both,True,cache,set:name_fuzzy+card:name_number
2026-10-02-200902,2026-10-02T18:09:02Z,156,1413,126,Virbank City Gym,Plasma Storm,126,pk_de79b0b95e8292740c0042a5d1a751ba4b4488dd327a543d06b2e9e4e855427d379c79dd1d83ed3284d479d87410,Virbank City Gym,PLS,Plasma Storm,5.13,3,47.14,,,,both,True,cache,set:name_exact+card:name_number
2026-10-02-200902,2026-10-02T18:09:02Z,77,1416,60,Doduo,EX Hidden Legends,60,pk_fd55e9b969ae651b8fa7e8e5266a9b19f4878b62f396394f68617090ad2e35707fdf137feef3622030025b6357,Doduo,HL,Hidden Legends,0.36,0.1,19.82,,,,both,True,cache,set:name_fuzzy+card:name_number
2026-10-02-200902,2026-10-02T18:09:02Z,110,1417,52,Dragonair,Legends Awakened,52,pk_8a5b982b9d66dfb7a2f80c28eb6f28939fe2bb3d8f9bc9ce315cb685e007f425185a8c93eb6253e66d5521401a,Dragonair,LA,Legends Awakened,12.96,6.2,109.74,,,,both,True,cache,set:name_exact+card:name_number
2026-10-02-200902,2026-10-02T18:09:02Z,75,1419,46,Poliwhirl,EX FireRed & LeafGreen,46,pk_7e69972295f1bdf2aa0b87d8423ec9f4692d6bf91ea90b3fcf9bca02ce73f96421c30587a05530932f6f8bf58d,Poliwhirl,RG,FireRed & LeafGreen,4.62,4.91,35,,,,both,True,cache,set:name_fuzzy+card:name_number
2026-10-02-200902,2026-10-02T18:09:02Z,76,1419,78,Seel,EX FireRed & LeafGreen,78,pk_4f7665e05b3800de8173476326fccbe6afe2f7dc2ddfd0483eddc541869cdcda3a3001ea292dbe2986c919a6e7,Seel,RG,FireRed & LeafGreen,0.49,0.1,16.7,,,,both,True,cache,set:name_fuzzy+card:name_number
2026-10-02-200902,2026-10-02T18:09:02Z,73,1429,41,Dragonair,EX Delta Species,41,dc964117624a66a340572753e70c3911df2a612d13b00a1a1a81a2b5fe867f45,Dragonair δ Delta Species,DS,,,,,,,,cardmarket,True,cache,set:name_fuzzy+card:set_number
2026-10-02-200902,2026-10-02T18:09:02Z,54,1430,117,Energy Search,Diamond and Pearl,117,pk_627f265dd3440d20a05ef0dcd6bbec10d568ec410646c19b78dbbc823804e63489ab9dfeb34e931ccfe78ad24e16,Energy Search,DP,Diamond and Pearl,0.18,0.02,19.82,,,,both,True,cache,set:name_exact+card:name_number
2026-10-02-200902,2026-10-02T18:09:02Z,55,1430,117,Energy Search,Diamond and Pearl,117,pk_627f265dd3440d20a05ef0dcd6bbec10d568ec410646c19b78dbbc823804e63489ab9dfeb34e931ccfe78ad24e16,Energy Search,DP,Diamond and Pearl,0.18,0.02,19.82,,,,both,True,cache,set:name_exact+card:name_number
2026-10-02-200902,2026-10-02T18:09:02Z,53,1430,43,Budew,Diamond and Pearl,43,pk_edbbf2c21eaaaefb3f0d1d60c919372329675b3d2bb64627fab910861cdacd46e47871441b8082e8d8dfb3e8c4,Budew,DP,Diamond and Pearl,4.57,0.99,52.94,,,,both,True,cache,set:name_exact+card:name_number
2026-10-02-200902,2026-10-02T18:09:02Z,125,1434,32,Umbreon (32),Neo Discovery,32,pk_ed3624519e47271257a82a3f6a3f932f50dad08b11a8244c3c2ca9103cd37f6356994c8ee8228cd98a12a01b,Umbreon (32),N2,Neo Discovery,300,300,499.98,,,,tcgplayer,True,cache,set:name_exact+card:name_number
2026-10-02-200902,2026-10-02T18:09:02Z,124,1434,66,Tyrogue,Neo Discovery,66,pk_cac6e18a7e92b7abc0fad72666632c2ab9ea52faae88fb360ae74fccd6961a2fba8edf81f3deee1731ec78be,Tyrogue,N2,Neo Discovery,3.29,1.86,32.12,,,,tcgplayer,True,cache,set:name_exact+card:name_number
2026-10-02-200902,2026-10-02T18:09:02Z,89,1441,106,Brock's Training Method,Gym Heroes,106,pk_6b727457ca0fe15c2fc1455db4d1de85bc326f2dede3de89c8e16022f7b6e5d6c5f6651d12bc8ea471b8267db956,Brock's Training Method,G1,Gym Heroes,1.14,0.35,5,,,,tcgplayer,True,cache,set:name_exact+card:name_number
2026-10-02-200902,2026-10-02T18:09:02Z,92,1441,123,Misty's Duel,Gym Heroes,123,pk_1f77393ac0c2cff342ce80e4f83d4b039d455da883d5c5279fddab9181415ee12a7a859d522a2813dc92f31dccc6,Misty's Duel,G1,Gym Heroes,5.42,2.2,52.94,,,,tcgplayer,True,cache,set:name_exact+card:name_number
2026-10-02-200902,2026-10-02T18:09:02Z,91,1441,130,Lightning Energy,Gym Heroes,130,pk_31445d60b6bb5b719f38c2fbfb7ec1ad316c2c0608bde333ce4c6d61430ed40e39e44c7a49e2d9e775fcad6fba70,Lightning Energy,G1,Gym Heroes,2.11,0.45,95.24,,,,tcgplayer,True,cache,set:name_exact+card:name_number
2026-10-02-200902,2026-10-02T18:09:02Z,90,1441,43,Erika's Exeggcute (43),Gym Heroes,43,pk_ce2f5fe6baf2c2ee69cc6351f20132fd26d97c44ae91ab0c41c80d8b84522dc955466e9fcf916deadb08659552,Erika's Exeggcute (43),G1,Gym Heroes,6.24,3.52,58.46,,,,tcgplayer,True,cache,set:name_exact+card:name_number
2026-10-02-200902,2026-10-02T18:09:02Z,88,1441,69,Brock's Onix (69),Gym Heroes,69,pk_77be89039c43b92eb361e15926069a70eec974f076112c64c03e232933427d1f44e3e9f182680b2e3cede82ff4,Brock's Onix (69),G1,Gym Heroes,1.74,0.39,96.95,,,,tcgplayer,True,cache,set:name_exact+card:name_number
2026-10-02-200902,2026-10-02T18:09:02Z,123,1444,50,Light Ninetales,Neo Destiny,50,pk_90c9aa90e01303ed97e47d1e17aa299194980574c93cabb92c989d8d47e184978f3557370507513063a9073903,Light Ninetales,N4,Neo Destiny,28.55,15,129.3,,,,tcgplayer,True,cache,set:name_exact+card:name_number
2026-10-02-200902,2026-10-02T18:09:02Z,32,1661,69,Kirlia,BREAKthrough,69,pk_04165b50e725d66eaffee189b9831eb4bc37ce0151511eeb25343f2dbd1324df881f1263efdfe8e9f4d6d764b4d7,Kirlia,BKT,XY - BREAKthrough,0.42,0.12,16.36,,,,both,True,cache,set:name_suffix+card:name_number
2026-10-02-200902,2026-10-02T18:09:02Z,45,17689,gg60,Cynthia's Ambition,Crown Zenith: Galarian Gallery,GG60/GG70,pk_712127e0870de9b9252d990b063298a6bf7ead2d0c0611226a78d2dfa663b50f959f345622031ee5a493e7c69215344b81b6,Cynthia's Ambition,CRZ:GG,Crown Zenith: Galarian Gallery,23.17,19.95,186.92,,,,tcgplayer,True,cache,set:name_exact+card:name_number
2026-10-02-200902,2026-10-02T18:09:02Z,48,1840,13,Delphox - 013/086 (Non-Holo),Deck Exclusives,013/086,pk_03ebb83d14b57b84681330d01e499341acafbe5e177020f9097fd22604a6e0ca355c8c49915557fa142dd1ad4323,Delphox - 13/124 (XY Fates Collide),PR,Deck Exclusives,0.58,0.19,1.99,,,,tcgplayer,True,cache,set:name_exact+card:name_number
2026-10-02-200902,2026-10-02T18:09:02Z,47,1840,29,Ampharos - 029/086 (Non-Holo),Deck Exclusives,029/086,pk_36201a98df0c9ae78b81ef0cc27a69e9ffeeadd3745e7909a7a7988e6493efd80af368b35bc12fc354e5a1b2a2a2,Empoleon - 29/108 (Battle Arena Deck Exclusive),PR,Deck Exclusives,1.97,0.8,96.95,,,,tcgplayer,True,cache,set:name_exact+card:set_number
2026-10-02-200902,2026-10-02T18:09:02Z,49,1840,8,Machamp,Deck Exclusives,008/102,pk_8c7b7d6e3edf91d796bbfd511ca99f2d9c72ee3088563624ad03d5c24ce4298026540a64ba52a45de8a82138bd,Noctowl - 8/123 (HeartGold & SoulSilver),PR,Deck Exclusives,2.39,0.75,31.14,,,,tcgplayer,True,cache,set:name_exact+card:set_number
2026-10-02-200902,2026-10-02T18:09:02Z,71,1842,14,Vulpix,Evolutions,14/108,pk_f439ddf01cdda1c193e07b1f7a8579f754d5d6799b046e6a4f340a57c175af830cfb2bfed332fe3d999c2ee69b76,Vulpix,EVO,XY - Evolutions,0.22,0.01,14.21,,,,both,True,cache,set:name_suffix+card:name_number
2026-10-02-200902,2026-10-02T18:09:02Z,64,1842,23,Poliwag,Evolutions,23/108,pk_0819f6da2d6e7da5c76e543c5dd6dc4f3162bc64b8d4e66c8539362415507e67e817a0c81388b1fefac1d7a780af,Poliwag,EVO,XY - Evolutions,0.21,0.01,17.74,,,,both,True,cache,set:name_suffix+card:name_number
2026-10-02-200902,2026-10-02T18:09:02Z,65,1842,23,Poliwag,Evolutions,23/108,pk_0819f6da2d6e7da5c76e543c5dd6dc4f3162bc64b8d4e66c8539362415507e67e817a0c81388b1fefac1d7a780af,Poliwag,EVO,XY - Evolutions,0.21,0.01,17.74,,,,both,True,cache,set:name_suffix+card:name_number
2026-10-02-200902,2026-10-02T18:09:02Z,58,1842,29,Dewgong,Evolutions,29/108,pk_b2598173a2061059e0ff134c979798d7e40d466d4b1ee6d98c57795859e75f60112609cde97b3bd1926f239a0301,Dewgong,EVO,XY - Evolutions,0.22,0.05,35,,,,both,True,cache,set:name_suffix+card:name_number
2026-10-02-200902,2026-10-02T18:09:02Z,70,1842,39,Voltorb,Evolutions,39/108,pk_1a97ca0d3795ebb70e28f553d93ef3bda9d89b5bfa09c74c39829ef3bb488ce964eda7f6cb428e5c4445eebf8735,Voltorb,EVO,XY - Evolutions,0.17,0.01,18.86,,,,both,True,cache,set:name_suffix+card:name_number
2026-10-02-200902,2026-10-02T18:09:02Z,63,1842,4,Metapod,Evolutions,4/108,pk_a799e04fc2c560e3ea4f7393942f49dfe800aa4842aed40122c90e0fcc57c30eee64a5b7ee52f5e1e7ebf47f32,Metapod,EVO,XY - Evolutions,0.23,0.03,19.82,,,,both,True,cache,set:name_suffix+card:name_number
2026-10-02-200902,2026-10-02T18:09:02Z,59,1842,55,Diglett,Evolutions,55/108,pk_1efb59dca55f4689b273a98c63edab3a34cf74f70db5330bedf49250bf4ec3872aa443ba30e16f6e03843f08985c,Diglett,EVO,XY - Evolutions,0.11,0.01,14.16,,,,both,True,cache,set:name_suffix+card:name_number
2026-10-02-200902,2026-10-02T18:09:02Z,62,1842,57,Machop,Evolutions,57/108,pk_c36c6e58796bca5e44144f023bfacdd05c068c8a10ab281049109b750884a5a984479434012ef3c73acffb09d2bf,Machop,EVO,XY - Evolutions,0.19,0.01,15,,,,both,True,cache,set:name_suffix+card:name_number
2026-10-02-200902,2026-10-02T18:09:02Z,66,1842,67,Raticate,Evolutions,67/108,pk_eb56671063893b0b293ca4c109207c2a54194a1680d79dbeb6f2c1b143c480747764b69e8d90a7d40860766d47de,Raticate,EVO,XY - Evolutions,0.17,0.05,15.42,,,,both,True,cache,set:name_suffix+card:name_number
2026-10-02-200902,2026-10-02T18:09:02Z,60,1842,69,Doduo,Evolutions,69/108,pk_fd41e9060e306f05974f417cbbc0c2e591921d9a77ac25027178757139e80af53d24a8d62de42ca03290d6792606,Doduo,EVO,XY - Evolutions,0.18,0.03,14.18,,,,both,True,cache,set:name_suffix+card:name_number
2026-10-02-200902,2026-10-02T18:09:02Z,56,1842,7,Beedrill,Evolutions,7/108,pk_1fcf283e441b3342c433bb78ebbb1fcff79f5451922691cede9e88e699e5b2f5d541cfae9bdc4b5111fea25a4b,Beedrill,EVO,XY - Evolutions,0.27,0.02,19.46,,,,both,True,cache,set:name_suffix+card:name_number
2026-10-02-200902,2026-10-02T18:09:02Z,68,1842,8,Tangela,Evolutions,8/108,pk_e9820aa9b912c585fe96eda94d5d0b368cffb3fde8c7d4027de48e08fe0ab2b5516f5edda651675dd4bf8b1d1d,Tangela,EVO,XY - Evolutions,0.24,0.01,15.84,,,,both,True,cache,set:name_suffix+card:name_number
2026-10-02-200902,2026-10-02T18:09:02Z,67,1842,86,Slowbro Spirit Link,Evolutions,86/108,pk_8bc5fc0280dff1f92b5cc5e5353a66bf978063e4814ee3799a913bb1ac9c35473582d6a7716a6c965adcd5cbaac4,Slowbro Spirit Link,EVO,XY - Evolutions,0.28,0.02,14.29,,,,both,True,cache,set:name_suffix+card:name_number
2026-10-02-200902,2026-10-02T18:09:02Z,69,1842,89,Venusaur Spirit Link,Evolutions,89/108,pk_c88e0902038bc125dac7920aadab4eb4562e6a8246cb47d38759aee34d7333a0ec0282e342155ce79c45cfbe93ef,Venusaur Spirit Link,EVO,XY - Evolutions,0.24,0.04,19.82,,,,both,True,cache,set:name_suffix+card:name_number
2026-10-02-200902,2026-10-02T18:09:02Z,61,1842,94,Lightning Energy,Evolutions,94/108,pk_8234acc2fcc1778fb8c6b2d33fd8c102de546b453ebfafaa50b5f89aef82e76e1cbd26294c5ce947043983b707ed,Lightning Energy,EVO,XY - Evolutions,0.21,0.06,19.12,,,,both,True,cache,set:name_suffix+card:name_number
2026-10-02-200902,2026-10-02T18:09:02Z,57,1842,97,Darkness Energy,Evolutions,97/108,pk_f9d9d0eae7cf3282639a7250f3cb86f63aac08c6d172f11afe8d113afc8879f7ed7d6a684a9bbfd911dee7a3cbe1,Darkness Energy,EVO,XY - Evolutions,1.5,0.98,24.52,,,,both,True,cache,set:name_suffix+card:name_number
2026-10-02-200902,2026-10-02T18:09:02Z,159,22873,253,Miraidon ex,Scarlet & Violet Base Set,253/198,pk_363201270d4afa467e4be33a8351a5f4b2f358887f1383b2db03bceaf749122fce4a599f009bb58ea6e1c5a5197b7dd6,Miraidon ex - 253/198,SVI,SV01: Scarlet & Violet Base Set,7.65,5,161.2,,,,tcgplayer,True,cache,set:name_suffix+card:name_number
2026-10-02-200902,2026-10-02T18:09:02Z,24,2289,13,Virizion,Blister Exclusives,13/101,pk_9f89b162479d4911badac9a6eaf65234a26d104f06ba8ede8274f754bc04fbacb145ad5811178c2a081e206102,Virizion,NVI,Noble Victories,1.98,0.95,24.74,,,,tcgplayer,True,cache,set:name_exact+card:name_number
2026-10-02-200902,2026-10-02T18:09:02Z,23,2289,60,Baxcalibur (Cosmos Holo),Blister Exclusives,060/193,pk_e34ef3412397fc0f79c6168194b12f5e4fc2c775d1d72c7716984574a43cb613c06b2802d789fb6594a7ad0c228a,Baxcalibur - 060/193 (Cosmos Holo),BLE,Blister Exclusives,0.46,0.25,1000,,,,tcgplayer,True,cache,set:name_exact+card:name_number
2026-10-02-200902,2026-10-02T18:09:02Z,143,23120,196,Sprigatito,Paldea Evolved,196/193,pk_0b82b4bba94c0731a12e2a86dfa75a49cd70740b92439abe5dc340aae8ea8a39142f74b3d40a22e876d4c87cef9aa2cb,Sprigatito - 196/193,PAL,SV02: Paldea Evolved,57.19,44.95,850.9,,,,both,True,cache,set:name_suffix+card:name_number
2026-10-02-200902,2026-10-02T18:09:02Z,166,23237,7,Basic Darkness Energy (Cosmos Holo),SV: 151,007,pk_6f4137bf148368ce862425e9deaa1fc4231c4e827977de635e2dd8b4a5d5a7ed4bae15c87d86070a2436169a2db2,Squirtle - 007/165,MEW,SV: Scarlet & Violet 151,0.29,0.05,18.38,,,,both,True,cache,set:name_exact+card:set_number
2026-10-02-200902,2026-10-02T18:09:02Z,179,23266,17,Trevenant,Trick or Trade BOOster Bundle 2023,017/196,pk_c785c6645803cad844ffa0348402d59762906a8400b0d0b60affb2baa33715a1be0eaf9d4716593c1cfa8590879ef2,Trevenant,TTBB23,Trick or Trade BOOster Bundle 2023,0.16,0.02,19.82,,,,both,True,cache,set:name_exact+card:name_number
2026-10-02-200902,2026-10-02T18:09:02Z,177,23266,62,Pikachu,Trick or Trade BOOster Bundle 2023,062/193,pk_39b3ca391673aa7658b679bd20a2656ba338145c12d1750266f7a72a0cd9d57a871674695d27288d92a9a9c6bb0f4a,Pikachu,TTBB23,Trick or Trade BOOster Bundle 2023,0.51,0.15,19.82,,,,both,True,cache,set:name_exact+card:name_number
2026-10-02-200902,2026-10-02T18:09:02Z,175,23266,71,Dusknoir,Trick or Trade BOOster Bundle 2023,071/185,pk_cdf02f8faa96c94a79cbe62be31c1cc99ddf0d62a4b910708344e88848cab0e99dc83936973b26ac5017acddca1162,Dusknoir,TTBB23,Trick or Trade BOOster Bundle 2023,0.14,0.01,19.82,,,,both,True,cache,set:name_exact+card:name_number
2026-10-02-200902,2026-10-02T18:09:02Z,174,23266,73,Banette,Trick or Trade BOOster Bundle 2023,073/196,pk_ca34e023b23731d857200e1712faa4fb7a21cdc1cd6a076bf7a0603cf55216cc0d7364202bbef3555595b06fd0fec9,Banette,TTBB23,Trick or Trade BOOster Bundle 2023,0.18,0.05,19.82,,,,both,True,cache,set:name_exact+card:name_number
2026-10-02-200902,2026-10-02T18:09:02Z,178,23266,90,Polteageist,Trick or Trade BOOster Bundle 2023,090/202,pk_d73bda19b8fadbd8a4838baf347cea905a6dca58bb6c9bb8e6be89e731aafce7259fadb406d8e6dc25c34bdf0c74d6,Polteageist,TTBB23,Trick or Trade BOOster Bundle 2023,0.13,0.01,19.82,,,,both,True,cache,set:name_exact+card:name_number
2026-10-02-200902,2026-10-02T18:09:02Z,176,23266,95,Lycanroc,Trick or Trade BOOster Bundle 2023,095/185,pk_0b38b47f75b088061535aeb3fd2d117c3242afa97dea930c874f41e82ac21b3419fcf479b0faf3a26eebca2247bb85,Lycanroc,TTBB23,Trick or Trade BOOster Bundle 2023,0.18,0.01,19.82,,,,both,True,cache,set:name_exact+card:name_number
2026-10-02-200902,2026-10-02T18:09:02Z,145,23286,118,Yveltal,Paradox Rift,118/182,pk_4e4c7e76ec48360da366a7c98f8220e9a6a247736e5790501de132b7b503776a1a621b1d9f08140f903883abff41757f,Yveltal - 118/182,PAR,SV04: Paradox Rift,0.16,0.01,3.34,,,,both,True,cache,set:name_suffix+card:name_number
2026-10-02-200902,2026-10-02T18:09:02Z,144,23286,74,Deoxys,Paradox Rift,074/182,pk_9b460b47b1052ab331fc145210c642e43b51738613ca52e0cb394bde7488360497dd8b59cbf3b568836ace0fed53d9,Deoxys,PAR,SV04: Paradox Rift,0.22,0.01,14.21,,,,both,True,cache,set:name_suffix+card:name_number
2026-10-02-200902,2026-10-02T18:09:02Z,173,23323,15,Lt. Surge's Rattata,Trading Card Game Classic,015/034,pk_1534a68a7b872490fcc7826df737781239b8725ad322c46ffc19d6484eb9ba903123ee79b7be5ac6ba3b43aa601731,Chansey,CL,Trading Card Game Classic,8.73,7.19,9999,,,,tcgplayer,True,cache,set:name_exact+card:set_number
2026-10-02-200902,2026-10-02T18:09:02Z,172,23323,16,Lt. Surge's Raticate,Trading Card Game Classic,016/034,pk_d66a1f89329ca1f6df363bb371eaf64dc3778e1c73e1e3702115734a5ddc7fdf836bdffc011cb7aaf95fe0b37a8b15,Snorlax,CL,Trading Card Game Classic,16.65,15.14,9999,,,,tcgplayer,True,cache,set:name_exact+card:set_number
2026-10-02-200902,2026-10-02T18:09:02Z,170,23381,104,Gengar ex,Temporal Forces,104/162,pk_4feed57d5fd7bbedc4eab7dfaef8d33457abf0f2389a648f84017b037f6ce04024fe053deecfdcb1ee6602cfd5e10ce7,Gengar ex - 104/162,TEF,SV05: Temporal Forces,6.37,3.99,143.8,,,,both,True,cache,set:name_suffix+card:name_number
2026-10-02-200902,2026-10-02T18:09:02Z,184,23473,221,Teal Mask Ogerpon ex,Twilight Masquerade,221/167,pk_8b4d48cb5c5b51c74c6fcdeaf44900eb4c1aeb4fe2ab52c6dda1419b792a8db52de0f3db8f34e5fe1f5d9bf6a88a34b0,Teal Mask Ogerpon ex - 221/167,TWM,SV06: Twilight Masquerade,9.19,7,999,,,,both,True,cache,set:name_suffix+card:name_number
2026-10-02-200902,2026-10-02T18:09:02Z,183,23473,29,Magcargo ex,Twilight Masquerade,029/167,pk_fa883eb13246646c37cc824b682d82256cdb102450199b68bee312211605694e7ec544d316450070c5831a059c89d5,Magcargo ex - 029/167,TWM,SV06: Twilight Masquerade,0.65,0.3,999,,,,both,True,cache,set:name_suffix+card:name_number
2026-10-02-200902,2026-10-02T18:09:02Z,182,23473,77,Iron Thorns ex,Twilight Masquerade,077/167,pk_59369de5820b1533f00d3027755314b72bf1fcc55c33280243c300b3510ba45917ebf9f9c85406d9920b5b26781cca,Iron Thorns ex - 077/167,TWM,SV06: Twilight Masquerade,0.67,0.34,999,,,,both,True,cache,set:name_suffix+card:name_number
2026-10-02-200902,2026-10-02T18:09:02Z,181,23561,130,Umbreon,Trick or Trade BOOster Bundle 2024,130/197,pk_edcfa36e5afcbd718e4df02b3e8fe316acc80d6a6f487dcf445b23e5ff9a1ffa1cfb0fd071a149802ea8b603e1150e40,Umbreon,TTBB24,Trick or Trade BOOster Bundle 2024,0.46,0.2,35,,,,both,True,cache,set:name_exact+card:name_number
2026-10-02-200902,2026-10-02T18:09:02Z,180,23561,96,Fezandipiti (Cosmos Holo),Trick or Trade BOOster Bundle 2024,096/167,pk_9fef717584ef3b96cbece4be62b203007be6079ac628dd45567bcbda75c3f32791c8db31c5b7f24bc793f2d1dcf924,Fezandipiti (Cosmos Holo),TTBB24,Trick or Trade BOOster Bundle 2024,0.23,0.05,19.82,,,,both,True,cache,set:name_exact+card:name_number
2026-10-02-200902,2026-10-02T18:09:02Z,21,23639,29,Hisuian Typhlosion VSTAR (JP),Battle Region,029/067,pk_a95dc44d3c30745127af62856982ae41523352b5e2d9d4bdcf23a8b7943422ad1eb052298f71971731d04bbb53586f,Hisuian Typhlosion VSTAR - 029/067,S9a,S9a: Battle Region,0.84,0.55,2.99,,,,both,True,cache,set:name_suffix+card:name_number
2026-10-02-200902,2026-10-02T18:09:02Z,160,23643,330,Zamazenta V (JP),Shiny Star V,330/190,pk_51d0ba46a4faeffccb66fb3c67a158ae034bff3019ea6e3543b18a3a3f0308d686816d787a8af7be8e5dbd634d746075,Zamazenta V - 330/190,S4a,S4a: Shiny Star V,9.92,9.45,13,,,,both,True,cache,set:name_suffix+card:name_number
2026-10-02-200902,2026-10-02T18:09:02Z,188,23645,115,Radiant Eternatus (JP),VSTAR Universe,115/172,pk_98e262de840f758e80fbe90931148798e7f00117b1f35fd725424f3ba8c587b13428decd99308594bae1d92119f5996d,Radiant Eternatus,S12a,S12a: VSTAR Universe,0.63,0.42,3.25,,,,both,True,cache,set:name_suffix+card:name_number
2026-10-02-200902,2026-10-02T18:09:02Z,189,23645,41,Zeraora VMAX (JP),VSTAR Universe,041/172,pk_b7e177a6b6849247185a2d7481a34e80068e3502fb1e961d33da58116279603e763fcc8468db9c79d9543929834a11,Zeraora VMAX - 041/172,S12a,S12a: VSTAR Universe,0.96,0.59,4.6,,,,both,True,cache,set:name_suffix+card:name_number
2026-10-02-200902,2026-10-02T18:09:02Z,187,23645,48,Gengar (JP),VSTAR Universe,048/172,pk_1b3305af20ac1686743867fb66dc9015f529edc54e80bf9935c9d2a4de0c57a9d6b1aad4bc60f65f1f58b0ba39f90b,Gengar,S12a,S12a: VSTAR Universe,2.6,1.85,5.99,,,,both,True,cache,set:name_suffix+card:name_number
2026-10-02-200902,2026-10-02T18:09:02Z,162,23651,133,Alolan Exeggutor ex,Surging Sparks,133/191,pk_a3a9e0bfcc50fff4210e45ed6138ad1cd462dbd1c48e023725a140a137f5c745e79ee5467b8dea605fabb063e647422e,Alolan Exeggutor ex - 133/191,SSP,SV08: Surging Sparks,0.79,0.3,20,,,,both,True,cache,set:name_suffix+card:name_number
2026-10-02-200902,2026-10-02T18:09:02Z,163,23651,141,Eternatus,Surging Sparks,141/191,pk_78fd33d8a65a9b4d0a46e32370c0d20886d987c55b09775891c529920f7f05ad35650b31d75287ff5754096d29b103c1,Eternatus,SSP,SV08: Surging Sparks,0.22,0.01,15.19,,,,both,True,cache,set:name_suffix+card:name_number
2026-10-02-200902,2026-10-02T18:09:02Z,164,23651,31,Skeledirge,Surging Sparks,031/191,pk_f16db9de182cfb6083d218af939edc8c02171b79655d8a575dd3dbbae900d6c4259218acd7978b20bc90fdc5bd8c70,Skeledirge,SSP,SV08: Surging Sparks,0.23,0.01,19.82,,,,both,True,cache,set:name_suffix+card:name_number
2026-10-02-200902,2026-10-02T18:09:02Z,165,23651,86,Sylveon ex,Surging Sparks,086/191,pk_5707d10fd8369ec2f1f24eb14889bb83b7016a7905b023014f3063b775e0bdd97db3e9b3b46cbfa0a94702f75c954d,Sylveon ex,SSP,SV08: Surging Sparks,2.69,1.48,44,,,,both,True,cache,set:name_suffix+card:name_number
2026-10-02-200902,2026-10-02T18:09:02Z,118,2374,10,Ho-Oh (EB Games Exclusive),Miscellaneous Cards & Products,010/086,pk_99641324acffe938f1000c204b6267e10aba0335c7582f32ae04cfb4adf1a38a4a4941028e6c3df695f87edba65d,Abomasnow - 010/198 (Holiday Calendar),MCAP,Miscellaneous Cards & Products,0.52,0.2,19.82,,,,tcgplayer,True,cache,set:name_exact+card:set_number
2026-10-02-200902,2026-10-02T18:09:02Z,122,2374,125,Steelix (Cosmos Holo),Miscellaneous Cards & Products,125/182,pk_63187dec1b2cdb10faaf06e599df131598cb86715c672e91d9afd386c81753b03107f2a4e9ab8b832461002b6fb2a2,Steelix - 125/182 (Cosmos Holo),MCAP,Miscellaneous Cards & Products,10.78,7.6,94.44,,,,tcgplayer,True,cache,set:name_exact+card:name_number
2026-10-02-200902,2026-10-02T18:09:02Z,119,2374,19,Keldeo (Chaos Rising Stamped),Miscellaneous Cards & Products,019/086,pk_4def3ddb9cf6f5e8b358ea33cbf2b5dd00c93d01fcb0a89c5cc8cf8470c79baaa90c83ce0770a56ae9671b6c67ad,Charmeleon - 19/147 (Premium Collection Promo),MCAP,Miscellaneous Cards & Products,2.99,1,9999,,,,tcgplayer,True,cache,set:name_exact+card:set_number
2026-10-02-200902,2026-10-02T18:09:02Z,120,2374,48,Lapras (Holiday Calendar),Miscellaneous Cards & Products,048/202,pk_42d13c2e4a0cf744c1c21edde5aece9093bd8975ef8605f84dfc6d305bfad0a302451cd5dc17210ce9a14914d09f,Lapras - 048/202 (Holiday Calendar),MCAP,Miscellaneous Cards & Products,4.44,3.5,208.45,,,,tcgplayer,True,cache,set:name_exact+card:name_number
2026-10-02-200902,2026-10-02T18:09:02Z,121,2374,51,Pikachu (Pokemon Day 2026),Miscellaneous Cards & Products,051/162,pk_d4f24568d941a202fe8cbf136314d74c09ec8f45505cdeea665fa228eb9621dba15018f4618a1d7d86f0aca64826,Team Rocket's Articuno (Destined Rivals Stamp),MCAP,Miscellaneous Cards & Products,30.28,27,263.24,,,,tcgplayer,True,cache,set:name_exact+card:set_number
2026-10-02-200902,2026-10-02T18:09:02Z,167,23806,4,Pokegear 3.0,SV: Premium Trainer Box ex,004/028,pk_299fd3b222cbfa5c687c2459573a7743ca5c380973d35bc90f58f51d71f445677023997be85d83836d314471f7fe,Pokegear 3.0,svB,SV: Premium Trainer Box ex,,2,2,,,,both,True,cache,set:name_exact+card:name_number
2026-10-02-200902,2026-10-02T18:09:02Z,158,23821,59,Umbreon (Poke Ball Pattern),Prismatic Evolutions,059/131,pk_b1f5b1464aba9b6c5571ff23721b6705aa9b22fa212ebd30e52e06641b1605a9bd4aad790064217fdd563bdb9110aa,Umbreon,PRE,SV: Prismatic Evolutions,0.47,0.05,999,,,,both,True,cache,set:name_suffix+card:name_number
2026-10-02-200902,2026-10-02T18:09:02Z,157,23821,60,Umbreon ex,Prismatic Evolutions,060/131,pk_2b6d27a8bd0706fab12b1c79927ebd9b1be2680bf7a01e9b2287e3487906bb3a32bcccbcabc6f0c707dad8fb74abf7,Umbreon ex - 060/131,PRE,SV: Prismatic Evolutions,8.43,7,5000,,,,both,True,cache,set:name_suffix+card:name_number
2026-10-02-200902,2026-10-02T18:09:02Z,46,23898,25,Raikou EX (JP),Dark Rush,025/069,pk_7201316b5cf55d48877d41b59d146ac09251fb17057366bbdff613a658dd01f16ee92709aac4476fac6dffd2ade440,Raikou EX - 025/069,BW4,BW4: Dark Rush,8.13,6,8,,,,both,True,cache,set:name_suffix+card:name_number
2026-10-02-200902,2026-10-02T18:09:02Z,171,23909,92,Umbreon (JP),Terastal Festival ex,092/187,pk_4c3160078b4650174ea9bf9be70f740a408ed04b35aa42c9d29a2f95a41d1aa1925c143dcbcd513b75f9ab389b9c21,Umbreon,SV8a,SV8a: Terastal Fest ex,0.33,0.1,25,,,,both,True,cache,set:name_suffix+card:name_number
2026-10-02-200902,2026-10-02T18:09:02Z,79,24084,101,Mightyena ex,EX Holon Phantoms,101,pk_67f5b981f882f8227f8d48d5f974446a6d273030ec7b6af375d29392802f41ad8b0ee144e2f9f982e703c288d36b,Mightyena ex,HP,Holon Phantoms,99.99,74.99,200.01,,,,both,True,cache,set:name_fuzzy+card:name_number
2026-10-02-200902,2026-10-02T18:09:02Z,78,24084,63,Corphish (63),EX Holon Phantoms,63,pk_fdf090364ffa6990b3971ae357b5ae65e0a2dc6185ca0f2774d43898029e95457d62c813414433e4897773c7f8,Corphish - 063/110,HP,Holon Phantoms,0.37,0.15,19.82,,,,both,True,cache,set:name_fuzzy+card:name_number
2026-10-02-200902,2026-10-02T18:09:02Z,80,24084,80,Poochyena,EX Holon Phantoms,80,pk_d9edf81234590dbbad70bb58148381a6f4f0634f93ea548b8dea5d4f58b22895dd91316cdc66ac4a0a5e2d54dd,Poochyena,HP,Holon Phantoms,0.56,0.18,19.82,,,,both,True,cache,set:name_fuzzy+card:name_number
2026-10-02-200902,2026-10-02T18:09:02Z,51,2409,16,Lickitung (Holo Common),Detective Pikachu,16,pk_276d5b96e9f2113b490f393c244303c461cebf6485c759cd806f264d552b98fa8608b33a83e51d10a305fb1216,Lickitung (Holo Common),DEP,Detective Pikachu,0.43,0.1,5.6,,,,both,True,cache,set:name_exact+card:name_number
2026-10-02-200902,2026-10-02T18:09:02Z,52,2409,3,Morelull (Holo Common),Detective Pikachu,3,pk_c34ccdb4dae95dece608da5b7fbefeb08a745d2f21f5f5ca6c5f4611b40d002eeecdfd0765ae7d353bf82c60,Morelull (Holo Common),DEP,Detective Pikachu,0.37,0.05,18.2,,,,both,True,cache,set:name_exact+card:name_number
2026-10-02-200902,2026-10-02T18:09:02Z,50,24269,31,Team Rocket's Moltres ex,Destined Rivals,031/182,pk_fe5ffd94ab2efa61fd675d3f770a7afbb675808cd2636ebc962f577881d58578da8d880db3eb32ed7cb4acaf5b437d,Team Rocket's Moltres ex,DRI,SV10: Destined Rivals,0.9,0.29,50,,,,both,True,cache,set:name_suffix+card:name_number
2026-10-02-200902,2026-10-02T18:09:02Z,169,24310,68,Dark Machamp (JP),Team Rocket (Japanese),068,pk_876dc6c58cd715df1e523a8184fc6abbe908245e95e0f6a91e3519de1605485d3fc27dcadc2ba8b6e5c7fbaae58df1,Team Rocket's Muk,SV10,SV10: The Glory of Team Rocket,0.16,0.1,20,,,,both,True,cache,set:name_suffix+card:set_number
2026-10-02-200902,2026-10-02T18:09:02Z,22,24325,160,Excadrill ex,Black Bolt,160/086,pk_0618f0c2d2f265c829e60c6b083d3c13d1d132378f4f0d0dbe3eee1beca9741608752a08a762723acb62e7a4eef0e484,Excadrill ex - 160/086,BLK,SV: Black Bolt,0.81,0.45,19.82,,,,both,True,cache,set:name_suffix+card:name_number
2026-10-02-200902,2026-10-02T18:09:02Z,113,24399,29,Mega Lucario,Mega Brave,029/063,pk_4c6411ddd156628208cbc5a225cdc3541466822a14214104d8d21db537b477aa45551f7c5b3d6775dffefc59237d31,Mega Lucario ex - 029/063,m1L,m1L: Mega Brave,0.47,0.1,7.95,,,,both,True,cache,set:name_suffix+card:set_number
2026-10-02-200902,2026-10-02T18:09:02Z,117,24451,48,Totodile,Mega Evolution Promos,048,pk_072207ad9297659e5746e52ec9c8bc39911ceacad70068fe9dbfe4ba8f8006f8e4a80539788f53cb6215db,Totodile - 048,MEP,ME: Mega Evolution Promo,10.36,8.25,750,,,,both,True,cache,set:name_suffix+card:name_number
2026-10-02-200902,2026-10-02T18:09:02Z,116,24451,80,Fennekin (Pokemon Center Exclusive),Mega Evolution Promos,080,pk_bbab28d7c59388f77121c54255fcdeb17624eecf4f001e6d683de6cec6864e3772f9d4fbb13a07c004c804,Fennekin - 080 (Pokemon Center Exclusive),MEP,ME: Mega Evolution Promo,31.72,29.99,155,,,,both,True,cache,set:name_suffix+card:name_number
2026-10-02-200902,2026-10-02T18:09:02Z,115,24451,9,Alakazam,Mega Evolution Promos,009,pk_c9aea0a8a0e8e48ec83de65e6f59edfb17980fca97d64f3296b742d679dba395e20cd7e42d2afea01f99,Alakazam - 009,MEP,ME: Mega Evolution Promo,7.17,6.49,197.6,,,,both,True,cache,set:name_suffix+card:name_number
2026-10-02-200902,2026-10-02T18:09:02Z,112,24461,7,Basic Darkness Energy - 007,MEE: Mega Evolution Energies,7,pk_29e13b2117aaf263383ecb86799feb46bda50e73f455f5db614e5d2bf8438d6bc81fba0116dab31d98c9,Basic Darkness Energy - 007,MEE,MEE: Mega Evolution Energies,0.12,0.01,19.82,,,,both,True,cache,set:name_exact+card:name_number
2026-10-02-200902,2026-10-02T18:09:02Z,114,24499,127,Rayquaza,MEGA Dream ex,127/193,pk_cfe5c592524d2b41f855597a9bd0914284acd7d6cf071b4b7aada58a9d31e2c5207e823c9e22e4a61840fee142b6719e,Rayquaza,M2a,MEGA Dream ex,0.41,0.04,2.48,,,,both,True,cache,set:name_exact+card:name_number
2026-10-02-200902,2026-10-02T18:09:02Z,2,24541,105,Lunatone (Energy Symbol Pattern),Ascended Heroes,105/217,pk_d9793a6e167d65575e19e3ae7d60b8e5c439ac345bb527d4a3ae8133d48e961d604f14083371f0177c3dac1afce9a36c,Lunatone (Energy Symbol Pattern),ASC,ME: Ascended Heroes,0.3,0.19,19.82,,,,both,True,cache,set:name_suffix+card:name_number
2026-10-02-200902,2026-10-02T18:09:02Z,148,24587,22,Lapras ex,Perfect Order,022/088,pk_6b6058efd9c802b1e389e3e8417beba544e9241a26832cdb57cb00689cbefae026c62e996e138527db0318cb5e5150,Lapras ex,POR,ME03: Perfect Order,0.55,0.24,48,,,,both,True,cache,set:name_suffix+card:name_number
2026-10-02-200902,2026-10-02T18:09:02Z,151,24587,45,Tyrantrum,Perfect Order,045/088,pk_9a566c22d95bc1f0f907c0d57a0ad942b552a239c172dcb227c416d9fde6cab5c4d862169572858ea7b857c0379f29,Tyrantrum,POR,ME03: Perfect Order,0.2,0.01,19.82,,,,both,True,cache,set:name_suffix+card:name_number
2026-10-02-200902,2026-10-02T18:09:02Z,152,24587,53,Yveltal ex,Perfect Order,053/088,pk_1e6522572a390cd7e5c23e5ecf2c9fac8b120535aa82c09d4f9984b7b812f64608d4cba43f14b12fd4e67b9b11085c,Yveltal ex - 053/088,POR,ME03: Perfect Order,0.58,0.17,78,,,,both,True,cache,set:name_suffix+card:name_number
2026-10-02-200902,2026-10-02T18:09:02Z,149,24587,81,Poke Pad,Perfect Order,081/088,pk_931385744e03adf02b53d63b0b5181baad5effbce0bc1fff88795f53899430b69556d2ae8cbf4808da4f4d3251dc66,Poke Pad - 081/088,POR,ME03: Perfect Order,0.27,0.01,64,,,,both,True,cache,set:name_suffix+card:name_number
2026-10-02-200902,2026-10-02T18:09:02Z,150,24587,84,Rosa's Encouragement,Perfect Order,084/088,pk_8810b78bc3a3bdebb9201f6d8a50758931d2f3254f984671f4aa3335e7510be08f22c912a94c54e06476864803a175,Rosa's Encouragement - 084/088,POR,ME03: Perfect Order,0.13,0.01,20,,,,both,True,cache,set:name_suffix+card:name_number
2026-10-02-200902,2026-10-02T18:09:02Z,147,24587,95,Espurr,Perfect Order,095/088,pk_1721a12a511d93baa9516f9bac24a1f826618b9abb9ca54c213b15d7cab38af7e7933f1be49adc83c52a0c3af2ed63,Espurr - 095/088,POR,ME03: Perfect Order,3.27,2.4,95.2,,,,both,True,cache,set:name_suffix+card:name_number
2026-10-02-200902,2026-10-02T18:09:02Z,146,24587,98,Doublade,Perfect Order,098/088,pk_65b2536d7639562b8ed8b08bb039fc5a5a4a2d9772d65a5d052364bb0d1aa5ae674a66119c5ddbe6da62810f93b620,Doublade - 098/088,POR,ME03: Perfect Order,1.77,0.95,52.12,,,,both,True,cache,set:name_suffix+card:name_number
2026-10-02-200902,2026-10-02T18:09:02Z,136,24600,101,Energy Recycler,Nihil Zero,101/080,pk_9c6825b0e51299337bd4171d063d419e767b6d0949c4452ec445c03cbaf3712a5218ce42b18dbe523f795400781ea6da,Energy Recycler,M3,M3: Nihil Zero,0.43,0.18,6,,,,tcgplayer,True,cache,set:name_suffix+card:name_number
2026-10-02-200902,2026-10-02T18:09:02Z,138,24600,80,Rock F Energy,Nihil Zero,080/080,pk_cfb5c669ddb308a8ee9dabd6031658f663f509fb054958d15a2aad15f53ea09003f45570a88b1c5ba2a0a5d2496dd3,Rock F Energy,M3,M3: Nihil Zero,0.19,0.03,1,,,,both,True,cache,set:name_suffix+card:name_number
2026-10-02-200902,2026-10-02T18:09:02Z,139,24600,82,Rowlet,Nihil Zero,082/080,pk_ddc49b0cf6796ec8cf435b246c6a8257c09972ae1b0e369d24d820310692919136380a1e7c80f5e5708d26633411b4,Rowlet - 082/080,M3,M3: Nihil Zero,3.01,2,9.99,,,,both,True,cache,set:name_suffix+card:name_number
2026-10-02-200902,2026-10-02T18:09:02Z,135,24600,86,Clefairy,Nihil Zero,086/080,pk_de54928af8a10d7c6a84bfe3840871f99a0f42044c3aa5eb7508ef7f226a837dff6e5b82aad099e3cfe88c7cff779b,Clefairy - 086/080,M3,M3: Nihil Zero,9.9,7.25,20,,,,both,True,cache,set:name_suffix+card:name_number
2026-10-02-200902,2026-10-02T18:09:02Z,137,24600,92,Raticate,Nihil Zero,092/080,pk_d84f0bf5cc7339e3ae4ebb1ef8cefb16da930ea38c2c530e1d9f646f625033f7bb410e091493357a615ca2c1bbe051,Raticate - 092/080,M3,M3: Nihil Zero,1.61,1.18,9.99,,,,both,True,cache,set:name_suffix+card:name_number
2026-10-02-200902,2026-10-02T18:09:02Z,140,24600,94,Salazzle ex,Nihil Zero,094/080,pk_4b12268f3d797639ba2b2117cccd74e1ae6d3656dc12d4bafe471d7e3f1562d9a01d801d6f21d179349320243e803b,Salazzle ex - 094/080,M3,M3: Nihil Zero,2.5,1.44,7.99,,,,both,True,cache,set:name_suffix+card:name_number
2026-10-02-200902,2026-10-02T18:09:02Z,41,24655,15,Mega Pyroar ex,Chaos Rising,015/086,pk_224b6293e922be8add72b79b268ddbf6f6fc29379b467a99d31202dcbaebbe3515564f23b11759256771b08b6831a9,Mega Pyroar ex - 015/086,CRI,Chaos Rising,0.48,0.13,125,,,,both,True,cache,set:name_exact+card:name_number
2026-10-02-200902,2026-10-02T18:09:02Z,35,24655,29,Ampharos,Chaos Rising,029/086,pk_8912572396bc175b9498b25dcc05ab149d7b85d6e8660f891cb7ae71d985887865c7cb398a2fcae7a4bd554c27d55e,Ampharos - 029/086,CRI,Chaos Rising,0.16,0.01,14.19,,,,both,True,cache,set:name_exact+card:name_number
2026-10-02-200902,2026-10-02T18:09:02Z,36,24655,29,Ampharos,Chaos Rising,029/086,pk_8912572396bc175b9498b25dcc05ab149d7b85d6e8660f891cb7ae71d985887865c7cb398a2fcae7a4bd554c27d55e,Ampharos - 029/086,CRI,Chaos Rising,0.16,0.01,14.19,,,,both,True,cache,set:name_exact+card:name_number
2026-10-02-200902,2026-10-02T18:09:02Z,42,24655,39,Trevenant,Chaos Rising,039/086,pk_aad6381922fcc3cbf9bbcd5247dbc22b3697208f336d6a279b7d7eff7c095ba5c75e52791d62240725542177161b50,Trevenant,CRI,Chaos Rising,0.13,0.01,14.12,,,,both,True,cache,set:name_exact+card:name_number
2026-10-02-200902,2026-10-02T18:09:02Z,44,24655,42,Xerneas,Chaos Rising,042/086,pk_2f6bd60362838c31140be07b64d2eb15545ce5adce40884309d9c05fed0be03494a579ff44e3976e6a849b1e24d3a4,Xerneas - 042/086,CRI,Chaos Rising,0.17,0.01,14.19,,,,both,True,cache,set:name_exact+card:name_number
2026-10-02-200902,2026-10-02T18:09:02Z,40,24655,51,Crobat,Chaos Rising,051/086,pk_9abd30c72116d9b09a1f81ea12d63a4d79189295c65f43f7d6649f7a8a68b65ca91cc8e56044c6d845409c2b8e9a4c,Crobat - 051/086,CRI,Chaos Rising,0.14,0.01,14.14,,,,both,True,cache,set:name_exact+card:name_number
2026-10-02-200902,2026-10-02T18:09:02Z,38,24655,7,Chesnaught,Chaos Rising,007/086,pk_57715dc09938ab68315ed4b1f8691cddd1f8707e4235d145a966e7501fc3894c06bbac4fb213eb4358b00d005dc0,Chesnaught,CRI,Chaos Rising,0.2,0.01,14.2,,,,both,True,cache,set:name_exact+card:name_number
2026-10-02-200902,2026-10-02T18:09:02Z,39,24655,73,Cinccino ex,Chaos Rising,073/086,pk_0559fdc21cd36726cfa912643828a288aaecf192123e3ee9a26db6df8264bf79de0593574b41adc20af694df9c71bf,Cinccino ex - 073/086,CRI,Chaos Rising,0.63,0.05,999.99,,,,both,True,cache,set:name_exact+card:name_number
2026-10-02-200902,2026-10-02T18:09:02Z,37,24655,84,Bubbly Water Energy,Chaos Rising,084/086,pk_f6bff30a1f8eb6a35ef87a3a15fed48a69cbbf1d9dc9688599595df98d521607f6a790b127555d02bd83ed501f6554,Bubbly W Energy,CRI,Chaos Rising,0.16,0.01,20,,,,both,True,cache,set:name_exact+card:set_number
2026-10-02-200902,2026-10-02T18:09:02Z,43,24655,91,Xerneas,Chaos Rising,091/086,pk_7f1a7f8dc703a55cc3dbe026bfa63e965a50d369e9621ab1c17a6310a310c614d8f8fc6357578bfe5a6da30962c829,Xerneas - 091/086,CRI,Chaos Rising,5.32,4,79.99,,,,both,True,cache,set:name_exact+card:name_number
2026-10-02-200902,2026-10-02T18:09:02Z,153,24688,107,Energy Switch,Pitch Black,107/084,pk_174b40e586b34a845403b8a3dc6833d0177b8b2dc45416e41440cb3af89eda8070707e460e930a3cd2ecee2342b7998c,Energy Switch,PBL,Pitch Black,2.06,1.05,22.49,,,,both,True,cache,set:name_exact+card:name_number
2026-10-02-200902,2026-10-02T18:09:02Z,154,24688,83,Shadowy Darkness Energy,Pitch Black,083/084,pk_ea680540faf273481e5584c300b5f805752b335a1cf1ba19313afb2b6a5cb40f4185a0982d1bdbfc87b3556139f3e5,Shadowy Darkness Energy,PBL,Pitch Black,0.16,0.01,44,,,,both,True,cache,set:name_exact+card:name_number
2026-10-02-200902,2026-10-02T18:09:02Z,155,24688,90,Slowbro,Pitch Black,090/084,pk_a0a77deb608aad78a2a90a81eac06fff9699e0e7d9eac861af4a7f7fbfca21fc3b1af30d60645f7999067dd2e30395,Slowbro - 090/084,PBL,Pitch Black,6.54,5.69,49.99,,,,both,True,cache,set:name_exact+card:name_number
2026-10-02-200902,2026-10-02T18:09:02Z,84,2906,218,Greedent VMAX,Fusion Strike,218/264,pk_96e44171d7d3b664d630be7c01bbf54eb7039a07d79558fdf417afdddf3eac621f7599ad764e326fdfa062f910596c,Greedent VMAX,SWSH08,SWSH08: Fusion Strike,1.45,0.75,49.99,,,,both,True,cache,set:name_suffix+card:name_number
2026-10-02-200902,2026-10-02T18:09:02Z,34,2931,76,M Rayquaza EX,Celebrations: Classic Collection,76/108,pk_43f54df40801d2a0f26a58c5b2d812283721022e96a87e8968b763f35ea56d9261d385e23e30f174559ab27b3f7c,M Rayquaza EX,CCC,Celebrations: Classic Collection,36.64,33.29,5000,,,,both,True,cache,set:name_exact+card:name_number
2026-10-02-200902,2026-10-02T18:09:02Z,33,2948,0,Psychic Energy (2022 Unnumbered),Brilliant Stars,,pk_c39006e1899502137dd1afdbe95f9ad83e3e3bf4006ec6c6c0ef526e8e06d7dd2bb0cf2f09f5cc2521,Brilliant Stars Booster Box,SWSH09,SWSH09: Brilliant Stars,569.81,524.01,5000,,,,tcgplayer,True,cache,set:name_suffix+card:set_number
2026-10-02-200902,2026-10-02T18:09:02Z,20,604,14,Raichu,Base Set (Unlimited),14,pk_f48f0fa08d7d86139bffba53364d2e8d72d66c897bc1a5ea82879cec61881d77b42530a230a012f0d110d94d,Raichu,BS,Base Set,67.47,43.3,392.64,,,,both,True,cache,set:name_exact+card:name_number
2026-10-02-200902,2026-10-02T18:09:02Z,11,604,20,Electabuzz,Base Set (Unlimited),20,pk_c3520f841b7feceb93a0e3346b9bcae004214b8c25c51e2bf51d35fd37a5a01ecec76078e0ff6a74b4c44458,Electabuzz,BS,Base Set,9.97,4.26,96.95,,,,both,True,cache,set:name_exact+card:name_number
2026-10-02-200902,2026-10-02T18:09:02Z,9,604,24,Charmeleon,Base Set (Unlimited),24,pk_63059498412d098576b08dc76b1928cb9f5f94c5d144fc3cb6a7434cf6edf080ccede894abf811b59693f4cd,Charmeleon,BS,Base Set,3.33,0.33,39.99,,,,both,True,cache,set:name_exact+card:name_number
2026-10-02-200902,2026-10-02T18:09:02Z,13,604,27,Farfetch'd,Base Set (Unlimited),27,pk_5026dc6e5fe4605ebf0f11f4a27033d39e9fa60e25cce4868d62da9877df92acda968e4300a3ecd274cab845,Farfetch'd,BS,Base Set,1.42,0.2,96.51,,,,both,True,cache,set:name_exact+card:name_number
2026-10-02-200902,2026-10-02T18:09:02Z,15,604,30,Ivysaur,Base Set (Unlimited),30,pk_f41e61e6d58662cfe5e61c8f2c084ca103cf6276933330c2a8fb2bad75b234ff921a4cb083385fbec4262b2b,Ivysaur,BS,Base Set,5.59,0.7,250,,,,both,True,cache,set:name_exact+card:name_number
2026-10-02-200902,2026-10-02T18:09:02Z,16,604,32,Kadabra,Base Set (Unlimited),32,pk_ce4f3dac65006043ae6bfcd894e752dc8f81e4ce38341ba89419ee69d510b088c665d7c1ed1806198d820c04,Kadabra,BS,Base Set,2.72,0.4,9999,,,,both,True,cache,set:name_exact+card:name_number
2026-10-02-200902,2026-10-02T18:09:02Z,10,604,48,Doduo,Base Set (Unlimited),48,pk_aad9c0422a7884cc8bdbbdc68c5b096d0f43e4c6c54de94d4b363444f04a8d43cdb46d014c0c74d6345e3ddf,Doduo,BS,Base Set,1.16,0.35,44.99,,,,both,True,cache,set:name_exact+card:name_number
2026-10-02-200902,2026-10-02T18:09:02Z,14,604,50,Gastly,Base Set (Unlimited),50,pk_bc79fe1ffab8c7b0c88d2640f76c92180961be567645a36a7d574cec4b138c9e24af7778f9119c300e6a0938,Gastly,BS,Base Set,1.22,0.11,20.6,,,,both,True,cache,set:name_exact+card:name_number
2026-10-02-200902,2026-10-02T18:09:02Z,17,604,55,Nidoran M,Base Set (Unlimited),55,pk_7d26c7ba9fdf1e8c9b3020c9aae40f2f7dbe5ec9786fbba5175767680b76acb258705e84a22364805eaf7954,Nidoran M,BS,Base Set,0.77,0.2,50,,,,both,True,cache,set:name_exact+card:name_number
2026-10-02-200902,2026-10-02T18:09:02Z,18,604,58,Pikachu,Base Set (Unlimited),58,pk_25f404f23fc742cedbecc9f124cd4ce940eae98f175f66f0199b55b6ef6712372e947bd568d7442b9cb43082,Pikachu,BS,Base Set,11.56,3.66,1000,,,,both,True,cache,set:name_exact+card:name_number
2026-10-02-200902,2026-10-02T18:09:02Z,19,604,59,Poliwag,Base Set (Unlimited),59,pk_f945e7d65b5134d135ce9f68bcbabfbc647e0cead6762814ea0fcdd71b17fdc9dcb6eb83c63b9ea56f9d6395,Poliwag,BS,Base Set,0.9,0.2,1500,,,,both,True,cache,set:name_exact+card:name_number
2026-10-02-200902,2026-10-02T18:09:02Z,12,604,81,Energy Retrieval,Base Set (Unlimited),81,pk_00b5dc543b178932c9fa2e714434bfd47060ff72e206017db203799a9b3b44c92858686710e4387c48aefe3d,Energy Retrieval,BS,Base Set,0.63,0.1,17.94,,,,both,True,cache,set:name_exact+card:name_number
2026-10-02-200902,2026-10-02T18:09:02Z,4,605,10,Mewtwo,Base Set 2,10,pk_1b7e570e10be97b3432489762909c6b4fae75deb5d4a62171c9e8f0e53cf5461ca105224c1b670a5d5bad4ca,Mewtwo,BS2,Base Set 2,103.56,47.99,680.84,,,,both,True,cache,set:name_exact+card:name_number
2026-10-02-200902,2026-10-02T18:09:02Z,3,605,69,Charmander,Base Set 2,69,pk_3bf1618e2dd102f9bed90065dec525c07e0b93d05c36dbe30b110bcab2eb3d7c997bbe84b3c01e806229dd9c,Charmander,BS2,Base Set 2,1.8,0.4,7,,,,both,True,cache,set:name_exact+card:name_number
2026-10-02-200902,2026-10-02T18:09:02Z,5,605,97,Venonat,Base Set 2,97,pk_ba7c59b82958296edc9a47f3e48acddd7eca64a1fb5b9eed6a2f4140a20a5aaaa7e487db6c1a8e3d15762ec5,Venonat,BS2,Base Set 2,1.17,0.29,29.8,,,,both,True,cache,set:name_exact+card:name_number
2026-10-02-200902,2026-10-02T18:09:02Z,102,635,20,Jolteon,Jungle,20,pk_461527c83f7a290bee7155a0b343b55dfcab32d41b02bb6d40ee319eec4064ef8669f2086fb6d78b045d234f,Jolteon (20),JU,Jungle,25.43,9,110,,,,both,True,cache,set:name_exact+card:name_number
2026-10-02-200902,2026-10-02T18:09:02Z,95,635,33,Butterfree,Jungle,33,pk_7d11d50a6d50847c77bd6823d254485585acd8a9c2e40d0cc6148bcd3acd7b480fba6ecd86f5d558759c03,Butterfree,JU,Jungle,1.86,0.37,30,,,,both,True,cache,set:name_exact+card:name_number
2026-10-02-200902,2026-10-02T18:09:02Z,98,635,36,Fearow,Jungle,36,pk_7e3a78e7e005eddf094729eaa73e441d78cebe7da414613e942119c74e0fd5b01ef817ccd9db0271c91167,Fearow,JU,Jungle,1.07,0.25,24.6,,,,both,True,cache,set:name_exact+card:name_number
2026-10-02-200902,2026-10-02T18:09:02Z,103,635,45,Rhydon,Jungle,45,pk_90c98b7b8dee6dc2e6ab93a853e288889d7f362464451e75c2208d78844dad2d7dec7300849d9381487269,Rhydon,JU,Jungle,10.66,4.07,96.95,,,,both,True,cache,set:name_exact+card:name_number
2026-10-02-200902,2026-10-02T18:09:02Z,105,635,48,Weepinbell,Jungle,48,pk_0e47420544a15eaa773e785d8827938dcdb514cd1937eb0d034abbc2192a86eb990aa794f3d79635bc51ce,Weepinbell,JU,Jungle,3.74,1,96.95,,,,both,True,cache,set:name_exact+card:name_number
2026-10-02-200902,2026-10-02T18:09:02Z,96,635,50,Cubone,Jungle,50,pk_8c13e61fad444fe18ddf721dee999050236fb0eceecf8cc2b331c0a4e6f8b2cd486955d58ebff6a1129f66,Cubone,JU,Jungle,13.23,3.5,96.95,,,,both,True,cache,set:name_exact+card:name_number
2026-10-02-200902,2026-10-02T18:09:02Z,97,635,52,Exeggcute,Jungle,52,pk_27e3f6859943ea1f8ad4c56dcaf539f4008f8e91966d17bc22f301ed9cc09e96b03c03d67313ebdab10847,Exeggcute,JU,Jungle,2.54,0.88,96.95,,,,both,True,cache,set:name_exact+card:name_number
2026-10-02-200902,2026-10-02T18:09:02Z,99,635,53,Goldeen,Jungle,53,pk_806c748371a08df608e2e5af4de74ae4e835596ec37678dab2b0c582b2b1f0a66471574d1687b6ed8be27e,Goldeen,JU,Jungle,0.46,0.14,15.32,,,,both,True,cache,set:name_exact+card:name_number
2026-10-02-200902,2026-10-02T18:09:02Z,100,635,54,Jigglypuff,Jungle,54,pk_d780213ed78195def48858d2d12e3eb1c489cc01581ff04cc21077dfa3681bdc048cd8b37a94b51452b8c0,Jigglypuff,JU,Jungle,7.17,2.96,96.95,,,,both,True,cache,set:name_exact+card:name_number
2026-10-02-200902,2026-10-02T18:09:02Z,104,635,61,Rhyhorn,Jungle,61,pk_2a33203e3fba2955abc3eb875171c776b475cac6e9a9d3820e714f06d66b38f444cd5d635351e2a09e4b28,Rhyhorn,JU,Jungle,2.71,0.88,96.95,,,,both,True,cache,set:name_exact+card:name_number
2026-10-02-200902,2026-10-02T18:09:02Z,85,-240,702,Captain Pikachu (Poke Ball Pattern) (CN),Gem Pack,0702/09,,,,,,,,,,,,False,miss,set:name_partial+card:none
2026-10-02-200902,2026-10-02T18:09:02Z,86,-242,103,Captain Pikachu (Star Reverse Holo) (CN),Gem Pack Vol. 5,0103/07,,,,,,,,,,,,False,miss,set:name_exact+card:none
2026-10-02-200902,2026-10-02T18:09:02Z,127,1396,8,Kingdra,Neo Genesis,8,,,,,,,,,,,,False,miss,set:name_exact+card:reject
2026-10-02-200902,2026-10-02T18:09:02Z,106,23722,43,Oddish (JP),Jungle (Japanese),043,,,,,,,,,,,,False,miss,set:name_suffix+card:none
2026-10-02-200902,2026-10-02T18:09:02Z,83,23723,97,Hypno (JP),Fossil (Japanese),097,,,,,,,,,,,,False,miss,set:name_suffix+card:none
2026-10-02-200902,2026-10-02T18:09:02Z,94,24175,91,Misty's Cloyster (JP),Hanada City Gym Deck,091,,,,,,,,,,,,False,miss,set:name_fuzzy+card:none
2026-10-02-200902,2026-10-02T18:09:02Z,8,604,1,Alakazam,Base Set (Unlimited),1,,,,,,,,,,,,False,miss,set:name_exact+card:reject
2026-10-02-200902,2026-10-02T18:09:02Z,101,635,4,Jolteon,Jungle,4,,,,,,,,,,,,False,miss,set:name_exact+card:reject
2026-10-02-200902,2026-10-02T18:09:02Z,6,,96,Drowzee (JP),Base Set (Japanese),096,,,,,,,,,,,,False,orphan,set:none
2026-10-02-200902,2026-10-02T18:09:02Z,7,,62,Poliwrath (JP),Base Set (Japanese),062,,,,,,,,,,,,False,orphan,set:none
2026-10-02-200902,2026-10-02T18:09:02Z,25,,53,Deoxys VMAX,Brave Stars (Charm),053/127,,,,,,,,,,,,False,orphan,set:none
2026-10-02-200902,2026-10-02T18:09:02Z,26,,19,Raichu V,Brave Stars (Charm),019/127,,,,,,,,,,,,False,orphan,set:none
2026-10-02-200902,2026-10-02T18:09:02Z,27,,129,Solrock,Brave Stars (Charm),129/127,,,,,,,,,,,,False,orphan,set:none
2026-10-02-200902,2026-10-02T18:09:02Z,28,,27,Zeraora V,Brave Stars (Charm),027/127,,,,,,,,,,,,False,orphan,set:none
2026-10-02-200902,2026-10-02T18:09:02Z,29,,113,Oranguru V,Brave Stars (Courage),113/128,,,,,,,,,,,,False,orphan,set:none
2026-10-02-200902,2026-10-02T18:09:02Z,30,,4,Radiant Venusaur,Brave Stars (Courage),004/128,,,,,,,,,,,,False,orphan,set:none
2026-10-02-200902,2026-10-02T18:09:02Z,31,,33,Serperior VSTAR,Brave Stars (Courage),033/128,,,,,,,,,,,,False,orphan,set:none
2026-10-02-200902,2026-10-02T18:09:02Z,87,,38,Blaine's Ninetales (JP),Gym Challenge (Japanese),038,,,,,,,,,,,,False,orphan,set:none
2026-10-02-200902,2026-10-02T18:09:02Z,93,,117,Misty's Seadra (JP),Gym Heroes (Japanese),117,,,,,,,,,,,,False,orphan,set:none
2026-10-02-200902,2026-10-02T18:09:02Z,131,,95,Onix (JP),Neo Genesis (Japanese),095,,,,,,,,,,,,False,orphan,set:none
2026-10-02-200902,2026-10-02T18:09:02Z,186,,60,Poliwag (JP),Vending Series 1 (Blue),060,,,,,,,,,,,,False,orphan,set:none
2026-10-02-202442,2026-10-02T18:24:42Z,111,-113,54,Slowpoke,Lost Thunder,54,2d03e057e6e3be88c6cd23dbfbd0afc4d3d3a0fc1142f1170129ef5d2eb28d9e,Slowpoke,LOT,,,,,,,,cardmarket,True,cache,set:name_exact+card:name_number
2026-10-02-202442,2026-10-02T18:24:42Z,1,-38,90,Roaring Moon ex (JP),Ancient Roar,090/066,pk_b15b78a21cb16a19c9934d004b37011522a8e8b52386bb71544a8e585b45952c55bf11d1852e051cbd9a110a02c8c5,Roaring Moon ex - 090/066,SV4K,SV4K: Ancient Roar,40.63,38,70,,,,both,True,cache,set:name_exact+card:name_number
2026-10-02-202442,2026-10-02T18:24:42Z,190,-42,80,Gastly (JP),Wild Force,080/071,pk_51b7bb31edf1939b662c9533110216e8a78391e1406d01d0d33503aad9131294e8038a7e215494b2508f352fe7f9ef,Gastly - 080/071,SV5K,SV5K: Wild Force,37.36,33,200,,,,both,True,cache,set:name_exact+card:name_number
2026-10-02-202442,2026-10-02T18:24:42Z,168,1373,17,Rainbow Energy (17),Team Rocket,17,pk_f3e9793a32fe072f5632e5f156bba775f9cb692b953be769991b53d4aed0a9d5dbc6910ad76ca744be005452,Rainbow Energy (17),TR,Team Rocket,40.67,31.11,471.34,,,,both,True,cache,set:name_exact+card:name_number
2026-10-02-202442,2026-10-02T18:24:42Z,107,1374,67,Abra,Legendary Collection,67,64758a9fba72ea94ca400f3642dfd462047ce2832943d1b05790c8a24daf7c4f,Abra,LC,,,,,,,,cardmarket,True,cache,set:name_exact+card:name_number
2026-10-02-202442,2026-10-02T18:24:42Z,108,1374,69,Caterpie,Legendary Collection,69,0bff60d5f45980ce17d24f5825446e36c780b53bf24085665b5920ccf4116652,Caterpie,LC,,,,,,,,cardmarket,True,cache,set:name_exact+card:name_number
2026-10-02-202442,2026-10-02T18:24:42Z,161,1384,8,Rayquaza C,Supreme Victors,8,pk_53542c3fd04fb92cd5a82cfa2eba564153cd487d9c80bcc1b4aca190c302f9b06d3c1c4a6a4411b8,Rayquaza C,SV,Supreme Victors,70.62,399,499.99,,,,both,True,cache,set:name_exact+card:name_number
2026-10-02-202442,2026-10-02T18:24:42Z,142,1385,73,Terrakion,Noble Victories,73,pk_29af6af6f1579d15f2dc8fbf301d7dcced9a1799b83987267e30342e1bf204df419ec41619e15fae2397df4146,Terrakion,NVI,Noble Victories,2.43,1.9,32.84,,,,both,True,cache,set:name_exact+card:name_number
2026-10-02-202442,2026-10-02T18:24:42Z,141,1385,84,Cobalion,Noble Victories,84,pk_33cb896ef57cbbe0d68f0df0b617bba574ae49a5bfbf93d1d417586c12beeb4c46097213d6aee86acd292a0134,Cobalion,NVI,Noble Victories,1.62,1,27.24,,,,both,True,cache,set:name_exact+card:name_number
2026-10-02-202442,2026-10-02T18:24:42Z,191,1387,68,Sableye,XY Base Set,68,pk_b3f70dbc61dfa59040555de8fcd10439bad07c0f7bdbaeb1c250913f148f6e29693e771be436b2bfb1686c893d,Sableye,XY,XY Base Set,0.53,0.2,14.99,,,,both,True,cache,set:name_exact+card:name_number
2026-10-02-202442,2026-10-02T18:24:42Z,132,1389,17,Entei (17),Neo Revelation,17,pk_a2178f6bd72942e0f3deafa700ac9da07409e5cbf5963f2060b67cd7203d72234ad97eec6e40d85b96bb966f,Entei (17),N3,Neo Revelation,82.23,35.89,848.84,,,,tcgplayer,True,cache,set:name_exact+card:name_number
2026-10-02-202442,2026-10-02T18:24:42Z,133,1389,18,Ho-oh,Neo Revelation,18,pk_5218d78169cd302950269c4fb4739d0b3b2cce7dd477873ff2a2aa22516b021157b28dd95285f629eec7237d,Ho-oh (18),N3,Neo Revelation,117.89,54.99,9999,,,,tcgplayer,True,cache,set:name_exact+card:name_number
2026-10-02-202442,2026-10-02T18:24:42Z,134,1389,20,Lugia,Neo Revelation,20,pk_7c352b230d2d259ab112797b5bef75c9e41525839963501e22b576261acc1cc20d71efc7b969dbae14e3170d,Lugia,N3,Neo Revelation,62.57,35,9999,,,,tcgplayer,True,cache,set:name_exact+card:name_number
2026-10-02-202442,2026-10-02T18:24:42Z,72,1395,64,Squirtle (64),EX Crystal Guardians,64,pk_5a4bc5089043695ae6d3c18175d66b321dc2d9fdc445cdf61812a7b102de446b767e5d2e6e62f07d30f9e11549,Squirtle - 064/100,CG,Crystal Guardians,17.2,4.18,96.27,,,,both,True,cache,set:name_fuzzy+card:name_number
2026-10-02-202442,2026-10-02T18:24:42Z,126,1396,57,Cyndaquil (57),Neo Genesis,57,pk_bfb8cfc6531175cd476d1b1f977a2a11de55edc419b184e945db3318471dfa971345194ed7aefa51384457c1aa,Cyndaquil (57),N1,Neo Genesis,14.09,2.5,96.95,,,,tcgplayer,True,cache,set:name_exact+card:name_number
2026-10-02-202442,2026-10-02T18:24:42Z,128,1396,65,Mareep,Neo Genesis,65,pk_e4adcb9d0a11061a1d241a92586f8bed99896ce37b6ce0be661494253bd9e9ed4f003a8c0c73874ed687b0fd2a,Mareep,N1,Neo Genesis,3.65,1.8,30,,,,tcgplayer,True,cache,set:name_exact+card:name_number
2026-10-02-202442,2026-10-02T18:24:42Z,129,1396,74,Snubbull,Neo Genesis,74,pk_aa787e8dc3ff3a4203b1e0768eb14cae7e9d09efa6b30aa1221901f2ac59f1ec943c7ebc9cc5ae5b03ba23e0e3,Snubbull,N1,Neo Genesis,2.27,1,50,,,,tcgplayer,True,cache,set:name_exact+card:name_number
2026-10-02-202442,2026-10-02T18:24:42Z,130,1396,80,Totodile (80),Neo Genesis,80,pk_fa6f1636ccd356a500d6a2af0720eda65816adaebd1fbacefaaa34f8e4f912587436ef87cfa8cf2ecd11ec4af1,Totodile (80),N1,Neo Genesis,1.92,0.4,90,,,,tcgplayer,True,cache,set:name_exact+card:name_number
2026-10-02-202442,2026-10-02T18:24:42Z,82,1398,27,Ho-oh,EX Unseen Forces,27/115,pk_62eed384aebb3470749ae32f6182b79013e340eb290a373b098b18c57f3b0f8b4d47084c06d64b7320270e40a3,Ho-Oh,UF,Unseen Forces,7.81,6.77,74.74,,,,both,True,cache,set:name_fuzzy+card:name_number
2026-10-02-202442,2026-10-02T18:24:42Z,81,1398,54,Cyndaquil,EX Unseen Forces,54/115,pk_00f37841c6bd4ab2ce421090745d1f2d849d935d0039943b7d9e8b3cf7f0d4e20abd27dcf2a93ad167fd7c7444,Cyndaquil,UF,Unseen Forces,2.6,0.4,44.6,,,,both,True,cache,set:name_fuzzy+card:name_number
2026-10-02-202442,2026-10-02T18:24:42Z,185,1403,10,Umbreon,Undaunted,10,pk_a2bba8e9e05f3edc963632ced6b84410adfb96ba54c9d82dc7b6cbbaba99d12fb7ead9923ba1651bd0bbc06b,Umbreon,UD,Undaunted,96.83,90,679.34,,,,both,True,cache,set:name_exact+card:name_number
2026-10-02-202442,2026-10-02T18:24:42Z,109,1409,15,Virizion,Legendary Treasures,15,pk_b6ec8b056fe45cccee2b5c65490dff417cde2717807cf5a3f2118655482d11fc65ffaced33f37c4a1c70ddf8fb,Virizion,LTR,Legendary Treasures,1.7,0.99,49.99,,,,both,True,cache,set:name_exact+card:name_number
2026-10-02-202442,2026-10-02T18:24:42Z,74,1410,102,Fire Energy,EX Emerald,102,pk_2d41fe6f6139544ef4c99bbda7da1321e6c2473445123eba8fb5665a1ac2c34d3c87ba43f30fdc46876ce8b5b577,Fire Energy,EM,Emerald,17.6,12.65,184.24,,,,both,True,cache,set:name_fuzzy+card:name_number
2026-10-02-202442,2026-10-02T18:24:42Z,156,1413,126,Virbank City Gym,Plasma Storm,126,pk_de79b0b95e8292740c0042a5d1a751ba4b4488dd327a543d06b2e9e4e855427d379c79dd1d83ed3284d479d87410,Virbank City Gym,PLS,Plasma Storm,5.13,3,47.14,,,,both,True,cache,set:name_exact+card:name_number
2026-10-02-202442,2026-10-02T18:24:42Z,77,1416,60,Doduo,EX Hidden Legends,60,pk_fd55e9b969ae651b8fa7e8e5266a9b19f4878b62f396394f68617090ad2e35707fdf137feef3622030025b6357,Doduo,HL,Hidden Legends,0.36,0.1,19.82,,,,both,True,cache,set:name_fuzzy+card:name_number
2026-10-02-202442,2026-10-02T18:24:42Z,110,1417,52,Dragonair,Legends Awakened,52,pk_8a5b982b9d66dfb7a2f80c28eb6f28939fe2bb3d8f9bc9ce315cb685e007f425185a8c93eb6253e66d5521401a,Dragonair,LA,Legends Awakened,12.96,6.2,109.74,,,,both,True,cache,set:name_exact+card:name_number
2026-10-02-202442,2026-10-02T18:24:42Z,75,1419,46,Poliwhirl,EX FireRed & LeafGreen,46,pk_7e69972295f1bdf2aa0b87d8423ec9f4692d6bf91ea90b3fcf9bca02ce73f96421c30587a05530932f6f8bf58d,Poliwhirl,RG,FireRed & LeafGreen,4.62,4.91,35,,,,both,True,cache,set:name_fuzzy+card:name_number
2026-10-02-202442,2026-10-02T18:24:42Z,76,1419,78,Seel,EX FireRed & LeafGreen,78,pk_4f7665e05b3800de8173476326fccbe6afe2f7dc2ddfd0483eddc541869cdcda3a3001ea292dbe2986c919a6e7,Seel,RG,FireRed & LeafGreen,0.49,0.1,16.7,,,,both,True,cache,set:name_fuzzy+card:name_number
2026-10-02-202442,2026-10-02T18:24:42Z,73,1429,41,Dragonair,EX Delta Species,41,dc964117624a66a340572753e70c3911df2a612d13b00a1a1a81a2b5fe867f45,Dragonair δ Delta Species,DS,,,,,,,,cardmarket,True,cache,set:name_fuzzy+card:set_number
2026-10-02-202442,2026-10-02T18:24:42Z,54,1430,117,Energy Search,Diamond and Pearl,117,pk_627f265dd3440d20a05ef0dcd6bbec10d568ec410646c19b78dbbc823804e63489ab9dfeb34e931ccfe78ad24e16,Energy Search,DP,Diamond and Pearl,0.18,0.02,19.82,,,,both,True,cache,set:name_exact+card:name_number
2026-10-02-202442,2026-10-02T18:24:42Z,55,1430,117,Energy Search,Diamond and Pearl,117,pk_627f265dd3440d20a05ef0dcd6bbec10d568ec410646c19b78dbbc823804e63489ab9dfeb34e931ccfe78ad24e16,Energy Search,DP,Diamond and Pearl,0.18,0.02,19.82,,,,both,True,cache,set:name_exact+card:name_number
2026-10-02-202442,2026-10-02T18:24:42Z,53,1430,43,Budew,Diamond and Pearl,43,pk_edbbf2c21eaaaefb3f0d1d60c919372329675b3d2bb64627fab910861cdacd46e47871441b8082e8d8dfb3e8c4,Budew,DP,Diamond and Pearl,4.57,0.99,52.94,,,,both,True,cache,set:name_exact+card:name_number
2026-10-02-202442,2026-10-02T18:24:42Z,125,1434,32,Umbreon (32),Neo Discovery,32,pk_ed3624519e47271257a82a3f6a3f932f50dad08b11a8244c3c2ca9103cd37f6356994c8ee8228cd98a12a01b,Umbreon (32),N2,Neo Discovery,300,300,499.98,,,,tcgplayer,True,cache,set:name_exact+card:name_number
2026-10-02-202442,2026-10-02T18:24:42Z,124,1434,66,Tyrogue,Neo Discovery,66,pk_cac6e18a7e92b7abc0fad72666632c2ab9ea52faae88fb360ae74fccd6961a2fba8edf81f3deee1731ec78be,Tyrogue,N2,Neo Discovery,3.29,1.86,32.12,,,,tcgplayer,True,cache,set:name_exact+card:name_number
2026-10-02-202442,2026-10-02T18:24:42Z,89,1441,106,Brock's Training Method,Gym Heroes,106,pk_6b727457ca0fe15c2fc1455db4d1de85bc326f2dede3de89c8e16022f7b6e5d6c5f6651d12bc8ea471b8267db956,Brock's Training Method,G1,Gym Heroes,1.14,0.35,5,,,,tcgplayer,True,cache,set:name_exact+card:name_number
2026-10-02-202442,2026-10-02T18:24:42Z,92,1441,123,Misty's Duel,Gym Heroes,123,pk_1f77393ac0c2cff342ce80e4f83d4b039d455da883d5c5279fddab9181415ee12a7a859d522a2813dc92f31dccc6,Misty's Duel,G1,Gym Heroes,5.42,2.2,52.94,,,,tcgplayer,True,cache,set:name_exact+card:name_number
2026-10-02-202442,2026-10-02T18:24:42Z,91,1441,130,Lightning Energy,Gym Heroes,130,pk_31445d60b6bb5b719f38c2fbfb7ec1ad316c2c0608bde333ce4c6d61430ed40e39e44c7a49e2d9e775fcad6fba70,Lightning Energy,G1,Gym Heroes,2.11,0.45,95.24,,,,tcgplayer,True,cache,set:name_exact+card:name_number
2026-10-02-202442,2026-10-02T18:24:42Z,90,1441,43,Erika's Exeggcute (43),Gym Heroes,43,pk_ce2f5fe6baf2c2ee69cc6351f20132fd26d97c44ae91ab0c41c80d8b84522dc955466e9fcf916deadb08659552,Erika's Exeggcute (43),G1,Gym Heroes,6.24,3.52,58.46,,,,tcgplayer,True,cache,set:name_exact+card:name_number
2026-10-02-202442,2026-10-02T18:24:42Z,88,1441,69,Brock's Onix (69),Gym Heroes,69,pk_77be89039c43b92eb361e15926069a70eec974f076112c64c03e232933427d1f44e3e9f182680b2e3cede82ff4,Brock's Onix (69),G1,Gym Heroes,1.74,0.39,96.95,,,,tcgplayer,True,cache,set:name_exact+card:name_number
2026-10-02-202442,2026-10-02T18:24:42Z,123,1444,50,Light Ninetales,Neo Destiny,50,pk_90c9aa90e01303ed97e47d1e17aa299194980574c93cabb92c989d8d47e184978f3557370507513063a9073903,Light Ninetales,N4,Neo Destiny,28.55,15,129.3,,,,tcgplayer,True,cache,set:name_exact+card:name_number
2026-10-02-202442,2026-10-02T18:24:42Z,32,1661,69,Kirlia,BREAKthrough,69,pk_04165b50e725d66eaffee189b9831eb4bc37ce0151511eeb25343f2dbd1324df881f1263efdfe8e9f4d6d764b4d7,Kirlia,BKT,XY - BREAKthrough,0.42,0.12,16.36,,,,both,True,cache,set:name_suffix+card:name_number
2026-10-02-202442,2026-10-02T18:24:42Z,45,17689,gg60,Cynthia's Ambition,Crown Zenith: Galarian Gallery,GG60/GG70,pk_712127e0870de9b9252d990b063298a6bf7ead2d0c0611226a78d2dfa663b50f959f345622031ee5a493e7c69215344b81b6,Cynthia's Ambition,CRZ:GG,Crown Zenith: Galarian Gallery,23.17,19.95,186.92,,,,tcgplayer,True,cache,set:name_exact+card:name_number
2026-10-02-202442,2026-10-02T18:24:42Z,48,1840,13,Delphox - 013/086 (Non-Holo),Deck Exclusives,013/086,pk_03ebb83d14b57b84681330d01e499341acafbe5e177020f9097fd22604a6e0ca355c8c49915557fa142dd1ad4323,Delphox - 13/124 (XY Fates Collide),PR,Deck Exclusives,0.58,0.19,1.99,,,,tcgplayer,True,cache,set:name_exact+card:name_number
2026-10-02-202442,2026-10-02T18:24:42Z,47,1840,29,Ampharos - 029/086 (Non-Holo),Deck Exclusives,029/086,pk_36201a98df0c9ae78b81ef0cc27a69e9ffeeadd3745e7909a7a7988e6493efd80af368b35bc12fc354e5a1b2a2a2,Empoleon - 29/108 (Battle Arena Deck Exclusive),PR,Deck Exclusives,1.97,0.8,96.95,,,,tcgplayer,True,cache,set:name_exact+card:set_number
2026-10-02-202442,2026-10-02T18:24:42Z,49,1840,8,Machamp,Deck Exclusives,008/102,pk_8c7b7d6e3edf91d796bbfd511ca99f2d9c72ee3088563624ad03d5c24ce4298026540a64ba52a45de8a82138bd,Noctowl - 8/123 (HeartGold & SoulSilver),PR,Deck Exclusives,2.39,0.75,31.14,,,,tcgplayer,True,cache,set:name_exact+card:set_number
2026-10-02-202442,2026-10-02T18:24:42Z,71,1842,14,Vulpix,Evolutions,14/108,pk_f439ddf01cdda1c193e07b1f7a8579f754d5d6799b046e6a4f340a57c175af830cfb2bfed332fe3d999c2ee69b76,Vulpix,EVO,XY - Evolutions,0.22,0.01,14.21,,,,both,True,cache,set:name_suffix+card:name_number
2026-10-02-202442,2026-10-02T18:24:42Z,64,1842,23,Poliwag,Evolutions,23/108,pk_0819f6da2d6e7da5c76e543c5dd6dc4f3162bc64b8d4e66c8539362415507e67e817a0c81388b1fefac1d7a780af,Poliwag,EVO,XY - Evolutions,0.21,0.01,17.74,,,,both,True,cache,set:name_suffix+card:name_number
2026-10-02-202442,2026-10-02T18:24:42Z,65,1842,23,Poliwag,Evolutions,23/108,pk_0819f6da2d6e7da5c76e543c5dd6dc4f3162bc64b8d4e66c8539362415507e67e817a0c81388b1fefac1d7a780af,Poliwag,EVO,XY - Evolutions,0.21,0.01,17.74,,,,both,True,cache,set:name_suffix+card:name_number
2026-10-02-202442,2026-10-02T18:24:42Z,58,1842,29,Dewgong,Evolutions,29/108,pk_b2598173a2061059e0ff134c979798d7e40d466d4b1ee6d98c57795859e75f60112609cde97b3bd1926f239a0301,Dewgong,EVO,XY - Evolutions,0.22,0.05,35,,,,both,True,cache,set:name_suffix+card:name_number
2026-10-02-202442,2026-10-02T18:24:42Z,70,1842,39,Voltorb,Evolutions,39/108,pk_1a97ca0d3795ebb70e28f553d93ef3bda9d89b5bfa09c74c39829ef3bb488ce964eda7f6cb428e5c4445eebf8735,Voltorb,EVO,XY - Evolutions,0.17,0.01,18.86,,,,both,True,cache,set:name_suffix+card:name_number
2026-10-02-202442,2026-10-02T18:24:42Z,63,1842,4,Metapod,Evolutions,4/108,pk_a799e04fc2c560e3ea4f7393942f49dfe800aa4842aed40122c90e0fcc57c30eee64a5b7ee52f5e1e7ebf47f32,Metapod,EVO,XY - Evolutions,0.23,0.03,19.82,,,,both,True,cache,set:name_suffix+card:name_number
2026-10-02-202442,2026-10-02T18:24:42Z,59,1842,55,Diglett,Evolutions,55/108,pk_1efb59dca55f4689b273a98c63edab3a34cf74f70db5330bedf49250bf4ec3872aa443ba30e16f6e03843f08985c,Diglett,EVO,XY - Evolutions,0.11,0.01,14.16,,,,both,True,cache,set:name_suffix+card:name_number
2026-10-02-202442,2026-10-02T18:24:42Z,62,1842,57,Machop,Evolutions,57/108,pk_c36c6e58796bca5e44144f023bfacdd05c068c8a10ab281049109b750884a5a984479434012ef3c73acffb09d2bf,Machop,EVO,XY - Evolutions,0.19,0.01,15,,,,both,True,cache,set:name_suffix+card:name_number
2026-10-02-202442,2026-10-02T18:24:42Z,66,1842,67,Raticate,Evolutions,67/108,pk_eb56671063893b0b293ca4c109207c2a54194a1680d79dbeb6f2c1b143c480747764b69e8d90a7d40860766d47de,Raticate,EVO,XY - Evolutions,0.17,0.05,15.42,,,,both,True,cache,set:name_suffix+card:name_number
2026-10-02-202442,2026-10-02T18:24:42Z,60,1842,69,Doduo,Evolutions,69/108,pk_fd41e9060e306f05974f417cbbc0c2e591921d9a77ac25027178757139e80af53d24a8d62de42ca03290d6792606,Doduo,EVO,XY - Evolutions,0.18,0.03,14.18,,,,both,True,cache,set:name_suffix+card:name_number
2026-10-02-202442,2026-10-02T18:24:42Z,56,1842,7,Beedrill,Evolutions,7/108,pk_1fcf283e441b3342c433bb78ebbb1fcff79f5451922691cede9e88e699e5b2f5d541cfae9bdc4b5111fea25a4b,Beedrill,EVO,XY - Evolutions,0.27,0.02,19.46,,,,both,True,cache,set:name_suffix+card:name_number
2026-10-02-202442,2026-10-02T18:24:42Z,68,1842,8,Tangela,Evolutions,8/108,pk_e9820aa9b912c585fe96eda94d5d0b368cffb3fde8c7d4027de48e08fe0ab2b5516f5edda651675dd4bf8b1d1d,Tangela,EVO,XY - Evolutions,0.24,0.01,15.84,,,,both,True,cache,set:name_suffix+card:name_number
2026-10-02-202442,2026-10-02T18:24:42Z,67,1842,86,Slowbro Spirit Link,Evolutions,86/108,pk_8bc5fc0280dff1f92b5cc5e5353a66bf978063e4814ee3799a913bb1ac9c35473582d6a7716a6c965adcd5cbaac4,Slowbro Spirit Link,EVO,XY - Evolutions,0.28,0.02,14.29,,,,both,True,cache,set:name_suffix+card:name_number
2026-10-02-202442,2026-10-02T18:24:42Z,69,1842,89,Venusaur Spirit Link,Evolutions,89/108,pk_c88e0902038bc125dac7920aadab4eb4562e6a8246cb47d38759aee34d7333a0ec0282e342155ce79c45cfbe93ef,Venusaur Spirit Link,EVO,XY - Evolutions,0.24,0.04,19.82,,,,both,True,cache,set:name_suffix+card:name_number
2026-10-02-202442,2026-10-02T18:24:42Z,61,1842,94,Lightning Energy,Evolutions,94/108,pk_8234acc2fcc1778fb8c6b2d33fd8c102de546b453ebfafaa50b5f89aef82e76e1cbd26294c5ce947043983b707ed,Lightning Energy,EVO,XY - Evolutions,0.21,0.06,19.12,,,,both,True,cache,set:name_suffix+card:name_number
2026-10-02-202442,2026-10-02T18:24:42Z,57,1842,97,Darkness Energy,Evolutions,97/108,pk_f9d9d0eae7cf3282639a7250f3cb86f63aac08c6d172f11afe8d113afc8879f7ed7d6a684a9bbfd911dee7a3cbe1,Darkness Energy,EVO,XY - Evolutions,1.5,0.98,24.52,,,,both,True,cache,set:name_suffix+card:name_number
2026-10-02-202442,2026-10-02T18:24:42Z,159,22873,253,Miraidon ex,Scarlet & Violet Base Set,253/198,pk_363201270d4afa467e4be33a8351a5f4b2f358887f1383b2db03bceaf749122fce4a599f009bb58ea6e1c5a5197b7dd6,Miraidon ex - 253/198,SVI,SV01: Scarlet & Violet Base Set,7.65,5,161.2,,,,tcgplayer,True,cache,set:name_suffix+card:name_number
2026-10-02-202442,2026-10-02T18:24:42Z,24,2289,13,Virizion,Blister Exclusives,13/101,pk_9f89b162479d4911badac9a6eaf65234a26d104f06ba8ede8274f754bc04fbacb145ad5811178c2a081e206102,Virizion,NVI,Noble Victories,1.98,0.95,24.74,,,,tcgplayer,True,cache,set:name_exact+card:name_number
2026-10-02-202442,2026-10-02T18:24:42Z,23,2289,60,Baxcalibur (Cosmos Holo),Blister Exclusives,060/193,pk_e34ef3412397fc0f79c6168194b12f5e4fc2c775d1d72c7716984574a43cb613c06b2802d789fb6594a7ad0c228a,Baxcalibur - 060/193 (Cosmos Holo),BLE,Blister Exclusives,0.46,0.25,1000,,,,tcgplayer,True,cache,set:name_exact+card:name_number
2026-10-02-202442,2026-10-02T18:24:42Z,143,23120,196,Sprigatito,Paldea Evolved,196/193,pk_0b82b4bba94c0731a12e2a86dfa75a49cd70740b92439abe5dc340aae8ea8a39142f74b3d40a22e876d4c87cef9aa2cb,Sprigatito - 196/193,PAL,SV02: Paldea Evolved,57.19,44.95,850.9,,,,both,True,cache,set:name_suffix+card:name_number
2026-10-02-202442,2026-10-02T18:24:42Z,166,23237,7,Basic Darkness Energy (Cosmos Holo),SV: 151,007,pk_6f4137bf148368ce862425e9deaa1fc4231c4e827977de635e2dd8b4a5d5a7ed4bae15c87d86070a2436169a2db2,Squirtle - 007/165,MEW,SV: Scarlet & Violet 151,0.29,0.05,18.38,,,,both,True,cache,set:name_exact+card:set_number
2026-10-02-202442,2026-10-02T18:24:42Z,179,23266,17,Trevenant,Trick or Trade BOOster Bundle 2023,017/196,pk_c785c6645803cad844ffa0348402d59762906a8400b0d0b60affb2baa33715a1be0eaf9d4716593c1cfa8590879ef2,Trevenant,TTBB23,Trick or Trade BOOster Bundle 2023,0.16,0.02,19.82,,,,both,True,cache,set:name_exact+card:name_number
2026-10-02-202442,2026-10-02T18:24:42Z,177,23266,62,Pikachu,Trick or Trade BOOster Bundle 2023,062/193,pk_39b3ca391673aa7658b679bd20a2656ba338145c12d1750266f7a72a0cd9d57a871674695d27288d92a9a9c6bb0f4a,Pikachu,TTBB23,Trick or Trade BOOster Bundle 2023,0.51,0.15,19.82,,,,both,True,cache,set:name_exact+card:name_number
2026-10-02-202442,2026-10-02T18:24:42Z,175,23266,71,Dusknoir,Trick or Trade BOOster Bundle 2023,071/185,pk_cdf02f8faa96c94a79cbe62be31c1cc99ddf0d62a4b910708344e88848cab0e99dc83936973b26ac5017acddca1162,Dusknoir,TTBB23,Trick or Trade BOOster Bundle 2023,0.14,0.01,19.82,,,,both,True,cache,set:name_exact+card:name_number
2026-10-02-202442,2026-10-02T18:24:42Z,174,23266,73,Banette,Trick or Trade BOOster Bundle 2023,073/196,pk_ca34e023b23731d857200e1712faa4fb7a21cdc1cd6a076bf7a0603cf55216cc0d7364202bbef3555595b06fd0fec9,Banette,TTBB23,Trick or Trade BOOster Bundle 2023,0.18,0.05,19.82,,,,both,True,cache,set:name_exact+card:name_number
2026-10-02-202442,2026-10-02T18:24:42Z,178,23266,90,Polteageist,Trick or Trade BOOster Bundle 2023,090/202,pk_d73bda19b8fadbd8a4838baf347cea905a6dca58bb6c9bb8e6be89e731aafce7259fadb406d8e6dc25c34bdf0c74d6,Polteageist,TTBB23,Trick or Trade BOOster Bundle 2023,0.13,0.01,19.82,,,,both,True,cache,set:name_exact+card:name_number
2026-10-02-202442,2026-10-02T18:24:42Z,176,23266,95,Lycanroc,Trick or Trade BOOster Bundle 2023,095/185,pk_0b38b47f75b088061535aeb3fd2d117c3242afa97dea930c874f41e82ac21b3419fcf479b0faf3a26eebca2247bb85,Lycanroc,TTBB23,Trick or Trade BOOster Bundle 2023,0.18,0.01,19.82,,,,both,True,cache,set:name_exact+card:name_number
2026-10-02-202442,2026-10-02T18:24:42Z,145,23286,118,Yveltal,Paradox Rift,118/182,pk_4e4c7e76ec48360da366a7c98f8220e9a6a247736e5790501de132b7b503776a1a621b1d9f08140f903883abff41757f,Yveltal - 118/182,PAR,SV04: Paradox Rift,0.16,0.01,3.34,,,,both,True,cache,set:name_suffix+card:name_number
2026-10-02-202442,2026-10-02T18:24:42Z,144,23286,74,Deoxys,Paradox Rift,074/182,pk_9b460b47b1052ab331fc145210c642e43b51738613ca52e0cb394bde7488360497dd8b59cbf3b568836ace0fed53d9,Deoxys,PAR,SV04: Paradox Rift,0.22,0.01,14.21,,,,both,True,cache,set:name_suffix+card:name_number
2026-10-02-202442,2026-10-02T18:24:42Z,173,23323,15,Lt. Surge's Rattata,Trading Card Game Classic,015/034,pk_1534a68a7b872490fcc7826df737781239b8725ad322c46ffc19d6484eb9ba903123ee79b7be5ac6ba3b43aa601731,Chansey,CL,Trading Card Game Classic,8.73,7.19,9999,,,,tcgplayer,True,cache,set:name_exact+card:set_number
2026-10-02-202442,2026-10-02T18:24:42Z,172,23323,16,Lt. Surge's Raticate,Trading Card Game Classic,016/034,pk_d66a1f89329ca1f6df363bb371eaf64dc3778e1c73e1e3702115734a5ddc7fdf836bdffc011cb7aaf95fe0b37a8b15,Snorlax,CL,Trading Card Game Classic,16.65,15.14,9999,,,,tcgplayer,True,cache,set:name_exact+card:set_number
2026-10-02-202442,2026-10-02T18:24:42Z,170,23381,104,Gengar ex,Temporal Forces,104/162,pk_4feed57d5fd7bbedc4eab7dfaef8d33457abf0f2389a648f84017b037f6ce04024fe053deecfdcb1ee6602cfd5e10ce7,Gengar ex - 104/162,TEF,SV05: Temporal Forces,6.37,3.99,143.8,,,,both,True,cache,set:name_suffix+card:name_number
2026-10-02-202442,2026-10-02T18:24:42Z,184,23473,221,Teal Mask Ogerpon ex,Twilight Masquerade,221/167,pk_8b4d48cb5c5b51c74c6fcdeaf44900eb4c1aeb4fe2ab52c6dda1419b792a8db52de0f3db8f34e5fe1f5d9bf6a88a34b0,Teal Mask Ogerpon ex - 221/167,TWM,SV06: Twilight Masquerade,9.19,7,999,,,,both,True,cache,set:name_suffix+card:name_number
2026-10-02-202442,2026-10-02T18:24:42Z,183,23473,29,Magcargo ex,Twilight Masquerade,029/167,pk_fa883eb13246646c37cc824b682d82256cdb102450199b68bee312211605694e7ec544d316450070c5831a059c89d5,Magcargo ex - 029/167,TWM,SV06: Twilight Masquerade,0.65,0.3,999,,,,both,True,cache,set:name_suffix+card:name_number
2026-10-02-202442,2026-10-02T18:24:42Z,182,23473,77,Iron Thorns ex,Twilight Masquerade,077/167,pk_59369de5820b1533f00d3027755314b72bf1fcc55c33280243c300b3510ba45917ebf9f9c85406d9920b5b26781cca,Iron Thorns ex - 077/167,TWM,SV06: Twilight Masquerade,0.67,0.34,999,,,,both,True,cache,set:name_suffix+card:name_number
2026-10-02-202442,2026-10-02T18:24:42Z,181,23561,130,Umbreon,Trick or Trade BOOster Bundle 2024,130/197,pk_edcfa36e5afcbd718e4df02b3e8fe316acc80d6a6f487dcf445b23e5ff9a1ffa1cfb0fd071a149802ea8b603e1150e40,Umbreon,TTBB24,Trick or Trade BOOster Bundle 2024,0.46,0.2,35,,,,both,True,cache,set:name_exact+card:name_number
2026-10-02-202442,2026-10-02T18:24:42Z,180,23561,96,Fezandipiti (Cosmos Holo),Trick or Trade BOOster Bundle 2024,096/167,pk_9fef717584ef3b96cbece4be62b203007be6079ac628dd45567bcbda75c3f32791c8db31c5b7f24bc793f2d1dcf924,Fezandipiti (Cosmos Holo),TTBB24,Trick or Trade BOOster Bundle 2024,0.23,0.05,19.82,,,,both,True,cache,set:name_exact+card:name_number
2026-10-02-202442,2026-10-02T18:24:42Z,21,23639,29,Hisuian Typhlosion VSTAR (JP),Battle Region,029/067,pk_a95dc44d3c30745127af62856982ae41523352b5e2d9d4bdcf23a8b7943422ad1eb052298f71971731d04bbb53586f,Hisuian Typhlosion VSTAR - 029/067,S9a,S9a: Battle Region,0.84,0.55,2.99,,,,both,True,cache,set:name_suffix+card:name_number
2026-10-02-202442,2026-10-02T18:24:42Z,160,23643,330,Zamazenta V (JP),Shiny Star V,330/190,pk_51d0ba46a4faeffccb66fb3c67a158ae034bff3019ea6e3543b18a3a3f0308d686816d787a8af7be8e5dbd634d746075,Zamazenta V - 330/190,S4a,S4a: Shiny Star V,9.92,9.45,13,,,,both,True,cache,set:name_suffix+card:name_number
2026-10-02-202442,2026-10-02T18:24:42Z,188,23645,115,Radiant Eternatus (JP),VSTAR Universe,115/172,pk_98e262de840f758e80fbe90931148798e7f00117b1f35fd725424f3ba8c587b13428decd99308594bae1d92119f5996d,Radiant Eternatus,S12a,S12a: VSTAR Universe,0.63,0.42,3.25,,,,both,True,cache,set:name_suffix+card:name_number
2026-10-02-202442,2026-10-02T18:24:42Z,189,23645,41,Zeraora VMAX (JP),VSTAR Universe,041/172,pk_b7e177a6b6849247185a2d7481a34e80068e3502fb1e961d33da58116279603e763fcc8468db9c79d9543929834a11,Zeraora VMAX - 041/172,S12a,S12a: VSTAR Universe,0.96,0.59,4.6,,,,both,True,cache,set:name_suffix+card:name_number
2026-10-02-202442,2026-10-02T18:24:42Z,187,23645,48,Gengar (JP),VSTAR Universe,048/172,pk_1b3305af20ac1686743867fb66dc9015f529edc54e80bf9935c9d2a4de0c57a9d6b1aad4bc60f65f1f58b0ba39f90b,Gengar,S12a,S12a: VSTAR Universe,2.6,1.85,5.99,,,,both,True,cache,set:name_suffix+card:name_number
2026-10-02-202442,2026-10-02T18:24:42Z,162,23651,133,Alolan Exeggutor ex,Surging Sparks,133/191,pk_a3a9e0bfcc50fff4210e45ed6138ad1cd462dbd1c48e023725a140a137f5c745e79ee5467b8dea605fabb063e647422e,Alolan Exeggutor ex - 133/191,SSP,SV08: Surging Sparks,0.79,0.3,20,,,,both,True,cache,set:name_suffix+card:name_number
2026-10-02-202442,2026-10-02T18:24:42Z,163,23651,141,Eternatus,Surging Sparks,141/191,pk_78fd33d8a65a9b4d0a46e32370c0d20886d987c55b09775891c529920f7f05ad35650b31d75287ff5754096d29b103c1,Eternatus,SSP,SV08: Surging Sparks,0.22,0.01,15.19,,,,both,True,cache,set:name_suffix+card:name_number
2026-10-02-202442,2026-10-02T18:24:42Z,164,23651,31,Skeledirge,Surging Sparks,031/191,pk_f16db9de182cfb6083d218af939edc8c02171b79655d8a575dd3dbbae900d6c4259218acd7978b20bc90fdc5bd8c70,Skeledirge,SSP,SV08: Surging Sparks,0.23,0.01,19.82,,,,both,True,cache,set:name_suffix+card:name_number
2026-10-02-202442,2026-10-02T18:24:42Z,165,23651,86,Sylveon ex,Surging Sparks,086/191,pk_5707d10fd8369ec2f1f24eb14889bb83b7016a7905b023014f3063b775e0bdd97db3e9b3b46cbfa0a94702f75c954d,Sylveon ex,SSP,SV08: Surging Sparks,2.69,1.48,44,,,,both,True,cache,set:name_suffix+card:name_number
2026-10-02-202442,2026-10-02T18:24:42Z,118,2374,10,Ho-Oh (EB Games Exclusive),Miscellaneous Cards & Products,010/086,pk_99641324acffe938f1000c204b6267e10aba0335c7582f32ae04cfb4adf1a38a4a4941028e6c3df695f87edba65d,Abomasnow - 010/198 (Holiday Calendar),MCAP,Miscellaneous Cards & Products,0.52,0.2,19.82,,,,tcgplayer,True,cache,set:name_exact+card:set_number
2026-10-02-202442,2026-10-02T18:24:42Z,122,2374,125,Steelix (Cosmos Holo),Miscellaneous Cards & Products,125/182,pk_63187dec1b2cdb10faaf06e599df131598cb86715c672e91d9afd386c81753b03107f2a4e9ab8b832461002b6fb2a2,Steelix - 125/182 (Cosmos Holo),MCAP,Miscellaneous Cards & Products,10.78,7.6,94.44,,,,tcgplayer,True,cache,set:name_exact+card:name_number
2026-10-02-202442,2026-10-02T18:24:42Z,119,2374,19,Keldeo (Chaos Rising Stamped),Miscellaneous Cards & Products,019/086,pk_4def3ddb9cf6f5e8b358ea33cbf2b5dd00c93d01fcb0a89c5cc8cf8470c79baaa90c83ce0770a56ae9671b6c67ad,Charmeleon - 19/147 (Premium Collection Promo),MCAP,Miscellaneous Cards & Products,2.99,1,9999,,,,tcgplayer,True,cache,set:name_exact+card:set_number
2026-10-02-202442,2026-10-02T18:24:42Z,120,2374,48,Lapras (Holiday Calendar),Miscellaneous Cards & Products,048/202,pk_42d13c2e4a0cf744c1c21edde5aece9093bd8975ef8605f84dfc6d305bfad0a302451cd5dc17210ce9a14914d09f,Lapras - 048/202 (Holiday Calendar),MCAP,Miscellaneous Cards & Products,4.44,3.5,208.45,,,,tcgplayer,True,cache,set:name_exact+card:name_number
2026-10-02-202442,2026-10-02T18:24:42Z,121,2374,51,Pikachu (Pokemon Day 2026),Miscellaneous Cards & Products,051/162,pk_d4f24568d941a202fe8cbf136314d74c09ec8f45505cdeea665fa228eb9621dba15018f4618a1d7d86f0aca64826,Team Rocket's Articuno (Destined Rivals Stamp),MCAP,Miscellaneous Cards & Products,30.28,27,263.24,,,,tcgplayer,True,cache,set:name_exact+card:set_number
2026-10-02-202442,2026-10-02T18:24:42Z,167,23806,4,Pokegear 3.0,SV: Premium Trainer Box ex,004/028,pk_299fd3b222cbfa5c687c2459573a7743ca5c380973d35bc90f58f51d71f445677023997be85d83836d314471f7fe,Pokegear 3.0,svB,SV: Premium Trainer Box ex,,2,2,,,,both,True,cache,set:name_exact+card:name_number
2026-10-02-202442,2026-10-02T18:24:42Z,158,23821,59,Umbreon (Poke Ball Pattern),Prismatic Evolutions,059/131,pk_b1f5b1464aba9b6c5571ff23721b6705aa9b22fa212ebd30e52e06641b1605a9bd4aad790064217fdd563bdb9110aa,Umbreon,PRE,SV: Prismatic Evolutions,0.47,0.05,999,,,,both,True,cache,set:name_suffix+card:name_number
2026-10-02-202442,2026-10-02T18:24:42Z,157,23821,60,Umbreon ex,Prismatic Evolutions,060/131,pk_2b6d27a8bd0706fab12b1c79927ebd9b1be2680bf7a01e9b2287e3487906bb3a32bcccbcabc6f0c707dad8fb74abf7,Umbreon ex - 060/131,PRE,SV: Prismatic Evolutions,8.43,7,5000,,,,both,True,cache,set:name_suffix+card:name_number
2026-10-02-202442,2026-10-02T18:24:42Z,46,23898,25,Raikou EX (JP),Dark Rush,025/069,pk_7201316b5cf55d48877d41b59d146ac09251fb17057366bbdff613a658dd01f16ee92709aac4476fac6dffd2ade440,Raikou EX - 025/069,BW4,BW4: Dark Rush,8.13,6,8,,,,both,True,cache,set:name_suffix+card:name_number
2026-10-02-202442,2026-10-02T18:24:42Z,171,23909,92,Umbreon (JP),Terastal Festival ex,092/187,pk_4c3160078b4650174ea9bf9be70f740a408ed04b35aa42c9d29a2f95a41d1aa1925c143dcbcd513b75f9ab389b9c21,Umbreon,SV8a,SV8a: Terastal Fest ex,0.33,0.1,25,,,,both,True,cache,set:name_suffix+card:name_number
2026-10-02-202442,2026-10-02T18:24:42Z,79,24084,101,Mightyena ex,EX Holon Phantoms,101,pk_67f5b981f882f8227f8d48d5f974446a6d273030ec7b6af375d29392802f41ad8b0ee144e2f9f982e703c288d36b,Mightyena ex,HP,Holon Phantoms,99.99,74.99,200.01,,,,both,True,cache,set:name_fuzzy+card:name_number
2026-10-02-202442,2026-10-02T18:24:42Z,78,24084,63,Corphish (63),EX Holon Phantoms,63,pk_fdf090364ffa6990b3971ae357b5ae65e0a2dc6185ca0f2774d43898029e95457d62c813414433e4897773c7f8,Corphish - 063/110,HP,Holon Phantoms,0.37,0.15,19.82,,,,both,True,cache,set:name_fuzzy+card:name_number
2026-10-02-202442,2026-10-02T18:24:42Z,80,24084,80,Poochyena,EX Holon Phantoms,80,pk_d9edf81234590dbbad70bb58148381a6f4f0634f93ea548b8dea5d4f58b22895dd91316cdc66ac4a0a5e2d54dd,Poochyena,HP,Holon Phantoms,0.56,0.18,19.82,,,,both,True,cache,set:name_fuzzy+card:name_number
2026-10-02-202442,2026-10-02T18:24:42Z,51,2409,16,Lickitung (Holo Common),Detective Pikachu,16,pk_276d5b96e9f2113b490f393c244303c461cebf6485c759cd806f264d552b98fa8608b33a83e51d10a305fb1216,Lickitung (Holo Common),DEP,Detective Pikachu,0.43,0.1,5.6,,,,both,True,cache,set:name_exact+card:name_number
2026-10-02-202442,2026-10-02T18:24:42Z,52,2409,3,Morelull (Holo Common),Detective Pikachu,3,pk_c34ccdb4dae95dece608da5b7fbefeb08a745d2f21f5f5ca6c5f4611b40d002eeecdfd0765ae7d353bf82c60,Morelull (Holo Common),DEP,Detective Pikachu,0.37,0.05,18.2,,,,both,True,cache,set:name_exact+card:name_number
2026-10-02-202442,2026-10-02T18:24:42Z,50,24269,31,Team Rocket's Moltres ex,Destined Rivals,031/182,pk_fe5ffd94ab2efa61fd675d3f770a7afbb675808cd2636ebc962f577881d58578da8d880db3eb32ed7cb4acaf5b437d,Team Rocket's Moltres ex,DRI,SV10: Destined Rivals,0.9,0.29,50,,,,both,True,cache,set:name_suffix+card:name_number
2026-10-02-202442,2026-10-02T18:24:42Z,169,24310,68,Dark Machamp (JP),Team Rocket (Japanese),068,pk_876dc6c58cd715df1e523a8184fc6abbe908245e95e0f6a91e3519de1605485d3fc27dcadc2ba8b6e5c7fbaae58df1,Team Rocket's Muk,SV10,SV10: The Glory of Team Rocket,0.16,0.1,20,,,,both,True,cache,set:name_suffix+card:set_number
2026-10-02-202442,2026-10-02T18:24:42Z,22,24325,160,Excadrill ex,Black Bolt,160/086,pk_0618f0c2d2f265c829e60c6b083d3c13d1d132378f4f0d0dbe3eee1beca9741608752a08a762723acb62e7a4eef0e484,Excadrill ex - 160/086,BLK,SV: Black Bolt,0.81,0.45,19.82,,,,both,True,cache,set:name_suffix+card:name_number
2026-10-02-202442,2026-10-02T18:24:42Z,113,24399,29,Mega Lucario,Mega Brave,029/063,pk_4c6411ddd156628208cbc5a225cdc3541466822a14214104d8d21db537b477aa45551f7c5b3d6775dffefc59237d31,Mega Lucario ex - 029/063,m1L,m1L: Mega Brave,0.47,0.1,7.95,,,,both,True,cache,set:name_suffix+card:set_number
2026-10-02-202442,2026-10-02T18:24:42Z,117,24451,48,Totodile,Mega Evolution Promos,048,pk_072207ad9297659e5746e52ec9c8bc39911ceacad70068fe9dbfe4ba8f8006f8e4a80539788f53cb6215db,Totodile - 048,MEP,ME: Mega Evolution Promo,10.36,8.25,750,,,,both,True,cache,set:name_suffix+card:name_number
2026-10-02-202442,2026-10-02T18:24:42Z,116,24451,80,Fennekin (Pokemon Center Exclusive),Mega Evolution Promos,080,pk_bbab28d7c59388f77121c54255fcdeb17624eecf4f001e6d683de6cec6864e3772f9d4fbb13a07c004c804,Fennekin - 080 (Pokemon Center Exclusive),MEP,ME: Mega Evolution Promo,31.72,29.99,155,,,,both,True,cache,set:name_suffix+card:name_number
2026-10-02-202442,2026-10-02T18:24:42Z,115,24451,9,Alakazam,Mega Evolution Promos,009,pk_c9aea0a8a0e8e48ec83de65e6f59edfb17980fca97d64f3296b742d679dba395e20cd7e42d2afea01f99,Alakazam - 009,MEP,ME: Mega Evolution Promo,7.17,6.49,197.6,,,,both,True,cache,set:name_suffix+card:name_number
2026-10-02-202442,2026-10-02T18:24:42Z,112,24461,7,Basic Darkness Energy - 007,MEE: Mega Evolution Energies,7,pk_29e13b2117aaf263383ecb86799feb46bda50e73f455f5db614e5d2bf8438d6bc81fba0116dab31d98c9,Basic Darkness Energy - 007,MEE,MEE: Mega Evolution Energies,0.12,0.01,19.82,,,,both,True,cache,set:name_exact+card:name_number
2026-10-02-202442,2026-10-02T18:24:42Z,114,24499,127,Rayquaza,MEGA Dream ex,127/193,pk_cfe5c592524d2b41f855597a9bd0914284acd7d6cf071b4b7aada58a9d31e2c5207e823c9e22e4a61840fee142b6719e,Rayquaza,M2a,MEGA Dream ex,0.41,0.04,2.48,,,,both,True,cache,set:name_exact+card:name_number
2026-10-02-202442,2026-10-02T18:24:42Z,2,24541,105,Lunatone (Energy Symbol Pattern),Ascended Heroes,105/217,pk_d9793a6e167d65575e19e3ae7d60b8e5c439ac345bb527d4a3ae8133d48e961d604f14083371f0177c3dac1afce9a36c,Lunatone (Energy Symbol Pattern),ASC,ME: Ascended Heroes,0.3,0.19,19.82,,,,both,True,cache,set:name_suffix+card:name_number
2026-10-02-202442,2026-10-02T18:24:42Z,148,24587,22,Lapras ex,Perfect Order,022/088,pk_6b6058efd9c802b1e389e3e8417beba544e9241a26832cdb57cb00689cbefae026c62e996e138527db0318cb5e5150,Lapras ex,POR,ME03: Perfect Order,0.55,0.24,48,,,,both,True,cache,set:name_suffix+card:name_number
2026-10-02-202442,2026-10-02T18:24:42Z,151,24587,45,Tyrantrum,Perfect Order,045/088,pk_9a566c22d95bc1f0f907c0d57a0ad942b552a239c172dcb227c416d9fde6cab5c4d862169572858ea7b857c0379f29,Tyrantrum,POR,ME03: Perfect Order,0.2,0.01,19.82,,,,both,True,cache,set:name_suffix+card:name_number
2026-10-02-202442,2026-10-02T18:24:42Z,152,24587,53,Yveltal ex,Perfect Order,053/088,pk_1e6522572a390cd7e5c23e5ecf2c9fac8b120535aa82c09d4f9984b7b812f64608d4cba43f14b12fd4e67b9b11085c,Yveltal ex - 053/088,POR,ME03: Perfect Order,0.58,0.17,78,,,,both,True,cache,set:name_suffix+card:name_number
2026-10-02-202442,2026-10-02T18:24:42Z,149,24587,81,Poke Pad,Perfect Order,081/088,pk_931385744e03adf02b53d63b0b5181baad5effbce0bc1fff88795f53899430b69556d2ae8cbf4808da4f4d3251dc66,Poke Pad - 081/088,POR,ME03: Perfect Order,0.27,0.01,64,,,,both,True,cache,set:name_suffix+card:name_number
2026-10-02-202442,2026-10-02T18:24:42Z,150,24587,84,Rosa's Encouragement,Perfect Order,084/088,pk_8810b78bc3a3bdebb9201f6d8a50758931d2f3254f984671f4aa3335e7510be08f22c912a94c54e06476864803a175,Rosa's Encouragement - 084/088,POR,ME03: Perfect Order,0.13,0.01,20,,,,both,True,cache,set:name_suffix+card:name_number
2026-10-02-202442,2026-10-02T18:24:42Z,147,24587,95,Espurr,Perfect Order,095/088,pk_1721a12a511d93baa9516f9bac24a1f826618b9abb9ca54c213b15d7cab38af7e7933f1be49adc83c52a0c3af2ed63,Espurr - 095/088,POR,ME03: Perfect Order,3.27,2.4,95.2,,,,both,True,cache,set:name_suffix+card:name_number
2026-10-02-202442,2026-10-02T18:24:42Z,146,24587,98,Doublade,Perfect Order,098/088,pk_65b2536d7639562b8ed8b08bb039fc5a5a4a2d9772d65a5d052364bb0d1aa5ae674a66119c5ddbe6da62810f93b620,Doublade - 098/088,POR,ME03: Perfect Order,1.77,0.95,52.12,,,,both,True,cache,set:name_suffix+card:name_number
2026-10-02-202442,2026-10-02T18:24:42Z,136,24600,101,Energy Recycler,Nihil Zero,101/080,pk_9c6825b0e51299337bd4171d063d419e767b6d0949c4452ec445c03cbaf3712a5218ce42b18dbe523f795400781ea6da,Energy Recycler,M3,M3: Nihil Zero,0.43,0.18,6,,,,tcgplayer,True,cache,set:name_suffix+card:name_number
2026-10-02-202442,2026-10-02T18:24:42Z,138,24600,80,Rock F Energy,Nihil Zero,080/080,pk_cfb5c669ddb308a8ee9dabd6031658f663f509fb054958d15a2aad15f53ea09003f45570a88b1c5ba2a0a5d2496dd3,Rock F Energy,M3,M3: Nihil Zero,0.19,0.03,1,,,,both,True,cache,set:name_suffix+card:name_number
2026-10-02-202442,2026-10-02T18:24:42Z,139,24600,82,Rowlet,Nihil Zero,082/080,pk_ddc49b0cf6796ec8cf435b246c6a8257c09972ae1b0e369d24d820310692919136380a1e7c80f5e5708d26633411b4,Rowlet - 082/080,M3,M3: Nihil Zero,3.01,2,9.99,,,,both,True,cache,set:name_suffix+card:name_number
2026-10-02-202442,2026-10-02T18:24:42Z,135,24600,86,Clefairy,Nihil Zero,086/080,pk_de54928af8a10d7c6a84bfe3840871f99a0f42044c3aa5eb7508ef7f226a837dff6e5b82aad099e3cfe88c7cff779b,Clefairy - 086/080,M3,M3: Nihil Zero,9.9,7.25,20,,,,both,True,cache,set:name_suffix+card:name_number
2026-10-02-202442,2026-10-02T18:24:42Z,137,24600,92,Raticate,Nihil Zero,092/080,pk_d84f0bf5cc7339e3ae4ebb1ef8cefb16da930ea38c2c530e1d9f646f625033f7bb410e091493357a615ca2c1bbe051,Raticate - 092/080,M3,M3: Nihil Zero,1.61,1.18,9.99,,,,both,True,cache,set:name_suffix+card:name_number
2026-10-02-202442,2026-10-02T18:24:42Z,140,24600,94,Salazzle ex,Nihil Zero,094/080,pk_4b12268f3d797639ba2b2117cccd74e1ae6d3656dc12d4bafe471d7e3f1562d9a01d801d6f21d179349320243e803b,Salazzle ex - 094/080,M3,M3: Nihil Zero,2.5,1.44,7.99,,,,both,True,cache,set:name_suffix+card:name_number
2026-10-02-202442,2026-10-02T18:24:42Z,41,24655,15,Mega Pyroar ex,Chaos Rising,015/086,pk_224b6293e922be8add72b79b268ddbf6f6fc29379b467a99d31202dcbaebbe3515564f23b11759256771b08b6831a9,Mega Pyroar ex - 015/086,CRI,Chaos Rising,0.48,0.13,125,,,,both,True,cache,set:name_exact+card:name_number
2026-10-02-202442,2026-10-02T18:24:42Z,35,24655,29,Ampharos,Chaos Rising,029/086,pk_8912572396bc175b9498b25dcc05ab149d7b85d6e8660f891cb7ae71d985887865c7cb398a2fcae7a4bd554c27d55e,Ampharos - 029/086,CRI,Chaos Rising,0.16,0.01,14.19,,,,both,True,cache,set:name_exact+card:name_number
2026-10-02-202442,2026-10-02T18:24:42Z,36,24655,29,Ampharos,Chaos Rising,029/086,pk_8912572396bc175b9498b25dcc05ab149d7b85d6e8660f891cb7ae71d985887865c7cb398a2fcae7a4bd554c27d55e,Ampharos - 029/086,CRI,Chaos Rising,0.16,0.01,14.19,,,,both,True,cache,set:name_exact+card:name_number
2026-10-02-202442,2026-10-02T18:24:42Z,42,24655,39,Trevenant,Chaos Rising,039/086,pk_aad6381922fcc3cbf9bbcd5247dbc22b3697208f336d6a279b7d7eff7c095ba5c75e52791d62240725542177161b50,Trevenant,CRI,Chaos Rising,0.13,0.01,14.12,,,,both,True,cache,set:name_exact+card:name_number
2026-10-02-202442,2026-10-02T18:24:42Z,44,24655,42,Xerneas,Chaos Rising,042/086,pk_2f6bd60362838c31140be07b64d2eb15545ce5adce40884309d9c05fed0be03494a579ff44e3976e6a849b1e24d3a4,Xerneas - 042/086,CRI,Chaos Rising,0.17,0.01,14.19,,,,both,True,cache,set:name_exact+card:name_number
2026-10-02-202442,2026-10-02T18:24:42Z,40,24655,51,Crobat,Chaos Rising,051/086,pk_9abd30c72116d9b09a1f81ea12d63a4d79189295c65f43f7d6649f7a8a68b65ca91cc8e56044c6d845409c2b8e9a4c,Crobat - 051/086,CRI,Chaos Rising,0.14,0.01,14.14,,,,both,True,cache,set:name_exact+card:name_number
2026-10-02-202442,2026-10-02T18:24:42Z,38,24655,7,Chesnaught,Chaos Rising,007/086,pk_57715dc09938ab68315ed4b1f8691cddd1f8707e4235d145a966e7501fc3894c06bbac4fb213eb4358b00d005dc0,Chesnaught,CRI,Chaos Rising,0.2,0.01,14.2,,,,both,True,cache,set:name_exact+card:name_number
2026-10-02-202442,2026-10-02T18:24:42Z,39,24655,73,Cinccino ex,Chaos Rising,073/086,pk_0559fdc21cd36726cfa912643828a288aaecf192123e3ee9a26db6df8264bf79de0593574b41adc20af694df9c71bf,Cinccino ex - 073/086,CRI,Chaos Rising,0.63,0.05,999.99,,,,both,True,cache,set:name_exact+card:name_number
2026-10-02-202442,2026-10-02T18:24:42Z,37,24655,84,Bubbly Water Energy,Chaos Rising,084/086,pk_f6bff30a1f8eb6a35ef87a3a15fed48a69cbbf1d9dc9688599595df98d521607f6a790b127555d02bd83ed501f6554,Bubbly W Energy,CRI,Chaos Rising,0.16,0.01,20,,,,both,True,cache,set:name_exact+card:set_number
2026-10-02-202442,2026-10-02T18:24:42Z,43,24655,91,Xerneas,Chaos Rising,091/086,pk_7f1a7f8dc703a55cc3dbe026bfa63e965a50d369e9621ab1c17a6310a310c614d8f8fc6357578bfe5a6da30962c829,Xerneas - 091/086,CRI,Chaos Rising,5.32,4,79.99,,,,both,True,cache,set:name_exact+card:name_number
2026-10-02-202442,2026-10-02T18:24:42Z,153,24688,107,Energy Switch,Pitch Black,107/084,pk_174b40e586b34a845403b8a3dc6833d0177b8b2dc45416e41440cb3af89eda8070707e460e930a3cd2ecee2342b7998c,Energy Switch,PBL,Pitch Black,2.06,1.05,22.49,,,,both,True,cache,set:name_exact+card:name_number
2026-10-02-202442,2026-10-02T18:24:42Z,154,24688,83,Shadowy Darkness Energy,Pitch Black,083/084,pk_ea680540faf273481e5584c300b5f805752b335a1cf1ba19313afb2b6a5cb40f4185a0982d1bdbfc87b3556139f3e5,Shadowy Darkness Energy,PBL,Pitch Black,0.16,0.01,44,,,,both,True,cache,set:name_exact+card:name_number
2026-10-02-202442,2026-10-02T18:24:42Z,155,24688,90,Slowbro,Pitch Black,090/084,pk_a0a77deb608aad78a2a90a81eac06fff9699e0e7d9eac861af4a7f7fbfca21fc3b1af30d60645f7999067dd2e30395,Slowbro - 090/084,PBL,Pitch Black,6.54,5.69,49.99,,,,both,True,cache,set:name_exact+card:name_number
2026-10-02-202442,2026-10-02T18:24:42Z,84,2906,218,Greedent VMAX,Fusion Strike,218/264,pk_96e44171d7d3b664d630be7c01bbf54eb7039a07d79558fdf417afdddf3eac621f7599ad764e326fdfa062f910596c,Greedent VMAX,SWSH08,SWSH08: Fusion Strike,1.45,0.75,49.99,,,,both,True,cache,set:name_suffix+card:name_number
2026-10-02-202442,2026-10-02T18:24:42Z,34,2931,76,M Rayquaza EX,Celebrations: Classic Collection,76/108,pk_43f54df40801d2a0f26a58c5b2d812283721022e96a87e8968b763f35ea56d9261d385e23e30f174559ab27b3f7c,M Rayquaza EX,CCC,Celebrations: Classic Collection,36.64,33.29,5000,,,,both,True,cache,set:name_exact+card:name_number
2026-10-02-202442,2026-10-02T18:24:42Z,33,2948,0,Psychic Energy (2022 Unnumbered),Brilliant Stars,,pk_c39006e1899502137dd1afdbe95f9ad83e3e3bf4006ec6c6c0ef526e8e06d7dd2bb0cf2f09f5cc2521,Brilliant Stars Booster Box,SWSH09,SWSH09: Brilliant Stars,569.81,524.01,5000,,,,tcgplayer,True,cache,set:name_suffix+card:set_number
2026-10-02-202442,2026-10-02T18:24:42Z,20,604,14,Raichu,Base Set (Unlimited),14,pk_f48f0fa08d7d86139bffba53364d2e8d72d66c897bc1a5ea82879cec61881d77b42530a230a012f0d110d94d,Raichu,BS,Base Set,67.47,43.3,392.64,,,,both,True,cache,set:name_exact+card:name_number
2026-10-02-202442,2026-10-02T18:24:42Z,11,604,20,Electabuzz,Base Set (Unlimited),20,pk_c3520f841b7feceb93a0e3346b9bcae004214b8c25c51e2bf51d35fd37a5a01ecec76078e0ff6a74b4c44458,Electabuzz,BS,Base Set,9.97,4.26,96.95,,,,both,True,cache,set:name_exact+card:name_number
2026-10-02-202442,2026-10-02T18:24:42Z,9,604,24,Charmeleon,Base Set (Unlimited),24,pk_63059498412d098576b08dc76b1928cb9f5f94c5d144fc3cb6a7434cf6edf080ccede894abf811b59693f4cd,Charmeleon,BS,Base Set,3.33,0.33,39.99,,,,both,True,cache,set:name_exact+card:name_number
2026-10-02-202442,2026-10-02T18:24:42Z,13,604,27,Farfetch'd,Base Set (Unlimited),27,pk_5026dc6e5fe4605ebf0f11f4a27033d39e9fa60e25cce4868d62da9877df92acda968e4300a3ecd274cab845,Farfetch'd,BS,Base Set,1.42,0.2,96.51,,,,both,True,cache,set:name_exact+card:name_number
2026-10-02-202442,2026-10-02T18:24:42Z,15,604,30,Ivysaur,Base Set (Unlimited),30,pk_f41e61e6d58662cfe5e61c8f2c084ca103cf6276933330c2a8fb2bad75b234ff921a4cb083385fbec4262b2b,Ivysaur,BS,Base Set,5.59,0.7,250,,,,both,True,cache,set:name_exact+card:name_number
2026-10-02-202442,2026-10-02T18:24:42Z,16,604,32,Kadabra,Base Set (Unlimited),32,pk_ce4f3dac65006043ae6bfcd894e752dc8f81e4ce38341ba89419ee69d510b088c665d7c1ed1806198d820c04,Kadabra,BS,Base Set,2.72,0.4,9999,,,,both,True,cache,set:name_exact+card:name_number
2026-10-02-202442,2026-10-02T18:24:42Z,10,604,48,Doduo,Base Set (Unlimited),48,pk_aad9c0422a7884cc8bdbbdc68c5b096d0f43e4c6c54de94d4b363444f04a8d43cdb46d014c0c74d6345e3ddf,Doduo,BS,Base Set,1.16,0.35,44.99,,,,both,True,cache,set:name_exact+card:name_number
2026-10-02-202442,2026-10-02T18:24:42Z,14,604,50,Gastly,Base Set (Unlimited),50,pk_bc79fe1ffab8c7b0c88d2640f76c92180961be567645a36a7d574cec4b138c9e24af7778f9119c300e6a0938,Gastly,BS,Base Set,1.22,0.11,20.6,,,,both,True,cache,set:name_exact+card:name_number
2026-10-02-202442,2026-10-02T18:24:42Z,17,604,55,Nidoran M,Base Set (Unlimited),55,pk_7d26c7ba9fdf1e8c9b3020c9aae40f2f7dbe5ec9786fbba5175767680b76acb258705e84a22364805eaf7954,Nidoran M,BS,Base Set,0.77,0.2,50,,,,both,True,cache,set:name_exact+card:name_number
2026-10-02-202442,2026-10-02T18:24:42Z,18,604,58,Pikachu,Base Set (Unlimited),58,pk_25f404f23fc742cedbecc9f124cd4ce940eae98f175f66f0199b55b6ef6712372e947bd568d7442b9cb43082,Pikachu,BS,Base Set,11.56,3.66,1000,,,,both,True,cache,set:name_exact+card:name_number
2026-10-02-202442,2026-10-02T18:24:42Z,19,604,59,Poliwag,Base Set (Unlimited),59,pk_f945e7d65b5134d135ce9f68bcbabfbc647e0cead6762814ea0fcdd71b17fdc9dcb6eb83c63b9ea56f9d6395,Poliwag,BS,Base Set,0.9,0.2,1500,,,,both,True,cache,set:name_exact+card:name_number
2026-10-02-202442,2026-10-02T18:24:42Z,12,604,81,Energy Retrieval,Base Set (Unlimited),81,pk_00b5dc543b178932c9fa2e714434bfd47060ff72e206017db203799a9b3b44c92858686710e4387c48aefe3d,Energy Retrieval,BS,Base Set,0.63,0.1,17.94,,,,both,True,cache,set:name_exact+card:name_number
2026-10-02-202442,2026-10-02T18:24:42Z,4,605,10,Mewtwo,Base Set 2,10,pk_1b7e570e10be97b3432489762909c6b4fae75deb5d4a62171c9e8f0e53cf5461ca105224c1b670a5d5bad4ca,Mewtwo,BS2,Base Set 2,103.56,47.99,680.84,,,,both,True,cache,set:name_exact+card:name_number
2026-10-02-202442,2026-10-02T18:24:42Z,3,605,69,Charmander,Base Set 2,69,pk_3bf1618e2dd102f9bed90065dec525c07e0b93d05c36dbe30b110bcab2eb3d7c997bbe84b3c01e806229dd9c,Charmander,BS2,Base Set 2,1.8,0.4,7,,,,both,True,cache,set:name_exact+card:name_number
2026-10-02-202442,2026-10-02T18:24:42Z,5,605,97,Venonat,Base Set 2,97,pk_ba7c59b82958296edc9a47f3e48acddd7eca64a1fb5b9eed6a2f4140a20a5aaaa7e487db6c1a8e3d15762ec5,Venonat,BS2,Base Set 2,1.17,0.29,29.8,,,,both,True,cache,set:name_exact+card:name_number
2026-10-02-202442,2026-10-02T18:24:42Z,102,635,20,Jolteon,Jungle,20,pk_461527c83f7a290bee7155a0b343b55dfcab32d41b02bb6d40ee319eec4064ef8669f2086fb6d78b045d234f,Jolteon (20),JU,Jungle,25.43,9,110,,,,both,True,cache,set:name_exact+card:name_number
2026-10-02-202442,2026-10-02T18:24:42Z,95,635,33,Butterfree,Jungle,33,pk_7d11d50a6d50847c77bd6823d254485585acd8a9c2e40d0cc6148bcd3acd7b480fba6ecd86f5d558759c03,Butterfree,JU,Jungle,1.86,0.37,30,,,,both,True,cache,set:name_exact+card:name_number
2026-10-02-202442,2026-10-02T18:24:42Z,98,635,36,Fearow,Jungle,36,pk_7e3a78e7e005eddf094729eaa73e441d78cebe7da414613e942119c74e0fd5b01ef817ccd9db0271c91167,Fearow,JU,Jungle,1.07,0.25,24.6,,,,both,True,cache,set:name_exact+card:name_number
2026-10-02-202442,2026-10-02T18:24:42Z,103,635,45,Rhydon,Jungle,45,pk_90c98b7b8dee6dc2e6ab93a853e288889d7f362464451e75c2208d78844dad2d7dec7300849d9381487269,Rhydon,JU,Jungle,10.66,4.07,96.95,,,,both,True,cache,set:name_exact+card:name_number
2026-10-02-202442,2026-10-02T18:24:42Z,105,635,48,Weepinbell,Jungle,48,pk_0e47420544a15eaa773e785d8827938dcdb514cd1937eb0d034abbc2192a86eb990aa794f3d79635bc51ce,Weepinbell,JU,Jungle,3.74,1,96.95,,,,both,True,cache,set:name_exact+card:name_number
2026-10-02-202442,2026-10-02T18:24:42Z,96,635,50,Cubone,Jungle,50,pk_8c13e61fad444fe18ddf721dee999050236fb0eceecf8cc2b331c0a4e6f8b2cd486955d58ebff6a1129f66,Cubone,JU,Jungle,13.23,3.5,96.95,,,,both,True,cache,set:name_exact+card:name_number
2026-10-02-202442,2026-10-02T18:24:42Z,97,635,52,Exeggcute,Jungle,52,pk_27e3f6859943ea1f8ad4c56dcaf539f4008f8e91966d17bc22f301ed9cc09e96b03c03d67313ebdab10847,Exeggcute,JU,Jungle,2.54,0.88,96.95,,,,both,True,cache,set:name_exact+card:name_number
2026-10-02-202442,2026-10-02T18:24:42Z,99,635,53,Goldeen,Jungle,53,pk_806c748371a08df608e2e5af4de74ae4e835596ec37678dab2b0c582b2b1f0a66471574d1687b6ed8be27e,Goldeen,JU,Jungle,0.46,0.14,15.32,,,,both,True,cache,set:name_exact+card:name_number
2026-10-02-202442,2026-10-02T18:24:42Z,100,635,54,Jigglypuff,Jungle,54,pk_d780213ed78195def48858d2d12e3eb1c489cc01581ff04cc21077dfa3681bdc048cd8b37a94b51452b8c0,Jigglypuff,JU,Jungle,7.17,2.96,96.95,,,,both,True,cache,set:name_exact+card:name_number
2026-10-02-202442,2026-10-02T18:24:42Z,104,635,61,Rhyhorn,Jungle,61,pk_2a33203e3fba2955abc3eb875171c776b475cac6e9a9d3820e714f06d66b38f444cd5d635351e2a09e4b28,Rhyhorn,JU,Jungle,2.71,0.88,96.95,,,,both,True,cache,set:name_exact+card:name_number
2026-10-02-202442,2026-10-02T18:24:42Z,85,-240,702,Captain Pikachu (Poke Ball Pattern) (CN),Gem Pack,0702/09,,,,,,,,,,,,False,miss,set:name_partial+card:none
2026-10-02-202442,2026-10-02T18:24:42Z,86,-242,103,Captain Pikachu (Star Reverse Holo) (CN),Gem Pack Vol. 5,0103/07,,,,,,,,,,,,False,miss,set:name_exact+card:none
2026-10-02-202442,2026-10-02T18:24:42Z,127,1396,8,Kingdra,Neo Genesis,8,,,,,,,,,,,,False,miss,set:name_exact+card:reject
2026-10-02-202442,2026-10-02T18:24:42Z,106,23722,43,Oddish (JP),Jungle (Japanese),043,,,,,,,,,,,,False,miss,set:name_suffix+card:none
2026-10-02-202442,2026-10-02T18:24:42Z,83,23723,97,Hypno (JP),Fossil (Japanese),097,,,,,,,,,,,,False,miss,set:name_suffix+card:none
2026-10-02-202442,2026-10-02T18:24:42Z,94,24175,91,Misty's Cloyster (JP),Hanada City Gym Deck,091,,,,,,,,,,,,False,miss,set:name_fuzzy+card:none
2026-10-02-202442,2026-10-02T18:24:42Z,8,604,1,Alakazam,Base Set (Unlimited),1,,,,,,,,,,,,False,miss,set:name_exact+card:reject
2026-10-02-202442,2026-10-02T18:24:42Z,101,635,4,Jolteon,Jungle,4,,,,,,,,,,,,False,miss,set:name_exact+card:reject
2026-10-02-202442,2026-10-02T18:24:42Z,6,,96,Drowzee (JP),Base Set (Japanese),096,,,,,,,,,,,,False,orphan,set:none
2026-10-02-202442,2026-10-02T18:24:42Z,7,,62,Poliwrath (JP),Base Set (Japanese),062,,,,,,,,,,,,False,orphan,set:none
2026-10-02-202442,2026-10-02T18:24:42Z,25,,53,Deoxys VMAX,Brave Stars (Charm),053/127,,,,,,,,,,,,False,orphan,set:none
2026-10-02-202442,2026-10-02T18:24:42Z,26,,19,Raichu V,Brave Stars (Charm),019/127,,,,,,,,,,,,False,orphan,set:none
2026-10-02-202442,2026-10-02T18:24:42Z,27,,129,Solrock,Brave Stars (Charm),129/127,,,,,,,,,,,,False,orphan,set:none
2026-10-02-202442,2026-10-02T18:24:42Z,28,,27,Zeraora V,Brave Stars (Charm),027/127,,,,,,,,,,,,False,orphan,set:none
2026-10-02-202442,2026-10-02T18:24:42Z,29,,113,Oranguru V,Brave Stars (Courage),113/128,,,,,,,,,,,,False,orphan,set:none
2026-10-02-202442,2026-10-02T18:24:42Z,30,,4,Radiant Venusaur,Brave Stars (Courage),004/128,,,,,,,,,,,,False,orphan,set:none
2026-10-02-202442,2026-10-02T18:24:42Z,31,,33,Serperior VSTAR,Brave Stars (Courage),033/128,,,,,,,,,,,,False,orphan,set:none
2026-10-02-202442,2026-10-02T18:24:42Z,87,,38,Blaine's Ninetales (JP),Gym Challenge (Japanese),038,,,,,,,,,,,,False,orphan,set:none
2026-10-02-202442,2026-10-02T18:24:42Z,93,,117,Misty's Seadra (JP),Gym Heroes (Japanese),117,,,,,,,,,,,,False,orphan,set:none
2026-10-02-202442,2026-10-02T18:24:42Z,131,,95,Onix (JP),Neo Genesis (Japanese),095,,,,,,,,,,,,False,orphan,set:none
2026-10-02-202442,2026-10-02T18:24:42Z,186,,60,Poliwag (JP),Vending Series 1 (Blue),060,,,,,,,,,,,,False,orphan,set:none
